// Generated by   : ImageConverter 565 Online
// Generated from : discord-logo-discord-logo-transparent-discord-icon-transparent-free-free-png.png
// Time generated : Tue, 18 Nov 25 09:04:45 +0100  (Server timezone: CET)
// Image Size     : 64x64 pixels
// Memory usage   : 8192 bytes


#if defined(__AVR__)
    #include <avr/pgmspace.h>
#elif defined(__PIC32MX__)
    #define PROGMEM
#elif defined(__arm__)
    #define PROGMEM
#endif

const uint16_t discord_logo[4096] PROGMEM={
0xFFFF, 0xFFFF, 0xFFFF, 0xFFFF, 0xFFFF, 0xFFFF, 0xFFFF, 0xFFFF, 0xFFFF, 0xFFFF, 0xFFFF, 0xFFFF, 0xFFFF, 0xFFFF, 0xFFFF, 0xFFFF,   // 0x0010 (16) pixels
0xFFFF, 0xFFFF, 0xFFFF, 0xFFFF, 0xFFFF, 0xFFFF, 0xFFFF, 0xFFFF, 0xFFFF, 0xFFFF, 0xFFFF, 0xFFFF, 0xFFFF, 0xFFFF, 0xFFFF, 0xFFFF,   // 0x0020 (32) pixels
0xFFFF, 0xFFFF, 0xFFFF, 0xFFFF, 0xFFFF, 0xFFFF, 0xFFFF, 0xFFFF, 0xFFFF, 0xFFFF, 0xFFFF, 0xFFFF, 0xFFFF, 0xFFFF, 0xFFFF, 0xFFFF,   // 0x0030 (48) pixels
0xFFFF, 0xFFFF, 0xFFFF, 0xFFFF, 0xFFFF, 0xFFFF, 0xFFFF, 0xFFFF, 0xFFFF, 0xFFFF, 0xFFFF, 0xFFFF, 0xFFFF, 0xFFFF, 0xFFFF, 0xFFFF,   // 0x0040 (64) pixels
0xFFFF, 0xFFFF, 0xFFFF, 0xFFFF, 0xFFFF, 0xFFFF, 0xFFFF, 0xFFFF, 0xFFFF, 0xFFFF, 0xFFFF, 0xFFFF, 0xFFFF, 0xFFFF, 0xFFFF, 0xFFFF,   // 0x0050 (80) pixels
0xFFFF, 0xFFFF, 0xFFFF, 0xFFFF, 0xFFFF, 0xFFFF, 0xFFFF, 0xFFFF, 0xFFFF, 0xFFFF, 0xFFFF, 0xFFFF, 0xFFFF, 0xFFFF, 0xFFFF, 0xFFFF,   // 0x0060 (96) pixels
0xFFFF, 0xFFFF, 0xFFFF, 0xFFFF, 0xFFFF, 0xFFFF, 0xFFFF, 0xFFFF, 0xFFFF, 0xFFFF, 0xFFFF, 0xFFFF, 0xFFFF, 0xFFFF, 0xFFFF, 0xFFFF,   // 0x0070 (112) pixels
0xFFFF, 0xFFFF, 0xFFFF, 0xFFFF, 0xFFFF, 0xFFFF, 0xFFFF, 0xFFFF, 0xFFFF, 0xFFFF, 0xFFFF, 0xFFFF, 0xFFFF, 0xFFFF, 0xFFFF, 0xFFFF,   // 0x0080 (128) pixels
0xFFFF, 0xFFFF, 0xFFFF, 0xFFFF, 0xFFFF, 0xFFFF, 0xFFFF, 0xFFFF, 0xFFFF, 0xFFFF, 0xFFFF, 0xFFFF, 0xFFFF, 0xFFFF, 0xFFFF, 0xFFFF,   // 0x0090 (144) pixels
0xFFFF, 0xFFFF, 0xFFFF, 0xFFFF, 0xFFFF, 0xFFFF, 0xFFFF, 0xFFFF, 0xFFFF, 0xFFFF, 0xFFFF, 0xFFFF, 0xFFFF, 0xFFFF, 0xFFFF, 0xFFFF,   // 0x00A0 (160) pixels
0xFFFF, 0xFFFF, 0xFFFF, 0xFFFF, 0xFFFF, 0xFFFF, 0xFFFF, 0xFFFF, 0xFFFF, 0xFFFF, 0xFFFF, 0xFFFF, 0xFFFF, 0xFFFF, 0xFFFF, 0xFFFF,   // 0x00B0 (176) pixels
0xFFFF, 0xFFFF, 0xFFFF, 0xFFFF, 0xFFFF, 0xFFFF, 0xFFFF, 0xFFFF, 0xFFFF, 0xFFFF, 0xFFFF, 0xFFFF, 0xFFFF, 0xFFFF, 0xFFFF, 0xFFFF,   // 0x00C0 (192) pixels
0xFFFF, 0xFFFF, 0xFFFF, 0xFFFF, 0xFFFF, 0xFFFF, 0xFFFF, 0xFFFF, 0xFFFF, 0xFFFF, 0xFFFF, 0xFFFF, 0xFFFF, 0xFFFF, 0xFFFF, 0xFFFF,   // 0x00D0 (208) pixels
0xFFFF, 0xFFFF, 0xFFFF, 0xFFFF, 0xFFFF, 0xFFFF, 0xFFFF, 0xFFFF, 0xFFFF, 0xFFFF, 0xFFFF, 0xFFFF, 0xFFFF, 0xFFFF, 0xFFFF, 0xFFFF,   // 0x00E0 (224) pixels
0xFFFF, 0xFFFF, 0xFFFF, 0xFFFF, 0xFFFF, 0xFFFF, 0xFFFF, 0xFFFF, 0xFFFF, 0xFFFF, 0xFFFF, 0xFFFF, 0xFFFF, 0xFFFF, 0xFFFF, 0xFFFF,   // 0x00F0 (240) pixels
0xFFFF, 0xFFFF, 0xFFFF, 0xFFFF, 0xFFFF, 0xFFFF, 0xFFFF, 0xFFFF, 0xFFFF, 0xFFFF, 0xFFFF, 0xFFFF, 0xFFFF, 0xFFFF, 0xFFFF, 0xFFFF,   // 0x0100 (256) pixels
0xFFFF, 0xFFFF, 0xFFFF, 0xFFFF, 0xFFFF, 0xFFFF, 0xFFFF, 0xFFFF, 0xFFFF, 0xFFFF, 0xFFFF, 0xFFFF, 0xFFFF, 0xFFFF, 0xFFFF, 0xFFFF,   // 0x0110 (272) pixels
0xFFFF, 0xFFFF, 0xFFFF, 0xFFFF, 0xFFFF, 0xFFFF, 0xFFFF, 0xFFFF, 0xFFFF, 0xFFFF, 0xFFFF, 0xFFFF, 0xFFFF, 0xFFFF, 0xFFFF, 0xFFFF,   // 0x0120 (288) pixels
0xFFFF, 0xFFFF, 0xFFFF, 0xFFFF, 0xFFFF, 0xFFFF, 0xFFFF, 0xFFFF, 0xFFFF, 0xFFFF, 0xFFFF, 0xFFFF, 0xFFFF, 0xFFFF, 0xFFFF, 0xFFFF,   // 0x0130 (304) pixels
0xFFFF, 0xFFFF, 0xFFFF, 0xFFFF, 0xFFFF, 0xFFFF, 0xFFFF, 0xFFFF, 0xFFFF, 0xFFFF, 0xFFFF, 0xFFFF, 0xFFFF, 0xFFFF, 0xFFFF, 0xFFFF,   // 0x0140 (320) pixels
0xFFFF, 0xFFFF, 0xFFFF, 0xFFFF, 0xFFFF, 0xFFFF, 0xFFFF, 0xFFFF, 0xFFFF, 0xFFFF, 0xFFFF, 0xFFFF, 0xFFFF, 0xFFFF, 0xFFFF, 0xFFFF,   // 0x0150 (336) pixels
0xFFFF, 0xFFFF, 0xFFFF, 0xFFFF, 0xFFFF, 0xFFFF, 0xFFFF, 0xFFFF, 0xFFFF, 0xFFFF, 0xFFFF, 0xFFFF, 0xFFFF, 0xFFFF, 0xFFFF, 0xFFFF,   // 0x0160 (352) pixels
0xFFFF, 0xFFFF, 0xFFFF, 0xFFFF, 0xFFFF, 0xFFFF, 0xFFFF, 0xFFFF, 0xFFFF, 0xFFFF, 0xFFFF, 0xFFFF, 0xFFFF, 0xFFFF, 0xFFFF, 0xFFFF,   // 0x0170 (368) pixels
0xFFFF, 0xFFFF, 0xFFFF, 0xFFFF, 0xFFFF, 0xFFFF, 0xFFFF, 0xFFFF, 0xFFFF, 0xFFFF, 0xFFFF, 0xFFFF, 0xFFFF, 0xFFFF, 0xFFFF, 0xFFFF,   // 0x0180 (384) pixels
0xFFFF, 0xFFFF, 0xFFFF, 0xFFFF, 0xFFFF, 0xFFFF, 0xFFFF, 0xFFFF, 0xFFFF, 0xFFFF, 0xFFFF, 0xFFFF, 0xFFFF, 0xFFFF, 0xFFFF, 0xFFFF,   // 0x0190 (400) pixels
0xFFFF, 0xFFFF, 0xFFFF, 0xFFFF, 0xFFFF, 0xFFFF, 0xFFFF, 0xFFFF, 0xFFFF, 0xFFFF, 0xFFFF, 0xFFFF, 0xFFFF, 0xFFFF, 0xFFFF, 0xFFFF,   // 0x01A0 (416) pixels
0xFFFF, 0xFFFF, 0xFFFF, 0xFFFF, 0xFFFF, 0xFFFF, 0xFFFF, 0xFFFF, 0xFFFF, 0xFFFF, 0xFFFF, 0xFFFF, 0xFFFF, 0xFFFF, 0xFFFF, 0xFFFF,   // 0x01B0 (432) pixels
0xFFFF, 0xFFFF, 0xFFFF, 0xFFFF, 0xFFFF, 0xFFFF, 0xFFFF, 0xFFFF, 0xFFFF, 0xFFFF, 0xFFFF, 0xFFFF, 0xFFFF, 0xFFFF, 0xFFFF, 0xFFFF,   // 0x01C0 (448) pixels
0xFFFF, 0xFFFF, 0xFFFF, 0xFFFF, 0xFFFF, 0xFFFF, 0xFFFF, 0xFFFF, 0xFFFF, 0xFFFF, 0xFFFF, 0xFFFF, 0xFFFF, 0xFFFF, 0xFFFF, 0xFFFF,   // 0x01D0 (464) pixels
0xFFFF, 0xFFFF, 0xFFFF, 0xFFFF, 0xFFFF, 0xFFFF, 0xFFFF, 0xFFFF, 0xFFFF, 0xFFFF, 0xFFFF, 0xFFFF, 0xFFFF, 0xFFFF, 0xFFFF, 0xFFFF,   // 0x01E0 (480) pixels
0xFFFF, 0xFFFF, 0xFFFF, 0xFFFF, 0xFFFF, 0xFFFF, 0xFFFF, 0xFFFF, 0xFFFF, 0xFFFF, 0xFFFF, 0xFFFF, 0xFFFF, 0xFFFF, 0xFFFF, 0xFFFF,   // 0x01F0 (496) pixels
0xFFFF, 0xFFFF, 0xFFFF, 0xFFFF, 0xFFFF, 0xFFFF, 0xFFFF, 0xFFFF, 0xFFFF, 0xFFFF, 0xFFFF, 0xFFFF, 0xFFFF, 0xFFFF, 0xFFFF, 0xFFFF,   // 0x0200 (512) pixels
0xFFFF, 0xFFFF, 0xFFFF, 0xFFFF, 0xFFFF, 0xFFFF, 0xFFFF, 0xFFFF, 0xFFFF, 0xFFFF, 0xFFFF, 0xFFFF, 0xFFFF, 0xFFFF, 0xFFFF, 0xFFFF,   // 0x0210 (528) pixels
0xFFFF, 0xFFFF, 0xFFFF, 0xFFFF, 0xFFFF, 0xFFFF, 0xFFFF, 0xFFFF, 0xFFFF, 0xFFFF, 0xFFFF, 0xFFFF, 0xFFFF, 0xFFFF, 0xFFFF, 0xFFFF,   // 0x0220 (544) pixels
0xFFFF, 0xFFFF, 0xFFFF, 0xFFFF, 0xFFFF, 0xFFFF, 0xFFFF, 0xFFFF, 0xFFFF, 0xFFFF, 0xFFFF, 0xFFFF, 0xFFFF, 0xFFFF, 0xFFFF, 0xFFFF,   // 0x0230 (560) pixels
0xFFFF, 0xFFFF, 0xFFFF, 0xFFFF, 0xFFFF, 0xFFFF, 0xFFFF, 0xFFFF, 0xFFFF, 0xFFFF, 0xFFFF, 0xFFFF, 0xFFFF, 0xFFFF, 0xFFFF, 0xFFFF,   // 0x0240 (576) pixels
0xFFFF, 0xFFFF, 0xFFFF, 0xFFFF, 0xFFFF, 0xFFFF, 0xFFFF, 0xFFFF, 0xFFFF, 0xFFFF, 0xFFFF, 0xFFFF, 0xFFFF, 0xFFFF, 0xFFFF, 0xFFFF,   // 0x0250 (592) pixels
0xFFFF, 0xFFFF, 0xFFFF, 0xFFFF, 0xFFFF, 0xFFFF, 0xFFFF, 0xFFFF, 0xFFFF, 0xFFFF, 0xFFFF, 0xFFFF, 0xFFFF, 0xFFFF, 0xFFFF, 0xFFFF,   // 0x0260 (608) pixels
0xFFFF, 0xFFFF, 0xFFFF, 0xFFFF, 0xFFFF, 0xFFFF, 0xFFFF, 0xFFFF, 0xFFFF, 0xFFFF, 0xFFFF, 0xFFFF, 0xFFFF, 0xFFFF, 0xFFFF, 0xFFFF,   // 0x0270 (624) pixels
0xFFFF, 0xFFFF, 0xFFFF, 0xFFFF, 0xFFFF, 0xFFFF, 0xFFFF, 0xFFFF, 0xFFFF, 0xFFFF, 0xFFFF, 0xFFFF, 0xFFFF, 0xFFFF, 0xFFFF, 0xFFFF,   // 0x0280 (640) pixels
0xFFFF, 0xFFFF, 0xFFFF, 0xFFFF, 0xFFFF, 0xFFFF, 0xFFFF, 0xFFFF, 0xFFFF, 0xFFFF, 0xFFFF, 0xFFFF, 0xFFFF, 0xFFFF, 0xFFFF, 0xFFFF,   // 0x0290 (656) pixels
0xFFFF, 0xFFFF, 0xFFFF, 0xFFFF, 0xFFFF, 0xFFFF, 0xFFFF, 0xFFFF, 0xFFFF, 0xFFFF, 0xFFFF, 0xFFFF, 0xFFFF, 0xFFFF, 0xFFFF, 0xFFFF,   // 0x02A0 (672) pixels
0xFFFF, 0xFFFF, 0xFFFF, 0xFFFF, 0xFFFF, 0xFFFF, 0xFFFF, 0xFFFF, 0xFFFF, 0xFFFF, 0xFFFF, 0xFFFF, 0xFFFF, 0xFFFF, 0xFFFF, 0xFFFF,   // 0x02B0 (688) pixels
0xFFFF, 0xFFFF, 0xFFFF, 0xFFFF, 0xFFFF, 0xFFFF, 0xFFFF, 0xFFFF, 0xFFFF, 0xFFFF, 0xFFFF, 0xFFFF, 0xFFFF, 0xFFFF, 0xFFFF, 0xFFFF,   // 0x02C0 (704) pixels
0xFFFF, 0xFFFF, 0xFFFF, 0xFFFF, 0xFFFF, 0xFFFF, 0xFFFF, 0xFFFF, 0xFFFF, 0xFFFF, 0xFFFF, 0xFFFF, 0xFFFF, 0xFFFF, 0xFFFF, 0xFFFF,   // 0x02D0 (720) pixels
0xFFFF, 0xFFFF, 0xFFFF, 0xFFFF, 0xFFFF, 0xFFFF, 0xFFFF, 0xFFFF, 0xFFFF, 0xFFFF, 0xFFFF, 0xFFFF, 0xFFFF, 0xFFFF, 0xFFFF, 0xFFFF,   // 0x02E0 (736) pixels
0xFFFF, 0xFFFF, 0xFFFF, 0xFFFF, 0xFFFF, 0xFFFF, 0xFFFF, 0xFFFF, 0xFFFF, 0xFFFF, 0xFFFF, 0xFFFF, 0xFFFF, 0xFFFF, 0xFFFF, 0xFFFF,   // 0x02F0 (752) pixels
0xFFFF, 0xFFFF, 0xFFFF, 0xFFFF, 0xFFFF, 0xFFFF, 0xFFFF, 0xFFFF, 0xFFFF, 0xFFFF, 0xFFFF, 0xFFFF, 0xFFFF, 0xFFFF, 0xFFFF, 0xFFFF,   // 0x0300 (768) pixels
0xFFFF, 0xFFFF, 0xFFFF, 0xFFFF, 0xFFFF, 0xFFFF, 0xFFFF, 0xFFFF, 0xFFFF, 0xFFFF, 0xFFFF, 0xFFFF, 0xFFFF, 0xFFFF, 0xFFFF, 0xFFFF,   // 0x0310 (784) pixels
0xFFFF, 0xFFFF, 0xFFFF, 0x20A0, 0x6A62, 0x9BA3, 0xC464, 0xDD04, 0xB403, 0xFFFF, 0xFFFF, 0xFFFF, 0xFFFF, 0xFFFF, 0xFFFF, 0xFFFF,   // 0x0320 (800) pixels
0xFFFF, 0xFFFF, 0xFFFF, 0xFFFF, 0xFFFF, 0xFFFF, 0xFFFF, 0x7282, 0xDCE4, 0xD4C4, 0xB424, 0x8B23, 0x49A1, 0x0820, 0xFFFF, 0xFFFF,   // 0x0330 (816) pixels
0xFFFF, 0xFFFF, 0xFFFF, 0xFFFF, 0xFFFF, 0xFFFF, 0xFFFF, 0xFFFF, 0xFFFF, 0xFFFF, 0xFFFF, 0xFFFF, 0xFFFF, 0xFFFF, 0xFFFF, 0xFFFF,   // 0x0340 (832) pixels
0xFFFF, 0xFFFF, 0xFFFF, 0xFFFF, 0xFFFF, 0xFFFF, 0xFFFF, 0xFFFF, 0xFFFF, 0xFFFF, 0xFFFF, 0xFFFF, 0xFFFF, 0xFFFF, 0xFFFF, 0xFFFF,   // 0x0350 (848) pixels
0x1060, 0x10B0, 0xCCA4, 0xF585, 0xF585, 0xDD04, 0x7AC2, 0x2901, 0xFFFF, 0xFFFF, 0xFFFF, 0xFFFF, 0xFFFF, 0xFFFF, 0xFFFF, 0xFFFF,   // 0x0360 (864) pixels
0xFFFF, 0xFFFF, 0xFFFF, 0xFFFF, 0xFFFF, 0xFFFF, 0xFFFF, 0x0020, 0x3961, 0x9363, 0xED45, 0xF585, 0xF585, 0xE545, 0xB403, 0x51E1,   // 0x0370 (880) pixels
0x0020, 0xFFFF, 0xFFFF, 0xFFFF, 0xFFFF, 0xFFFF, 0xFFFF, 0xFFFF, 0xFFFF, 0xFFFF, 0xFFFF, 0xFFFF, 0xFFFF, 0xFFFF, 0xFFFF, 0xFFFF,   // 0x0380 (896) pixels
0xFFFF, 0xFFFF, 0xFFFF, 0xFFFF, 0xFFFF, 0xFFFF, 0xFFFF, 0xFFFF, 0xFFFF, 0xFFFF, 0xFFFF, 0xFFFF, 0xFFFF, 0xFFFF, 0x20C0, 0xA3A3,   // 0x0390 (912) pixels
0xED65, 0xF585, 0xF585, 0xB403, 0x4181, 0xFFFF, 0xFFFF, 0x1060, 0x49C1, 0x7282, 0x9363, 0xA3C3, 0xBC44, 0xCCA4, 0xDD04, 0xDD04,   // 0x03A0 (928) pixels
0xDD04, 0xDD04, 0xDD04, 0xC484, 0xB424, 0x9BA3, 0x10B0, 0x49C1, 0x1060, 0xFFFF, 0x1060, 0x5A22, 0xCCC4, 0xF585, 0xF585, 0xF585,   // 0x03B0 (944) pixels
0xD4C4, 0x7AC2, 0x0840, 0xFFFF, 0xFFFF, 0xFFFF, 0xFFFF, 0xFFFF, 0xFFFF, 0xFFFF, 0xFFFF, 0xFFFF, 0xFFFF, 0xFFFF, 0xFFFF, 0xFFFF,   // 0x03C0 (960) pixels
0xFFFF, 0xFFFF, 0xFFFF, 0xFFFF, 0xFFFF, 0xFFFF, 0xFFFF, 0xFFFF, 0xFFFF, 0xFFFF, 0xFFFF, 0xFFFF, 0x0020, 0x8B23, 0xED65, 0xF585,   // 0x03D0 (976) pixels
0xF585, 0x9BA3, 0x28E0, 0x1060, 0x6242, 0xABE3, 0xDCE4, 0xF585, 0xF585, 0xF585, 0xF585, 0xF585, 0xF585, 0xF585, 0xF585, 0xF585,   // 0x03E0 (992) pixels
0xF585, 0xF585, 0xF585, 0xF585, 0xF585, 0xF585, 0xF585, 0xF585, 0xF585, 0xD4E4, 0x9BA3, 0x5A01, 0x1060, 0x49A1, 0xC464, 0xF585,   // 0x03F0 (1008) pixels
0xF585, 0xF585, 0xD4E4, 0x5A01, 0xFFFF, 0xFFFF, 0xFFFF, 0xFFFF, 0xFFFF, 0xFFFF, 0xFFFF, 0xFFFF, 0xFFFF, 0xFFFF, 0xFFFF, 0xFFFF,   // 0x0400 (1024) pixels
0xFFFF, 0xFFFF, 0xFFFF, 0xFFFF, 0xFFFF, 0xFFFF, 0xFFFF, 0xFFFF, 0xFFFF, 0xFFFF, 0xFFFF, 0x3961, 0xD4E4, 0xF585, 0xF585, 0xBC64,   // 0x0410 (1040) pixels
0x4161, 0x6262, 0xBC44, 0xED85, 0xF585, 0xF585, 0xF585, 0xF585, 0xF585, 0xF585, 0xF585, 0xF585, 0xF585, 0xF585, 0xF585, 0xF585,   // 0x0420 (1056) pixels
0xF585, 0xF585, 0xF585, 0xF585, 0xF585, 0xF585, 0xF585, 0xF585, 0xF585, 0xF585, 0xF585, 0xF585, 0xE545, 0xB403, 0x5A22, 0x6242,   // 0x0430 (1072) pixels
0xDCE4, 0xF585, 0xF585, 0xF585, 0xAC03, 0x1880, 0xFFFF, 0xFFFF, 0xFFFF, 0xFFFF, 0xFFFF, 0xFFFF, 0xFFFF, 0xFFFF, 0xFFFF, 0xFFFF,   // 0x0440 (1088) pixels
0xFFFF, 0xFFFF, 0xFFFF, 0xFFFF, 0xFFFF, 0xFFFF, 0xFFFF, 0xFFFF, 0xFFFF, 0xFFFF, 0x28E0, 0xED85, 0xF585, 0xED85, 0x8B23, 0x9BA3,   // 0x0450 (1104) pixels
0xE545, 0xF585, 0xF585, 0xF585, 0xF585, 0xF585, 0xF585, 0xF585, 0xF585, 0xF585, 0xF585, 0xF585, 0xF585, 0xF585, 0xF585, 0xF585,   // 0x0460 (1120) pixels
0xF585, 0xF585, 0xF585, 0xF585, 0xF585, 0xF585, 0xF585, 0xF585, 0xF585, 0xF585, 0xF585, 0xF585, 0xF585, 0xF585, 0xF585, 0xDCE4,   // 0x0470 (1136) pixels
0x9363, 0x9B83, 0xED85, 0xF585, 0xF585, 0xC464, 0x0840, 0xFFFF, 0xFFFF, 0xFFFF, 0xFFFF, 0xFFFF, 0xFFFF, 0xFFFF, 0xFFFF, 0xFFFF,   // 0x0480 (1152) pixels
0xFFFF, 0xFFFF, 0xFFFF, 0xFFFF, 0xFFFF, 0xFFFF, 0xFFFF, 0xFFFF, 0xFFFF, 0xFFFF, 0x9BA3, 0xF585, 0xF585, 0xCCC4, 0xED85, 0xF585,   // 0x0490 (1168) pixels
0xF585, 0xF585, 0xF585, 0xF585, 0xF585, 0xF585, 0xF585, 0xF585, 0xF585, 0xF585, 0xF585, 0xF585, 0xF585, 0xF585, 0xF585, 0xF585,   // 0x04A0 (1184) pixels
0xF585, 0xF585, 0xF585, 0xF585, 0xF585, 0xF585, 0xF585, 0xF585, 0xF585, 0xF585, 0xF585, 0xF585, 0xF585, 0xF585, 0xF585, 0xF585,   // 0x04B0 (1200) pixels
0xF585, 0xED65, 0xE524, 0xF585, 0xF585, 0xF585, 0x49C1, 0xFFFF, 0xFFFF, 0xFFFF, 0xFFFF, 0xFFFF, 0xFFFF, 0xFFFF, 0xFFFF, 0xFFFF,   // 0x04C0 (1216) pixels
0xFFFF, 0xFFFF, 0xFFFF, 0xFFFF, 0xFFFF, 0xFFFF, 0xFFFF, 0xFFFF, 0xFFFF, 0x20E0, 0xF585, 0xF585, 0xF585, 0xF585, 0xF585, 0xF585,   // 0x04D0 (1232) pixels
0xF585, 0xF585, 0xF585, 0xF585, 0xF585, 0xF585, 0xF585, 0xF585, 0xF585, 0xF585, 0xF585, 0xF585, 0xF585, 0xF585, 0xF585, 0xF585,   // 0x04E0 (1248) pixels
0xF585, 0xF585, 0xF585, 0xF585, 0xF585, 0xF585, 0xF585, 0xF585, 0xF585, 0xF585, 0xF585, 0xF585, 0xF585, 0xF585, 0xF585, 0xF585,   // 0x04F0 (1264) pixels
0xF585, 0xF585, 0xF585, 0xF585, 0xF585, 0xF585, 0xC484, 0x0820, 0xFFFF, 0xFFFF, 0xFFFF, 0xFFFF, 0xFFFF, 0xFFFF, 0xFFFF, 0xFFFF,   // 0x0500 (1280) pixels
0xFFFF, 0xFFFF, 0xFFFF, 0xFFFF, 0xFFFF, 0xFFFF, 0xFFFF, 0xFFFF, 0xFFFF, 0x8302, 0xF585, 0xF585, 0xF585, 0xF585, 0xF585, 0xF585,   // 0x0510 (1296) pixels
0xF585, 0xF585, 0xF585, 0xF585, 0xF585, 0xF585, 0xF585, 0xF585, 0xF585, 0xF585, 0xF585, 0xF585, 0xF585, 0xF585, 0xF585, 0xF585,   // 0x0520 (1312) pixels
0xF585, 0xF585, 0xF585, 0xF585, 0xF585, 0xF585, 0xF585, 0xF585, 0xF585, 0xF585, 0xF585, 0xF585, 0xF585, 0xF585, 0xF585, 0xF585,   // 0x0530 (1328) pixels
0xF585, 0xF585, 0xF585, 0xF585, 0xF585, 0xF585, 0xED85, 0x3941, 0xFFFF, 0xFFFF, 0xFFFF, 0xFFFF, 0xFFFF, 0xFFFF, 0xFFFF, 0xFFFF,   // 0x0540 (1344) pixels
0xFFFF, 0xFFFF, 0xFFFF, 0xFFFF, 0xFFFF, 0xFFFF, 0xFFFF, 0xFFFF, 0x0820, 0xE545, 0xF585, 0xF585, 0xF585, 0xF585, 0xF585, 0xF585,   // 0x0550 (1360) pixels
0xF585, 0xF585, 0xF585, 0xF585, 0xF585, 0xF585, 0xF585, 0xF585, 0xF585, 0xF585, 0xF585, 0xF585, 0xF585, 0xF585, 0xF585, 0xF585,   // 0x0560 (1376) pixels
0xF585, 0xF585, 0xF585, 0xF585, 0xF585, 0xF585, 0xF585, 0xF585, 0xF585, 0xF585, 0xF585, 0xF585, 0xF585, 0xF585, 0xF585, 0xF585,   // 0x0570 (1392) pixels
0xF585, 0xF585, 0xF585, 0xF585, 0xF585, 0xF585, 0xF585, 0x9BA3, 0xFFFF, 0xFFFF, 0xFFFF, 0xFFFF, 0xFFFF, 0xFFFF, 0xFFFF, 0xFFFF,   // 0x0580 (1408) pixels
0xFFFF, 0xFFFF, 0xFFFF, 0xFFFF, 0xFFFF, 0xFFFF, 0xFFFF, 0xFFFF, 0x5A01, 0xF585, 0xF585, 0xF585, 0xF585, 0xF585, 0xF585, 0xF585,   // 0x0590 (1424) pixels
0xF585, 0xF585, 0xF585, 0xF585, 0xF585, 0xF585, 0xF585, 0xF585, 0xF585, 0xF585, 0xF585, 0xF585, 0xF585, 0xF585, 0xF585, 0xF585,   // 0x05A0 (1440) pixels
0xF585, 0xF585, 0xF585, 0xF585, 0xF585, 0xF585, 0xF585, 0xF585, 0xF585, 0xF585, 0xF585, 0xF585, 0xF585, 0xF585, 0xF585, 0xF585,   // 0x05B0 (1456) pixels
0xF585, 0xF585, 0xF585, 0xF585, 0xF585, 0xF585, 0xF585, 0xE524, 0x18A0, 0xFFFF, 0xFFFF, 0xFFFF, 0xFFFF, 0xFFFF, 0xFFFF, 0xFFFF,   // 0x05C0 (1472) pixels
0xFFFF, 0xFFFF, 0xFFFF, 0xFFFF, 0xFFFF, 0xFFFF, 0xFFFF, 0xFFFF, 0xB424, 0xF585, 0xF585, 0xF585, 0xF585, 0xF585, 0xF585, 0xF585,   // 0x05D0 (1488) pixels
0xF585, 0xF585, 0xF585, 0xF585, 0xF585, 0xF585, 0xF585, 0xF585, 0xF585, 0xF585, 0xF585, 0xF585, 0xF585, 0xF585, 0xF585, 0xF585,   // 0x05E0 (1504) pixels
0xF585, 0xF585, 0xF585, 0xF585, 0xF585, 0xF585, 0xF585, 0xF585, 0xF585, 0xF585, 0xF585, 0xF585, 0xF585, 0xF585, 0xF585, 0xF585,   // 0x05F0 (1520) pixels
0xF585, 0xF585, 0xF585, 0xF585, 0xF585, 0xF585, 0xF585, 0xF585, 0x5A02, 0xFFFF, 0xFFFF, 0xFFFF, 0xFFFF, 0xFFFF, 0xFFFF, 0xFFFF,   // 0x0600 (1536) pixels
0xFFFF, 0xFFFF, 0xFFFF, 0xFFFF, 0xFFFF, 0xFFFF, 0xFFFF, 0x20E0, 0xF585, 0xF585, 0xF585, 0xF585, 0xF585, 0xF585, 0xF585, 0xF585,   // 0x0610 (1552) pixels
0xF585, 0xF585, 0xF585, 0xF585, 0xF585, 0xF585, 0xF585, 0xF585, 0xF585, 0xF585, 0xF585, 0xF585, 0xF585, 0xF585, 0xF585, 0xF585,   // 0x0620 (1568) pixels
0xF585, 0xF585, 0xF585, 0xF585, 0xF585, 0xF585, 0xF585, 0xF585, 0xF585, 0xF585, 0xF585, 0xF585, 0xF585, 0xF585, 0xF585, 0xF585,   // 0x0630 (1584) pixels
0xF585, 0xF585, 0xF585, 0xF585, 0xF585, 0xF585, 0xF585, 0xF585, 0xC484, 0x0820, 0xFFFF, 0xFFFF, 0xFFFF, 0xFFFF, 0xFFFF, 0xFFFF,   // 0x0640 (1600) pixels
0xFFFF, 0xFFFF, 0xFFFF, 0xFFFF, 0xFFFF, 0xFFFF, 0xFFFF, 0x6242, 0xF585, 0xF585, 0xF585, 0xF585, 0xF585, 0xF585, 0xF585, 0xF585,   // 0x0650 (1616) pixels
0xF585, 0xF585, 0xF585, 0xF585, 0xF585, 0xF585, 0xF585, 0xF585, 0xF585, 0xF585, 0xF585, 0xF585, 0xF585, 0xF585, 0xF585, 0xF585,   // 0x0660 (1632) pixels
0xF585, 0xF585, 0xF585, 0xF585, 0xF585, 0xF585, 0xF585, 0xF585, 0xF585, 0xF585, 0xF585, 0xF585, 0xF585, 0xF585, 0xF585, 0xF585,   // 0x0670 (1648) pixels
0xF585, 0xF585, 0xF585, 0xF585, 0xF585, 0xF585, 0xF585, 0xF585, 0xE545, 0x20C0, 0xFFFF, 0xFFFF, 0xFFFF, 0xFFFF, 0xFFFF, 0xFFFF,   // 0x0680 (1664) pixels
0xFFFF, 0xFFFF, 0xFFFF, 0xFFFF, 0xFFFF, 0xFFFF, 0xFFFF, 0xCCC4, 0xF585, 0xF585, 0xF585, 0xF585, 0xF585, 0xF585, 0xF585, 0xF585,   // 0x0690 (1680) pixels
0xF585, 0xF585, 0xF585, 0xF585, 0xF585, 0xF585, 0xF585, 0xF585, 0xF585, 0xF585, 0xF585, 0xF585, 0xF585, 0xF585, 0xF585, 0xF585,   // 0x06A0 (1696) pixels
0xF585, 0xF585, 0xF585, 0xF585, 0xF585, 0xF585, 0xF585, 0xF585, 0xF585, 0xF585, 0xF585, 0xF585, 0xF585, 0xF585, 0xF585, 0xF585,   // 0x06B0 (1712) pixels
0xF585, 0xF585, 0xF585, 0xF585, 0xF585, 0xF585, 0xF585, 0xF585, 0xF585, 0x7AC2, 0xFFFF, 0xFFFF, 0xFFFF, 0xFFFF, 0xFFFF, 0xFFFF,   // 0x06C0 (1728) pixels
0xFFFF, 0xFFFF, 0xFFFF, 0xFFFF, 0xFFFF, 0xFFFF, 0x1880, 0xF585, 0xF585, 0xF585, 0xF585, 0xF585, 0xF585, 0xF585, 0xF585, 0xF585,   // 0x06D0 (1744) pixels
0xF585, 0xF585, 0xF585, 0xF585, 0xF585, 0xF585, 0xF585, 0xF585, 0xF585, 0xF585, 0xF585, 0xF585, 0xF585, 0xF585, 0xF585, 0xF585,   // 0x06E0 (1760) pixels
0xF585, 0xF585, 0xF585, 0xF585, 0xF585, 0xF585, 0xF585, 0xF585, 0xF585, 0xF585, 0xF585, 0xF585, 0xF585, 0xF585, 0xF585, 0xF585,   // 0x06F0 (1776) pixels
0xF585, 0xF585, 0xF585, 0xF585, 0xF585, 0xF585, 0xF585, 0xF585, 0xF585, 0xBC44, 0xFFFF, 0xFFFF, 0xFFFF, 0xFFFF, 0xFFFF, 0xFFFF,   // 0x0700 (1792) pixels
0xFFFF, 0xFFFF, 0xFFFF, 0xFFFF, 0xFFFF, 0xFFFF, 0x5A22, 0xF585, 0xF585, 0xF585, 0xF585, 0xF585, 0xF585, 0xF585, 0xF585, 0xF585,   // 0x0710 (1808) pixels
0xF585, 0xF585, 0xF585, 0xF585, 0xF585, 0xF585, 0xF585, 0xF585, 0xF585, 0xF585, 0xF585, 0xF585, 0xF585, 0xF585, 0xF585, 0xF585,   // 0x0720 (1824) pixels
0xF585, 0xF585, 0xF585, 0xF585, 0xF585, 0xF585, 0xF585, 0xF585, 0xF585, 0xF585, 0xF585, 0xF585, 0xF585, 0xF585, 0xF585, 0xF585,   // 0x0730 (1840) pixels
0xF585, 0xF585, 0xF585, 0xF585, 0xF585, 0xF585, 0xF585, 0xF585, 0xF585, 0xE525, 0x20A0, 0xFFFF, 0xFFFF, 0xFFFF, 0xFFFF, 0xFFFF,   // 0x0740 (1856) pixels
0xFFFF, 0xFFFF, 0xFFFF, 0xFFFF, 0xFFFF, 0xFFFF, 0xA3A3, 0xF585, 0xF585, 0xF585, 0xF585, 0xF585, 0xF585, 0xF585, 0xF585, 0xF585,   // 0x0750 (1872) pixels
0xF585, 0xF585, 0xF585, 0xF585, 0xF585, 0xF585, 0xF585, 0xF585, 0xF585, 0xF585, 0xF585, 0xF585, 0xF585, 0xF585, 0xF585, 0xF585,   // 0x0760 (1888) pixels
0xF585, 0xF585, 0xF585, 0xF585, 0xF585, 0xF585, 0xF585, 0xF5A5, 0xF5C7, 0xF5A6, 0xF585, 0xF585, 0xF585, 0xF585, 0xF585, 0xF585,   // 0x0770 (1904) pixels
0xF585, 0xF585, 0xF585, 0xF585, 0xF585, 0xF585, 0xF585, 0xF585, 0xF585, 0xF585, 0x49C1, 0xFFFF, 0xFFFF, 0xFFFF, 0xFFFF, 0xFFFF,   // 0x0780 (1920) pixels
0xFFFF, 0xFFFF, 0xFFFF, 0xFFFF, 0xFFFF, 0x0020, 0xED65, 0xF585, 0xF585, 0xF585, 0xF585, 0xF585, 0xF585, 0xF585, 0xF585, 0xF585,   // 0x0790 (1936) pixels
0xF585, 0xF585, 0xF585, 0xF585, 0xF5C8, 0xFF36, 0xFFDD, 0xFFFF, 0xFFBD, 0xFF15, 0xF5A6, 0xF585, 0xF585, 0xF585, 0xF585, 0xF585,   // 0x07A0 (1952) pixels
0xF585, 0xF585, 0xF585, 0xF585, 0xF585, 0xF5E8, 0xFF36, 0xFFDE, 0xFFFF, 0xFFFF, 0xFF7A, 0xF62C, 0xF585, 0xF585, 0xF585, 0xF585,   // 0x07B0 (1968) pixels
0xF585, 0xF585, 0xF585, 0xF585, 0xF585, 0xF585, 0xF585, 0xF585, 0xF585, 0xF585, 0xA3A3, 0xFFFF, 0xFFFF, 0xFFFF, 0xFFFF, 0xFFFF,   // 0x07C0 (1984) pixels
0xFFFF, 0xFFFF, 0xFFFF, 0xFFFF, 0xFFFF, 0x2901, 0xF585, 0xF585, 0xF585, 0xF585, 0xF585, 0xF585, 0xF585, 0xF585, 0xF585, 0xF585,   // 0x07D0 (2000) pixels
0xF585, 0xF585, 0xF585, 0xF5E8, 0xFFBD, 0xFFFF, 0xFFFF, 0xFFFF, 0xFFFF, 0xFFFF, 0xFF9A, 0xF5E9, 0xF585, 0xF585, 0xF585, 0xF585,   // 0x07E0 (2016) pixels
0xF585, 0xF585, 0xF585, 0xF585, 0xF5E8, 0xFF7A, 0xFFFF, 0xFFFF, 0xFFFF, 0xFFFF, 0xFFFF, 0xFFDE, 0xF64D, 0xF585, 0xF585, 0xF585,   // 0x07F0 (2032) pixels
0xF585, 0xF585, 0xF585, 0xF585, 0xF585, 0xF585, 0xF585, 0xF585, 0xF585, 0xF585, 0xCCC4, 0x0840, 0xFFFF, 0xFFFF, 0xFFFF, 0xFFFF,   // 0x0800 (2048) pixels
0xFFFF, 0xFFFF, 0xFFFF, 0xFFFF, 0xFFFF, 0x5A22, 0xF585, 0xF585, 0xF585, 0xF585, 0xF585, 0xF585, 0xF585, 0xF585, 0xF585, 0xF585,   // 0x0810 (2064) pixels
0xF585, 0xF585, 0xF5A6, 0xFFBC, 0xFFFF, 0xFFFF, 0xFFFF, 0xFFFF, 0xFFFF, 0xFFFF, 0xFFFF, 0xFF79, 0xF5C7, 0xF585, 0xF585, 0xF585,   // 0x0820 (2080) pixels
0xF585, 0xF585, 0xF585, 0xF5A5, 0xFF58, 0xFFFF, 0xFFFF, 0xFFFF, 0xFFFF, 0xFFFF, 0xFFFF, 0xFFFF, 0xFFBD, 0xF5E9, 0xF585, 0xF585,   // 0x0830 (2096) pixels
0xF585, 0xF585, 0xF585, 0xF585, 0xF585, 0xF585, 0xF585, 0xF585, 0xF585, 0xF585, 0xE545, 0x20C0, 0xFFFF, 0xFFFF, 0xFFFF, 0xFFFF,   // 0x0840 (2112) pixels
0xFFFF, 0xFFFF, 0xFFFF, 0xFFFF, 0xFFFF, 0x9363, 0xF585, 0xF585, 0xF585, 0xF585, 0xF585, 0xF585, 0xF585, 0xF585, 0xF585, 0xF585,   // 0x0850 (2128) pixels
0xF585, 0xF585, 0xF64D, 0xFFFF, 0xFFFF, 0xFFFF, 0xFFFF, 0xFFFF, 0xFFFF, 0xFFFF, 0xFFFF, 0xFFFF, 0xF64D, 0xF585, 0xF585, 0xF585,   // 0x0860 (2144) pixels
0xF585, 0xF585, 0xF585, 0xF62B, 0xFFDD, 0xFFFF, 0xFFFF, 0xFFFF, 0xFFFF, 0xFFFF, 0xFFFF, 0xFFFF, 0xFFFF, 0xFEB0, 0xF585, 0xF585,   // 0x0870 (2160) pixels
0xF585, 0xF585, 0xF585, 0xF585, 0xF585, 0xF585, 0xF585, 0xF585, 0xF585, 0xF585, 0xF585, 0x3961, 0xFFFF, 0xFFFF, 0xFFFF, 0xFFFF,   // 0x0880 (2176) pixels
0xFFFF, 0xFFFF, 0xFFFF, 0xFFFF, 0xFFFF, 0xD4E4, 0xF585, 0xF585, 0xF585, 0xF585, 0xF585, 0xF585, 0xF585, 0xF585, 0xF585, 0xF585,   // 0x0890 (2192) pixels
0xF585, 0xF585, 0xFF15, 0xFFFF, 0xFFFF, 0xFFFF, 0xFFFF, 0xFFFF, 0xFFFF, 0xFFFF, 0xFFFF, 0xFFFF, 0xFED3, 0xF585, 0xF585, 0xF585,   // 0x08A0 (2208) pixels
0xF585, 0xF585, 0xF585, 0xFEB1, 0xFFFF, 0xFFFF, 0xFFFF, 0xFFFF, 0xFFFF, 0xFFFF, 0xFFFF, 0xFFFF, 0xFFFF, 0xFF36, 0xF5A6, 0xF585,   // 0x08B0 (2224) pixels
0xF585, 0xF585, 0xF585, 0xF585, 0xF585, 0xF585, 0xF585, 0xF585, 0xF585, 0xF585, 0xF585, 0x10B0, 0xFFFF, 0xFFFF, 0xFFFF, 0xFFFF,   // 0x08C0 (2240) pixels
0xFFFF, 0xFFFF, 0xFFFF, 0xFFFF, 0x0820, 0xF585, 0xF585, 0xF585, 0xF585, 0xF585, 0xF585, 0xF585, 0xF585, 0xF585, 0xF585, 0xF585,   // 0x08D0 (2256) pixels
0xF585, 0xF585, 0xFF57, 0xFFFF, 0xFFFF, 0xFFFF, 0xFFFF, 0xFFFF, 0xFFFF, 0xFFFF, 0xFFFF, 0xFFFF, 0xFF15, 0xF585, 0xF585, 0xF585,   // 0x08E0 (2272) pixels
0xF585, 0xF585, 0xF585, 0xFED2, 0xFFFF, 0xFFFF, 0xFFFF, 0xFFFF, 0xFFFF, 0xFFFF, 0xFFFF, 0xFFFF, 0xFFFF, 0xFF57, 0xF5A6, 0xF585,   // 0x08F0 (2288) pixels
0xF585, 0xF585, 0xF585, 0xF585, 0xF585, 0xF585, 0xF585, 0xF585, 0xF585, 0xF585, 0xF585, 0xABE3, 0xFFFF, 0xFFFF, 0xFFFF, 0xFFFF,   // 0x0900 (2304) pixels
0xFFFF, 0xFFFF, 0xFFFF, 0xFFFF, 0x2900, 0xF585, 0xF585, 0xF585, 0xF585, 0xF585, 0xF585, 0xF585, 0xF585, 0xF585, 0xF585, 0xF585,   // 0x0910 (2320) pixels
0xF585, 0xF585, 0xFEF4, 0xFFFF, 0xFFFF, 0xFFFF, 0xFFFF, 0xFFFF, 0xFFFF, 0xFFFF, 0xFFFF, 0xFFFF, 0xFED3, 0xF585, 0xF585, 0xF585,   // 0x0920 (2336) pixels
0xF585, 0xF585, 0xF585, 0xFE8F, 0xFFFF, 0xFFFF, 0xFFFF, 0xFFFF, 0xFFFF, 0xFFFF, 0xFFFF, 0xFFFF, 0xFFFF, 0xFF15, 0xF5A5, 0xF585,   // 0x0930 (2352) pixels
0xF585, 0xF585, 0xF585, 0xF585, 0xF585, 0xF585, 0xF585, 0xF585, 0xF585, 0xF585, 0xF585, 0xCCA4, 0x0820, 0xFFFF, 0xFFFF, 0xFFFF,   // 0x0940 (2368) pixels
0xFFFF, 0xFFFF, 0xFFFF, 0xFFFF, 0x49A1, 0xF585, 0xF585, 0xF585, 0xF585, 0xF585, 0xF585, 0xF585, 0xF585, 0xF585, 0xF585, 0xF585,   // 0x0950 (2384) pixels
0xF585, 0xF585, 0xF66E, 0xFFFF, 0xFFFF, 0xFFFF, 0xFFFF, 0xFFFF, 0xFFFF, 0xFFFF, 0xFFFF, 0xFFFF, 0xF66E, 0xF585, 0xF585, 0xF585,   // 0x0960 (2400) pixels
0xF585, 0xF585, 0xF585, 0xF60A, 0xFFBD, 0xFFFF, 0xFFFF, 0xFFFF, 0xFFFF, 0xFFFF, 0xFFFF, 0xFFFF, 0xFFFF, 0xFE8F, 0xF585, 0xF585,   // 0x0970 (2416) pixels
0xF585, 0xF585, 0xF585, 0xF585, 0xF585, 0xF585, 0xF585, 0xF585, 0xF585, 0xF585, 0xF585, 0xDD04, 0x1880, 0xFFFF, 0xFFFF, 0xFFFF,   // 0x0980 (2432) pixels
0xFFFF, 0xFFFF, 0xFFFF, 0xFFFF, 0x6222, 0xF585, 0xF585, 0xF585, 0xF585, 0xF585, 0xF585, 0xF585, 0xF585, 0xF585, 0xF585, 0xF585,   // 0x0990 (2448) pixels
0xF585, 0xF585, 0xF5A5, 0xFF9B, 0xFFFF, 0xFFFF, 0xFFFF, 0xFFFF, 0xFFFF, 0xFFFF, 0xFFFF, 0xFF57, 0xF5C7, 0xF585, 0xF585, 0xF585,   // 0x09A0 (2464) pixels
0xF585, 0xF585, 0xF585, 0xF585, 0xFEF3, 0xFFFF, 0xFFFF, 0xFFFF, 0xFFFF, 0xFFFF, 0xFFFF, 0xFFFF, 0xFF58, 0xF5C7, 0xF585, 0xF585,   // 0x09B0 (2480) pixels
0xF585, 0xF585, 0xF585, 0xF585, 0xF585, 0xF585, 0xF585, 0xF585, 0xF585, 0xF585, 0xF585, 0xE545, 0x20C0, 0xFFFF, 0xFFFF, 0xFFFF,   // 0x09C0 (2496) pixels
0xFFFF, 0xFFFF, 0xFFFF, 0xFFFF, 0x8302, 0xF585, 0xF585, 0xF585, 0xF585, 0xF585, 0xF585, 0xF585, 0xF585, 0xF585, 0xF585, 0xF585,   // 0x09D0 (2512) pixels
0xF585, 0xF585, 0xF585, 0xF60A, 0xFFDE, 0xFFFF, 0xFFFF, 0xFFFF, 0xFFFF, 0xFFFF, 0xFFBC, 0xF60A, 0xF585, 0xF585, 0xF585, 0xF585,   // 0x09E0 (2528) pixels
0xF585, 0xF585, 0xF585, 0xF585, 0xF5C7, 0xFF57, 0xFFFF, 0xFFFF, 0xFFFF, 0xFFFF, 0xFFFF, 0xFFBC, 0xF60A, 0xF585, 0xF585, 0xF585,   // 0x09F0 (2544) pixels
0xF585, 0xF585, 0xF585, 0xF585, 0xF585, 0xF585, 0xF585, 0xF585, 0xF585, 0xF585, 0xF585, 0xF585, 0x2901, 0xFFFF, 0xFFFF, 0xFFFF,   // 0x0A00 (2560) pixels
0xFFFF, 0xFFFF, 0xFFFF, 0xFFFF, 0xA3C3, 0xF585, 0xF585, 0xF585, 0xF585, 0xF585, 0xF585, 0xF585, 0xF585, 0xF585, 0xF585, 0xF585,   // 0x0A10 (2576) pixels
0xF585, 0xF585, 0xF585, 0xF585, 0xF5C7, 0xFED2, 0xFFBC, 0xFFFF, 0xFF9B, 0xFEB0, 0xF5A6, 0xF585, 0xF585, 0xF585, 0xF585, 0xF585,   // 0x0A20 (2592) pixels
0xF585, 0xF585, 0xF585, 0xF585, 0xF585, 0xF5A5, 0xF64D, 0xFF36, 0xFF9B, 0xFF58, 0xFE90, 0xF5C7, 0xF585, 0xF585, 0xF585, 0xF585,   // 0x0A30 (2608) pixels
0xF585, 0xF585, 0xF585, 0xF585, 0xF585, 0xF585, 0xF585, 0xF585, 0xF585, 0xF585, 0xF585, 0xF585, 0x2901, 0xFFFF, 0xFFFF, 0xFFFF,   // 0x0A40 (2624) pixels
0xFFFF, 0xFFFF, 0xFFFF, 0xFFFF, 0xB403, 0xF585, 0xF585, 0xF585, 0xF585, 0xF585, 0xF585, 0xF585, 0xF585, 0xF585, 0xF585, 0xF585,   // 0x0A50 (2640) pixels
0xF585, 0xF585, 0xF585, 0xF585, 0xF585, 0xF585, 0xF585, 0xF585, 0xF585, 0xF585, 0xF585, 0xF585, 0xF585, 0xF585, 0xF585, 0xF585,   // 0x0A60 (2656) pixels
0xF585, 0xF585, 0xF585, 0xF585, 0xF585, 0xF585, 0xF585, 0xF585, 0xF585, 0xF585, 0xF585, 0xF585, 0xF585, 0xF585, 0xF585, 0xF585,   // 0x0A70 (2672) pixels
0xF585, 0xF585, 0xF585, 0xF585, 0xF585, 0xF585, 0xF585, 0xF585, 0xF585, 0xF585, 0xF585, 0xF585, 0x2901, 0xFFFF, 0xFFFF, 0xFFFF,   // 0x0A80 (2688) pixels
0xFFFF, 0xFFFF, 0xFFFF, 0xFFFF, 0xCCC4, 0xF585, 0xF585, 0xF585, 0xF585, 0xF585, 0xF585, 0xF585, 0xF585, 0xF585, 0xF585, 0xF585,   // 0x0A90 (2704) pixels
0xF585, 0xF585, 0xF585, 0xF585, 0xF585, 0xF585, 0xF585, 0xF585, 0xF585, 0xF585, 0xF585, 0xF585, 0xF585, 0xF585, 0xF585, 0xF585,   // 0x0AA0 (2720) pixels
0xF585, 0xF585, 0xF585, 0xF585, 0xF585, 0xF585, 0xF585, 0xF585, 0xF585, 0xF585, 0xF585, 0xF585, 0xF585, 0xF585, 0xF585, 0xF585,   // 0x0AB0 (2736) pixels
0xF585, 0xF585, 0xF585, 0xF585, 0xF585, 0xF585, 0xF585, 0xF585, 0xF585, 0xF585, 0xF585, 0xF585, 0x2901, 0xFFFF, 0xFFFF, 0xFFFF,   // 0x0AC0 (2752) pixels
0xFFFF, 0xFFFF, 0xFFFF, 0xFFFF, 0xCCC4, 0xF585, 0xF585, 0xF585, 0xF585, 0xF585, 0xF585, 0xF585, 0xF585, 0xED85, 0xABE3, 0xED65,   // 0x0AD0 (2768) pixels
0xF585, 0xF585, 0xF585, 0xF585, 0xF585, 0xF585, 0xF585, 0xF585, 0xF585, 0xF585, 0xF585, 0xF585, 0xF585, 0xF585, 0xF585, 0xF585,   // 0x0AE0 (2784) pixels
0xF585, 0xF585, 0xF585, 0xF585, 0xF585, 0xF585, 0xF585, 0xF585, 0xF585, 0xF585, 0xF585, 0xF585, 0xF585, 0xF585, 0xF585, 0xF585,   // 0x0AF0 (2800) pixels
0xF585, 0xED45, 0xBC44, 0xED65, 0xF585, 0xF585, 0xF585, 0xF585, 0xF585, 0xF585, 0xF585, 0xF585, 0x2901, 0xFFFF, 0xFFFF, 0xFFFF,   // 0x0B00 (2816) pixels
0xFFFF, 0xFFFF, 0xFFFF, 0xFFFF, 0xCCC4, 0xF585, 0xF585, 0xF585, 0xF585, 0xF585, 0xF585, 0xF585, 0xF585, 0xF585, 0xE545, 0x4181,   // 0x0B10 (2832) pixels
0x6A82, 0xE545, 0xF585, 0xF585, 0xF585, 0xF585, 0xF585, 0xF585, 0xF585, 0xF585, 0xF585, 0xF585, 0xF585, 0xF585, 0xF585, 0xF585,   // 0x0B20 (2848) pixels
0xF585, 0xF585, 0xF585, 0xF585, 0xF585, 0xF585, 0xF585, 0xF585, 0xF585, 0xF585, 0xF585, 0xF585, 0xF585, 0xF585, 0xF585, 0xDD04,   // 0x0B30 (2864) pixels
0x6A82, 0x5A01, 0xE545, 0xF585, 0xF585, 0xF585, 0xF585, 0xF585, 0xF585, 0xF585, 0xF585, 0xF585, 0x2901, 0xFFFF, 0xFFFF, 0xFFFF,   // 0x0B40 (2880) pixels
0xFFFF, 0xFFFF, 0xFFFF, 0xFFFF, 0xA3C3, 0xF585, 0xF585, 0xF585, 0xF585, 0xF585, 0xF585, 0xF585, 0xF585, 0xF585, 0xF585, 0xE545,   // 0x0B50 (2896) pixels
0x3961, 0x1060, 0x8323, 0xDD04, 0xF585, 0xF585, 0xF585, 0xF585, 0xF585, 0xF585, 0xF585, 0xF585, 0xF585, 0xF585, 0xF585, 0xF585,   // 0x0B60 (2912) pixels
0xF585, 0xF585, 0xF585, 0xF585, 0xF585, 0xF585, 0xF585, 0xF585, 0xF585, 0xF585, 0xF585, 0xF585, 0xF585, 0xD4E4, 0x10B0, 0x1880,   // 0x0B70 (2928) pixels
0x5A01, 0xE525, 0xF585, 0xF585, 0xF585, 0xF585, 0xF585, 0xF585, 0xF585, 0xF585, 0xF585, 0xED85, 0x2900, 0xFFFF, 0xFFFF, 0xFFFF,   // 0x0B80 (2944) pixels
0xFFFF, 0xFFFF, 0xFFFF, 0xFFFF, 0x0840, 0xC484, 0xF585, 0xF585, 0xF585, 0xF585, 0xF585, 0xF585, 0xF585, 0xF585, 0xF585, 0xF585,   // 0x0B90 (2960) pixels
0xF585, 0xABE3, 0x1060, 0xFFFF, 0x2901, 0x7AC2, 0xCCC4, 0xF585, 0xF585, 0xF585, 0xF585, 0xF585, 0xF585, 0xF585, 0xF585, 0xF585,   // 0x0BA0 (2976) pixels
0xF585, 0xF585, 0xF585, 0xF585, 0xF585, 0xF585, 0xF585, 0xF585, 0xF585, 0xF585, 0xD4E4, 0x7AC2, 0x2901, 0xFFFF, 0x28E0, 0xB423,   // 0x0BB0 (2992) pixels
0xF585, 0xF585, 0xF585, 0xF585, 0xF585, 0xF585, 0xF585, 0xF585, 0xF585, 0xF585, 0xF585, 0x10B0, 0xFFFF, 0xFFFF, 0xFFFF, 0xFFFF,   // 0x0BC0 (3008) pixels
0xFFFF, 0xFFFF, 0xFFFF, 0xFFFF, 0xFFFF, 0x20C0, 0xDD04, 0xF585, 0xF585, 0xF585, 0xF585, 0xF585, 0xF585, 0xF585, 0xF585, 0xF585,   // 0x0BD0 (3024) pixels
0xF585, 0xF585, 0xE545, 0x6A82, 0x1060, 0xFFFF, 0xFFFF, 0x3121, 0x7AC2, 0xB403, 0xD4C4, 0xED85, 0xF585, 0xF585, 0xF585, 0xF585,   // 0x0BE0 (3040) pixels
0xF585, 0xF585, 0xF585, 0xF585, 0xF585, 0xF585, 0xDD04, 0xBC44, 0x8323, 0x4161, 0x0020, 0xFFFF, 0x18A0, 0x7AC2, 0xE524, 0xF585,   // 0x0BF0 (3056) pixels
0xF585, 0xF585, 0xF585, 0xF585, 0xF585, 0xF585, 0xF585, 0xF585, 0xF585, 0xF585, 0xA3C3, 0x0840, 0xFFFF, 0xFFFF, 0xFFFF, 0xFFFF,   // 0x0C00 (3072) pixels
0xFFFF, 0xFFFF, 0xFFFF, 0xFFFF, 0xFFFF, 0xFFFF, 0x0840, 0xAC03, 0xF585, 0xF585, 0xF585, 0xF585, 0xF585, 0xF585, 0xF585, 0xF585,   // 0x0C10 (3088) pixels
0xF585, 0xF585, 0xF585, 0xF585, 0xF585, 0xB423, 0xFFFF, 0xFFFF, 0xFFFF, 0xFFFF, 0xFFFF, 0xFFFF, 0x1060, 0x2900, 0x3961, 0x49A1,   // 0x0C20 (3104) pixels
0x49A1, 0x49A1, 0x4181, 0x3121, 0x18A0, 0x0820, 0xFFFF, 0xFFFF, 0xFFFF, 0xFFFF, 0x4181, 0xC464, 0xED85, 0xF585, 0xF585, 0xF585,   // 0x0C30 (3120) pixels
0xF585, 0xF585, 0xF585, 0xF585, 0xF585, 0xF585, 0xF585, 0xF585, 0xED65, 0x6A62, 0xFFFF, 0xFFFF, 0xFFFF, 0xFFFF, 0xFFFF, 0xFFFF,   // 0x0C40 (3136) pixels
0xFFFF, 0xFFFF, 0xFFFF, 0xFFFF, 0xFFFF, 0xFFFF, 0xFFFF, 0xFFFF, 0x10B0, 0xED65, 0xF585, 0xF585, 0xF585, 0xF585, 0xF585, 0xF585,   // 0x0C50 (3152) pixels
0xF585, 0xF585, 0xF585, 0xF585, 0xF585, 0x5A02, 0xFFFF, 0xFFFF, 0xFFFF, 0xFFFF, 0xFFFF, 0xFFFF, 0xFFFF, 0xFFFF, 0xFFFF, 0xFFFF,   // 0x0C60 (3168) pixels
0xFFFF, 0xFFFF, 0xFFFF, 0xFFFF, 0xFFFF, 0xFFFF, 0xFFFF, 0xFFFF, 0xFFFF, 0xFFFF, 0x1060, 0xBC44, 0xF585, 0xF585, 0xF585, 0xF585,   // 0x0C70 (3184) pixels
0xF585, 0xF585, 0xF585, 0xF585, 0xF585, 0xF585, 0xF585, 0xD4E4, 0x49A1, 0xFFFF, 0xFFFF, 0xFFFF, 0xFFFF, 0xFFFF, 0xFFFF, 0xFFFF,   // 0x0C80 (3200) pixels
0xFFFF, 0xFFFF, 0xFFFF, 0xFFFF, 0xFFFF, 0xFFFF, 0xFFFF, 0xFFFF, 0xFFFF, 0x1080, 0x10B0, 0xED65, 0xF585, 0xF585, 0xF585, 0xF585,   // 0x0C90 (3216) pixels
0xF585, 0xF585, 0xF585, 0xF585, 0x7AC2, 0xFFFF, 0xFFFF, 0xFFFF, 0xFFFF, 0xFFFF, 0xFFFF, 0xFFFF, 0xFFFF, 0xFFFF, 0xFFFF, 0xFFFF,   // 0x0CA0 (3232) pixels
0xFFFF, 0xFFFF, 0xFFFF, 0xFFFF, 0xFFFF, 0xFFFF, 0xFFFF, 0xFFFF, 0xFFFF, 0xFFFF, 0xFFFF, 0x20A0, 0xCC84, 0xF585, 0xF585, 0xF585,   // 0x0CB0 (3248) pixels
0xF585, 0xF585, 0xF585, 0xF585, 0xF585, 0xCCA4, 0x5A01, 0x0020, 0xFFFF, 0xFFFF, 0xFFFF, 0xFFFF, 0xFFFF, 0xFFFF, 0xFFFF, 0xFFFF,   // 0x0CC0 (3264) pixels
0xFFFF, 0xFFFF, 0xFFFF, 0xFFFF, 0xFFFF, 0xFFFF, 0xFFFF, 0xFFFF, 0xFFFF, 0xFFFF, 0xFFFF, 0x1060, 0x7AC2, 0xBC44, 0xED65, 0xF585,   // 0x0CD0 (3280) pixels
0xF585, 0xF585, 0xF585, 0xB424, 0xFFFF, 0xFFFF, 0xFFFF, 0xFFFF, 0xFFFF, 0xFFFF, 0xFFFF, 0xFFFF, 0xFFFF, 0xFFFF, 0xFFFF, 0xFFFF,   // 0x0CE0 (3296) pixels
0xFFFF, 0xFFFF, 0xFFFF, 0xFFFF, 0xFFFF, 0xFFFF, 0xFFFF, 0xFFFF, 0xFFFF, 0xFFFF, 0xFFFF, 0xFFFF, 0x49C1, 0xE525, 0xF585, 0xF585,   // 0x0CF0 (3312) pixels
0xF585, 0xF585, 0xDD24, 0xABE3, 0x5A01, 0x0020, 0xFFFF, 0xFFFF, 0xFFFF, 0xFFFF, 0xFFFF, 0xFFFF, 0xFFFF, 0xFFFF, 0xFFFF, 0xFFFF,   // 0x0D00 (3328) pixels
0xFFFF, 0xFFFF, 0xFFFF, 0xFFFF, 0xFFFF, 0xFFFF, 0xFFFF, 0xFFFF, 0xFFFF, 0xFFFF, 0xFFFF, 0xFFFF, 0xFFFF, 0xFFFF, 0xFFFF, 0x20E0,   // 0x0D10 (3344) pixels
0x4181, 0x51E1, 0x5A22, 0x0840, 0xFFFF, 0xFFFF, 0xFFFF, 0xFFFF, 0xFFFF, 0xFFFF, 0xFFFF, 0xFFFF, 0xFFFF, 0xFFFF, 0xFFFF, 0xFFFF,   // 0x0D20 (3360) pixels
0xFFFF, 0xFFFF, 0xFFFF, 0xFFFF, 0xFFFF, 0xFFFF, 0xFFFF, 0xFFFF, 0xFFFF, 0xFFFF, 0xFFFF, 0xFFFF, 0xFFFF, 0x3141, 0x6222, 0x49C1,   // 0x0D30 (3376) pixels
0x3121, 0x1880, 0xFFFF, 0xFFFF, 0xFFFF, 0xFFFF, 0xFFFF, 0xFFFF, 0xFFFF, 0xFFFF, 0xFFFF, 0xFFFF, 0xFFFF, 0xFFFF, 0xFFFF, 0xFFFF,   // 0x0D40 (3392) pixels
0xFFFF, 0xFFFF, 0xFFFF, 0xFFFF, 0xFFFF, 0xFFFF, 0xFFFF, 0xFFFF, 0xFFFF, 0xFFFF, 0xFFFF, 0xFFFF, 0xFFFF, 0xFFFF, 0xFFFF, 0xFFFF,   // 0x0D50 (3408) pixels
0xFFFF, 0xFFFF, 0xFFFF, 0xFFFF, 0xFFFF, 0xFFFF, 0xFFFF, 0xFFFF, 0xFFFF, 0xFFFF, 0xFFFF, 0xFFFF, 0xFFFF, 0xFFFF, 0xFFFF, 0xFFFF,   // 0x0D60 (3424) pixels
0xFFFF, 0xFFFF, 0xFFFF, 0xFFFF, 0xFFFF, 0xFFFF, 0xFFFF, 0xFFFF, 0xFFFF, 0xFFFF, 0xFFFF, 0xFFFF, 0xFFFF, 0xFFFF, 0xFFFF, 0xFFFF,   // 0x0D70 (3440) pixels
0xFFFF, 0xFFFF, 0xFFFF, 0xFFFF, 0xFFFF, 0xFFFF, 0xFFFF, 0xFFFF, 0xFFFF, 0xFFFF, 0xFFFF, 0xFFFF, 0xFFFF, 0xFFFF, 0xFFFF, 0xFFFF,   // 0x0D80 (3456) pixels
0xFFFF, 0xFFFF, 0xFFFF, 0xFFFF, 0xFFFF, 0xFFFF, 0xFFFF, 0xFFFF, 0xFFFF, 0xFFFF, 0xFFFF, 0xFFFF, 0xFFFF, 0xFFFF, 0xFFFF, 0xFFFF,   // 0x0D90 (3472) pixels
0xFFFF, 0xFFFF, 0xFFFF, 0xFFFF, 0xFFFF, 0xFFFF, 0xFFFF, 0xFFFF, 0xFFFF, 0xFFFF, 0xFFFF, 0xFFFF, 0xFFFF, 0xFFFF, 0xFFFF, 0xFFFF,   // 0x0DA0 (3488) pixels
0xFFFF, 0xFFFF, 0xFFFF, 0xFFFF, 0xFFFF, 0xFFFF, 0xFFFF, 0xFFFF, 0xFFFF, 0xFFFF, 0xFFFF, 0xFFFF, 0xFFFF, 0xFFFF, 0xFFFF, 0xFFFF,   // 0x0DB0 (3504) pixels
0xFFFF, 0xFFFF, 0xFFFF, 0xFFFF, 0xFFFF, 0xFFFF, 0xFFFF, 0xFFFF, 0xFFFF, 0xFFFF, 0xFFFF, 0xFFFF, 0xFFFF, 0xFFFF, 0xFFFF, 0xFFFF,   // 0x0DC0 (3520) pixels
0xFFFF, 0xFFFF, 0xFFFF, 0xFFFF, 0xFFFF, 0xFFFF, 0xFFFF, 0xFFFF, 0xFFFF, 0xFFFF, 0xFFFF, 0xFFFF, 0xFFFF, 0xFFFF, 0xFFFF, 0xFFFF,   // 0x0DD0 (3536) pixels
0xFFFF, 0xFFFF, 0xFFFF, 0xFFFF, 0xFFFF, 0xFFFF, 0xFFFF, 0xFFFF, 0xFFFF, 0xFFFF, 0xFFFF, 0xFFFF, 0xFFFF, 0xFFFF, 0xFFFF, 0xFFFF,   // 0x0DE0 (3552) pixels
0xFFFF, 0xFFFF, 0xFFFF, 0xFFFF, 0xFFFF, 0xFFFF, 0xFFFF, 0xFFFF, 0xFFFF, 0xFFFF, 0xFFFF, 0xFFFF, 0xFFFF, 0xFFFF, 0xFFFF, 0xFFFF,   // 0x0DF0 (3568) pixels
0xFFFF, 0xFFFF, 0xFFFF, 0xFFFF, 0xFFFF, 0xFFFF, 0xFFFF, 0xFFFF, 0xFFFF, 0xFFFF, 0xFFFF, 0xFFFF, 0xFFFF, 0xFFFF, 0xFFFF, 0xFFFF,   // 0x0E00 (3584) pixels
0xFFFF, 0xFFFF, 0xFFFF, 0xFFFF, 0xFFFF, 0xFFFF, 0xFFFF, 0xFFFF, 0xFFFF, 0xFFFF, 0xFFFF, 0xFFFF, 0xFFFF, 0xFFFF, 0xFFFF, 0xFFFF,   // 0x0E10 (3600) pixels
0xFFFF, 0xFFFF, 0xFFFF, 0xFFFF, 0xFFFF, 0xFFFF, 0xFFFF, 0xFFFF, 0xFFFF, 0xFFFF, 0xFFFF, 0xFFFF, 0xFFFF, 0xFFFF, 0xFFFF, 0xFFFF,   // 0x0E20 (3616) pixels
0xFFFF, 0xFFFF, 0xFFFF, 0xFFFF, 0xFFFF, 0xFFFF, 0xFFFF, 0xFFFF, 0xFFFF, 0xFFFF, 0xFFFF, 0xFFFF, 0xFFFF, 0xFFFF, 0xFFFF, 0xFFFF,   // 0x0E30 (3632) pixels
0xFFFF, 0xFFFF, 0xFFFF, 0xFFFF, 0xFFFF, 0xFFFF, 0xFFFF, 0xFFFF, 0xFFFF, 0xFFFF, 0xFFFF, 0xFFFF, 0xFFFF, 0xFFFF, 0xFFFF, 0xFFFF,   // 0x0E40 (3648) pixels
0xFFFF, 0xFFFF, 0xFFFF, 0xFFFF, 0xFFFF, 0xFFFF, 0xFFFF, 0xFFFF, 0xFFFF, 0xFFFF, 0xFFFF, 0xFFFF, 0xFFFF, 0xFFFF, 0xFFFF, 0xFFFF,   // 0x0E50 (3664) pixels
0xFFFF, 0xFFFF, 0xFFFF, 0xFFFF, 0xFFFF, 0xFFFF, 0xFFFF, 0xFFFF, 0xFFFF, 0xFFFF, 0xFFFF, 0xFFFF, 0xFFFF, 0xFFFF, 0xFFFF, 0xFFFF,   // 0x0E60 (3680) pixels
0xFFFF, 0xFFFF, 0xFFFF, 0xFFFF, 0xFFFF, 0xFFFF, 0xFFFF, 0xFFFF, 0xFFFF, 0xFFFF, 0xFFFF, 0xFFFF, 0xFFFF, 0xFFFF, 0xFFFF, 0xFFFF,   // 0x0E70 (3696) pixels
0xFFFF, 0xFFFF, 0xFFFF, 0xFFFF, 0xFFFF, 0xFFFF, 0xFFFF, 0xFFFF, 0xFFFF, 0xFFFF, 0xFFFF, 0xFFFF, 0xFFFF, 0xFFFF, 0xFFFF, 0xFFFF,   // 0x0E80 (3712) pixels
0xFFFF, 0xFFFF, 0xFFFF, 0xFFFF, 0xFFFF, 0xFFFF, 0xFFFF, 0xFFFF, 0xFFFF, 0xFFFF, 0xFFFF, 0xFFFF, 0xFFFF, 0xFFFF, 0xFFFF, 0xFFFF,   // 0x0E90 (3728) pixels
0xFFFF, 0xFFFF, 0xFFFF, 0xFFFF, 0xFFFF, 0xFFFF, 0xFFFF, 0xFFFF, 0xFFFF, 0xFFFF, 0xFFFF, 0xFFFF, 0xFFFF, 0xFFFF, 0xFFFF, 0xFFFF,   // 0x0EA0 (3744) pixels
0xFFFF, 0xFFFF, 0xFFFF, 0xFFFF, 0xFFFF, 0xFFFF, 0xFFFF, 0xFFFF, 0xFFFF, 0xFFFF, 0xFFFF, 0xFFFF, 0xFFFF, 0xFFFF, 0xFFFF, 0xFFFF,   // 0x0EB0 (3760) pixels
0xFFFF, 0xFFFF, 0xFFFF, 0xFFFF, 0xFFFF, 0xFFFF, 0xFFFF, 0xFFFF, 0xFFFF, 0xFFFF, 0xFFFF, 0xFFFF, 0xFFFF, 0xFFFF, 0xFFFF, 0xFFFF,   // 0x0EC0 (3776) pixels
0xFFFF, 0xFFFF, 0xFFFF, 0xFFFF, 0xFFFF, 0xFFFF, 0xFFFF, 0xFFFF, 0xFFFF, 0xFFFF, 0xFFFF, 0xFFFF, 0xFFFF, 0xFFFF, 0xFFFF, 0xFFFF,   // 0x0ED0 (3792) pixels
0xFFFF, 0xFFFF, 0xFFFF, 0xFFFF, 0xFFFF, 0xFFFF, 0xFFFF, 0xFFFF, 0xFFFF, 0xFFFF, 0xFFFF, 0xFFFF, 0xFFFF, 0xFFFF, 0xFFFF, 0xFFFF,   // 0x0EE0 (3808) pixels
0xFFFF, 0xFFFF, 0xFFFF, 0xFFFF, 0xFFFF, 0xFFFF, 0xFFFF, 0xFFFF, 0xFFFF, 0xFFFF, 0xFFFF, 0xFFFF, 0xFFFF, 0xFFFF, 0xFFFF, 0xFFFF,   // 0x0EF0 (3824) pixels
0xFFFF, 0xFFFF, 0xFFFF, 0xFFFF, 0xFFFF, 0xFFFF, 0xFFFF, 0xFFFF, 0xFFFF, 0xFFFF, 0xFFFF, 0xFFFF, 0xFFFF, 0xFFFF, 0xFFFF, 0xFFFF,   // 0x0F00 (3840) pixels
0xFFFF, 0xFFFF, 0xFFFF, 0xFFFF, 0xFFFF, 0xFFFF, 0xFFFF, 0xFFFF, 0xFFFF, 0xFFFF, 0xFFFF, 0xFFFF, 0xFFFF, 0xFFFF, 0xFFFF, 0xFFFF,   // 0x0F10 (3856) pixels
0xFFFF, 0xFFFF, 0xFFFF, 0xFFFF, 0xFFFF, 0xFFFF, 0xFFFF, 0xFFFF, 0xFFFF, 0xFFFF, 0xFFFF, 0xFFFF, 0xFFFF, 0xFFFF, 0xFFFF, 0xFFFF,   // 0x0F20 (3872) pixels
0xFFFF, 0xFFFF, 0xFFFF, 0xFFFF, 0xFFFF, 0xFFFF, 0xFFFF, 0xFFFF, 0xFFFF, 0xFFFF, 0xFFFF, 0xFFFF, 0xFFFF, 0xFFFF, 0xFFFF, 0xFFFF,   // 0x0F30 (3888) pixels
0xFFFF, 0xFFFF, 0xFFFF, 0xFFFF, 0xFFFF, 0xFFFF, 0xFFFF, 0xFFFF, 0xFFFF, 0xFFFF, 0xFFFF, 0xFFFF, 0xFFFF, 0xFFFF, 0xFFFF, 0xFFFF,   // 0x0F40 (3904) pixels
0xFFFF, 0xFFFF, 0xFFFF, 0xFFFF, 0xFFFF, 0xFFFF, 0xFFFF, 0xFFFF, 0xFFFF, 0xFFFF, 0xFFFF, 0xFFFF, 0xFFFF, 0xFFFF, 0xFFFF, 0xFFFF,   // 0x0F50 (3920) pixels
0xFFFF, 0xFFFF, 0xFFFF, 0xFFFF, 0xFFFF, 0xFFFF, 0xFFFF, 0xFFFF, 0xFFFF, 0xFFFF, 0xFFFF, 0xFFFF, 0xFFFF, 0xFFFF, 0xFFFF, 0xFFFF,   // 0x0F60 (3936) pixels
0xFFFF, 0xFFFF, 0xFFFF, 0xFFFF, 0xFFFF, 0xFFFF, 0xFFFF, 0xFFFF, 0xFFFF, 0xFFFF, 0xFFFF, 0xFFFF, 0xFFFF, 0xFFFF, 0xFFFF, 0xFFFF,   // 0x0F70 (3952) pixels
0xFFFF, 0xFFFF, 0xFFFF, 0xFFFF, 0xFFFF, 0xFFFF, 0xFFFF, 0xFFFF, 0xFFFF, 0xFFFF, 0xFFFF, 0xFFFF, 0xFFFF, 0xFFFF, 0xFFFF, 0xFFFF,   // 0x0F80 (3968) pixels
0xFFFF, 0xFFFF, 0xFFFF, 0xFFFF, 0xFFFF, 0xFFFF, 0xFFFF, 0xFFFF, 0xFFFF, 0xFFFF, 0xFFFF, 0xFFFF, 0xFFFF, 0xFFFF, 0xFFFF, 0xFFFF,   // 0x0F90 (3984) pixels
0xFFFF, 0xFFFF, 0xFFFF, 0xFFFF, 0xFFFF, 0xFFFF, 0xFFFF, 0xFFFF, 0xFFFF, 0xFFFF, 0xFFFF, 0xFFFF, 0xFFFF, 0xFFFF, 0xFFFF, 0xFFFF,   // 0x0FA0 (4000) pixels
0xFFFF, 0xFFFF, 0xFFFF, 0xFFFF, 0xFFFF, 0xFFFF, 0xFFFF, 0xFFFF, 0xFFFF, 0xFFFF, 0xFFFF, 0xFFFF, 0xFFFF, 0xFFFF, 0xFFFF, 0xFFFF,   // 0x0FB0 (4016) pixels
0xFFFF, 0xFFFF, 0xFFFF, 0xFFFF, 0xFFFF, 0xFFFF, 0xFFFF, 0xFFFF, 0xFFFF, 0xFFFF, 0xFFFF, 0xFFFF, 0xFFFF, 0xFFFF, 0xFFFF, 0xFFFF,   // 0x0FC0 (4032) pixels
0xFFFF, 0xFFFF, 0xFFFF, 0xFFFF, 0xFFFF, 0xFFFF, 0xFFFF, 0xFFFF, 0xFFFF, 0xFFFF, 0xFFFF, 0xFFFF, 0xFFFF, 0xFFFF, 0xFFFF, 0xFFFF,   // 0x0FD0 (4048) pixels
0xFFFF, 0xFFFF, 0xFFFF, 0xFFFF, 0xFFFF, 0xFFFF, 0xFFFF, 0xFFFF, 0xFFFF, 0xFFFF, 0xFFFF, 0xFFFF, 0xFFFF, 0xFFFF, 0xFFFF, 0xFFFF,   // 0x0FE0 (4064) pixels
0xFFFF, 0xFFFF, 0xFFFF, 0xFFFF, 0xFFFF, 0xFFFF, 0xFFFF, 0xFFFF, 0xFFFF, 0xFFFF, 0xFFFF, 0xFFFF, 0xFFFF, 0xFFFF, 0xFFFF, 0xFFFF,   // 0x0FF0 (4080) pixels
0xFFFF, 0xFFFF, 0xFFFF, 0xFFFF, 0xFFFF, 0xFFFF, 0xFFFF, 0xFFFF, 0xFFFF, 0xFFFF, 0xFFFF, 0xFFFF, 0xFFFF, 0xFFFF, 0xFFFF, 0xFFFF,   // 0x1000 (4096) pixels
};


const uint16_t gpt_icon[4096] PROGMEM={
0xFFFF, 0xFFFF, 0xFFFF, 0xFFFF, 0xFFFF, 0xFFFF, 0xFFFF, 0xFFFF, 0xFFFF, 0xFFFF, 0xE77D, 0xB699, 0x95F6, 0x8594, 0x7573, 0x7553,   // 0x0010 (16) pixels
0x7553, 0x7553, 0x7553, 0x7553, 0x7553, 0x7553, 0x7553, 0x7553, 0x7553, 0x7553, 0x7553, 0x7553, 0x7553, 0x7553, 0x7553, 0x7553,   // 0x0020 (32) pixels
0x7553, 0x7553, 0x7553, 0x7553, 0x7553, 0x7553, 0x7553, 0x7553, 0x7553, 0x7553, 0x7553, 0x7553, 0x7553, 0x7553, 0x7553, 0x7553,   // 0x0030 (48) pixels
0x7553, 0x7553, 0x7D94, 0x95D6, 0xB678, 0xE77D, 0xFFFF, 0xFFFF, 0xFFFF, 0xFFFF, 0xFFFF, 0xFFFF, 0xFFFF, 0xFFFF, 0xFFFF, 0xFFFF,   // 0x0040 (64) pixels
0xFFFF, 0xFFFF, 0xFFFF, 0xFFFF, 0xFFFF, 0xFFFF, 0xFFFF, 0xFFFF, 0xCF1B, 0x8DD5, 0x7553, 0x7553, 0x7553, 0x7553, 0x7553, 0x7553,   // 0x0050 (80) pixels
0x7553, 0x7553, 0x7553, 0x7553, 0x7553, 0x7553, 0x7553, 0x7553, 0x7553, 0x7553, 0x7553, 0x7553, 0x7553, 0x7553, 0x7553, 0x7553,   // 0x0060 (96) pixels
0x7553, 0x7553, 0x7553, 0x7553, 0x7553, 0x7553, 0x7553, 0x7553, 0x7553, 0x7553, 0x7553, 0x7553, 0x7553, 0x7553, 0x7553, 0x7553,   // 0x0070 (112) pixels
0x7553, 0x7553, 0x7553, 0x7553, 0x7553, 0x7553, 0x85B5, 0xCEFB, 0xF7DF, 0xFFFF, 0xFFFF, 0xFFFF, 0xFFFF, 0xFFFF, 0xFFFF, 0xFFFF,   // 0x0080 (128) pixels
0xFFFF, 0xFFFF, 0xFFFF, 0xFFFF, 0xFFFF, 0xFFFF, 0xDF5D, 0x8DD5, 0x7553, 0x7553, 0x7553, 0x7553, 0x7553, 0x7553, 0x7553, 0x7553,   // 0x0090 (144) pixels
0x7553, 0x7553, 0x7553, 0x7553, 0x7553, 0x7553, 0x7553, 0x7553, 0x7553, 0x7553, 0x7553, 0x7553, 0x7553, 0x7553, 0x7553, 0x7553,   // 0x00A0 (160) pixels
0x7553, 0x7553, 0x7553, 0x7553, 0x7553, 0x7553, 0x7553, 0x7553, 0x7553, 0x7553, 0x7553, 0x7553, 0x7553, 0x7553, 0x7553, 0x7553,   // 0x00B0 (176) pixels
0x7553, 0x7553, 0x7553, 0x7553, 0x7553, 0x7553, 0x7553, 0x7553, 0x8DB5, 0xD73C, 0xFFFF, 0xFFFF, 0xFFFF, 0xFFFF, 0xFFFF, 0xFFFF,   // 0x00C0 (192) pixels
0xFFFF, 0xFFFF, 0xFFFF, 0xFFFF, 0xFFFF, 0xC6FA, 0x7D94, 0x7553, 0x7553, 0x7553, 0x7553, 0x7553, 0x7553, 0x7553, 0x7553, 0x7553,   // 0x00D0 (208) pixels
0x7553, 0x7553, 0x7553, 0x7553, 0x7553, 0x7553, 0x7553, 0x7553, 0x7553, 0x7553, 0x7553, 0x7553, 0x7553, 0x7553, 0x7553, 0x7553,   // 0x00E0 (224) pixels
0x7553, 0x7553, 0x7553, 0x7553, 0x7553, 0x7553, 0x7553, 0x7553, 0x7553, 0x7553, 0x7553, 0x7553, 0x7553, 0x7553, 0x7553, 0x7553,   // 0x00F0 (240) pixels
0x7553, 0x7553, 0x7553, 0x7553, 0x7553, 0x7553, 0x7553, 0x7553, 0x7553, 0x7D74, 0xBEB9, 0xFFFF, 0xFFFF, 0xFFFF, 0xFFFF, 0xFFFF,   // 0x0100 (256) pixels
0xFFFF, 0xFFFF, 0xFFFF, 0xFFFF, 0xC6DA, 0x7573, 0x7553, 0x7553, 0x7553, 0x7553, 0x7553, 0x7553, 0x7553, 0x7553, 0x7553, 0x7553,   // 0x0110 (272) pixels
0x7553, 0x7553, 0x7553, 0x7553, 0x7553, 0x7553, 0x7553, 0x7553, 0x7553, 0x7553, 0x7553, 0x7553, 0x7553, 0x7553, 0x7553, 0x7553,   // 0x0120 (288) pixels
0x7553, 0x7553, 0x7553, 0x7553, 0x7553, 0x7553, 0x7553, 0x7553, 0x7553, 0x7553, 0x7553, 0x7553, 0x7553, 0x7553, 0x7553, 0x7553,   // 0x0130 (304) pixels
0x7553, 0x7553, 0x7553, 0x7553, 0x7553, 0x7553, 0x7553, 0x7553, 0x7553, 0x7553, 0x7553, 0xAE78, 0xFFFF, 0xFFFF, 0xFFFF, 0xFFFF,   // 0x0140 (320) pixels
0xFFFF, 0xFFFF, 0xFFFF, 0xC6FA, 0x7573, 0x7553, 0x7553, 0x7553, 0x7553, 0x7553, 0x7553, 0x7553, 0x7553, 0x7553, 0x7553, 0x7553,   // 0x0150 (336) pixels
0x7553, 0x7553, 0x7553, 0x7553, 0x7553, 0x7553, 0x7553, 0x7553, 0x7553, 0x7553, 0x7553, 0x7553, 0x7553, 0x7553, 0x7553, 0x7553,   // 0x0160 (352) pixels
0x7553, 0x7553, 0x7553, 0x7553, 0x7553, 0x7553, 0x7553, 0x7553, 0x7553, 0x7553, 0x7553, 0x7553, 0x7553, 0x7553, 0x7553, 0x7553,   // 0x0170 (368) pixels
0x7553, 0x7553, 0x7553, 0x7553, 0x7553, 0x7553, 0x7553, 0x7553, 0x7553, 0x7553, 0x7553, 0x7553, 0xB699, 0xFFFF, 0xFFFF, 0xFFFF,   // 0x0180 (384) pixels
0xFFFF, 0xFFFF, 0xE77D, 0x7D94, 0x7553, 0x7553, 0x7553, 0x7553, 0x7553, 0x7553, 0x7553, 0x7553, 0x7553, 0x7553, 0x7553, 0x7553,   // 0x0190 (400) pixels
0x7553, 0x7553, 0x7553, 0x7553, 0x7553, 0x7553, 0x7553, 0x7553, 0x7553, 0x7553, 0x7553, 0x7553, 0x7553, 0x7553, 0x7553, 0x7553,   // 0x01A0 (416) pixels
0x7553, 0x7553, 0x7553, 0x7553, 0x7553, 0x7553, 0x7553, 0x7553, 0x7553, 0x7553, 0x7553, 0x7553, 0x7553, 0x7553, 0x7553, 0x7553,   // 0x01B0 (432) pixels
0x7553, 0x7553, 0x7553, 0x7553, 0x7553, 0x7553, 0x7553, 0x7553, 0x7553, 0x7553, 0x7553, 0x7553, 0x7D73, 0xD71B, 0xFFFF, 0xFFFF,   // 0x01C0 (448) pixels
0xFFFF, 0xFFFF, 0x8DD5, 0x7553, 0x7553, 0x7553, 0x7553, 0x7553, 0x7553, 0x7553, 0x7553, 0x7553, 0x7553, 0x7553, 0x7553, 0x7553,   // 0x01D0 (464) pixels
0x7553, 0x7553, 0x7553, 0x7553, 0x7553, 0x7553, 0x7553, 0x7553, 0x7553, 0x7553, 0x7553, 0x7D74, 0x8594, 0x8594, 0x8594, 0x7D74,   // 0x01E0 (480) pixels
0x7553, 0x7553, 0x7553, 0x7553, 0x7553, 0x7553, 0x7553, 0x7553, 0x7553, 0x7553, 0x7553, 0x7553, 0x7553, 0x7553, 0x7553, 0x7553,   // 0x01F0 (496) pixels
0x7553, 0x7553, 0x7553, 0x7553, 0x7553, 0x7553, 0x7553, 0x7553, 0x7553, 0x7553, 0x7553, 0x7553, 0x7553, 0x8DB5, 0xF7DE, 0xFFFF,   // 0x0200 (512) pixels
0xFFFF, 0xCF1B, 0x7553, 0x7553, 0x7553, 0x7553, 0x7553, 0x7553, 0x7553, 0x7553, 0x7553, 0x7553, 0x7553, 0x7553, 0x7553, 0x7553,   // 0x0210 (528) pixels
0x7553, 0x7553, 0x7553, 0x7553, 0x7553, 0x7553, 0x7553, 0x7553, 0x8594, 0xA658, 0xD73C, 0xF7BE, 0xFFDF, 0xFFFF, 0xFFDF, 0xF7BE,   // 0x0220 (544) pixels
0xDF3C, 0xAE58, 0x8594, 0x7553, 0x7553, 0x7553, 0x7553, 0x7553, 0x7553, 0x7553, 0x7553, 0x7553, 0x7553, 0x7553, 0x7553, 0x7553,   // 0x0230 (560) pixels
0x7553, 0x7553, 0x7553, 0x7553, 0x7553, 0x7553, 0x7553, 0x7553, 0x7553, 0x7553, 0x7553, 0x7553, 0x7553, 0x7553, 0xB699, 0xFFFF,   // 0x0240 (576) pixels
0xFFFF, 0x8DD5, 0x7553, 0x7553, 0x7553, 0x7553, 0x7553, 0x7553, 0x7553, 0x7553, 0x7553, 0x7553, 0x7553, 0x7553, 0x7553, 0x7553,   // 0x0250 (592) pixels
0x7553, 0x7553, 0x7553, 0x7553, 0x7553, 0x7553, 0x7D94, 0xB699, 0xEFBE, 0xFFFF, 0xFFFF, 0xFFFF, 0xFFFF, 0xFFFF, 0xFFFF, 0xFFFF,   // 0x0260 (608) pixels
0xFFFF, 0xFFFF, 0xEFBE, 0xBE99, 0x7D94, 0x7553, 0x7553, 0x7553, 0x7553, 0x7553, 0x7553, 0x7553, 0x7553, 0x7553, 0x7553, 0x7553,   // 0x0270 (624) pixels
0x7553, 0x7553, 0x7553, 0x7553, 0x7553, 0x7553, 0x7553, 0x7553, 0x7553, 0x7553, 0x7553, 0x7553, 0x7553, 0x7553, 0x7D94, 0xF7DF,   // 0x0280 (640) pixels
0xE77D, 0x7553, 0x7553, 0x7553, 0x7553, 0x7553, 0x7553, 0x7553, 0x7553, 0x7553, 0x7553, 0x7553, 0x7553, 0x7553, 0x7553, 0x7553,   // 0x0290 (656) pixels
0x7553, 0x7553, 0x7553, 0x7553, 0x7553, 0x8DB5, 0xE77D, 0xFFFF, 0xFFFF, 0xFFFF, 0xFFFF, 0xFFFF, 0xFFFF, 0xFFFF, 0xFFFF, 0xFFFF,   // 0x02A0 (672) pixels
0xFFFF, 0xFFFF, 0xFFFF, 0xFFFF, 0xE77D, 0x8DB5, 0x7553, 0x7553, 0x7553, 0x7553, 0x7553, 0x7553, 0x7553, 0x7553, 0x7553, 0x7553,   // 0x02B0 (688) pixels
0x7553, 0x7553, 0x7553, 0x7553, 0x7553, 0x7553, 0x7553, 0x7553, 0x7553, 0x7553, 0x7553, 0x7553, 0x7553, 0x7553, 0x7553, 0xD71B,   // 0x02C0 (704) pixels
0xB699, 0x7553, 0x7553, 0x7553, 0x7553, 0x7553, 0x7553, 0x7553, 0x7553, 0x7553, 0x7553, 0x7553, 0x7553, 0x7553, 0x7553, 0x7553,   // 0x02D0 (720) pixels
0x7553, 0x7553, 0x7553, 0x7553, 0x8DD5, 0xF7DE, 0xFFFF, 0xFFFF, 0xFFFF, 0xFFFF, 0xC6DA, 0xA637, 0x8DD5, 0x85B5, 0x8DD5, 0xA637,   // 0x02E0 (736) pixels
0xC6FA, 0xFFDF, 0xFFFF, 0xFFFF, 0xFFFF, 0xF7DE, 0x95F6, 0x8DD5, 0x9E17, 0x9E37, 0x95F6, 0x7D74, 0x7553, 0x7553, 0x7553, 0x7553,   // 0x02F0 (752) pixels
0x7553, 0x7553, 0x7553, 0x7553, 0x7553, 0x7553, 0x7553, 0x7553, 0x7553, 0x7553, 0x7553, 0x7553, 0x7553, 0x7553, 0x7553, 0xAE78,   // 0x0300 (768) pixels
0x95F6, 0x7553, 0x7553, 0x7553, 0x7553, 0x7553, 0x7553, 0x7553, 0x7553, 0x7553, 0x7553, 0x7553, 0x7553, 0x7553, 0x7553, 0x7553,   // 0x0310 (784) pixels
0x7553, 0x7553, 0x7553, 0x8594, 0xEFBE, 0xFFFF, 0xFFFF, 0xFFFF, 0xCF1B, 0x8594, 0x7553, 0x7553, 0x7553, 0x7553, 0x7553, 0x7553,   // 0x0320 (800) pixels
0x7553, 0x8594, 0xCF1B, 0xFFFF, 0xFFFF, 0xFFFF, 0xFFFF, 0xFFFF, 0xFFFF, 0xFFFF, 0xFFFF, 0xFFFF, 0xE77D, 0xB678, 0x7D94, 0x7553,   // 0x0330 (816) pixels
0x7553, 0x7553, 0x7553, 0x7553, 0x7553, 0x7553, 0x7553, 0x7553, 0x7553, 0x7553, 0x7553, 0x7553, 0x7553, 0x7553, 0x7553, 0x85B5,   // 0x0340 (832) pixels
0x8594, 0x7553, 0x7553, 0x7553, 0x7553, 0x7553, 0x7553, 0x7553, 0x7553, 0x7553, 0x7553, 0x7553, 0x7553, 0x7553, 0x7553, 0x7553,   // 0x0350 (848) pixels
0x7553, 0x7553, 0x7553, 0xDF5C, 0xFFFF, 0xFFFF, 0xFFFF, 0xAE78, 0x7553, 0x7553, 0x7553, 0x7553, 0x7553, 0x7553, 0x7553, 0x7553,   // 0x0360 (864) pixels
0x7553, 0x7553, 0xAE58, 0xF7DF, 0xFFFF, 0xFFFF, 0xFFFF, 0xFFFF, 0xFFFF, 0xFFFF, 0xFFFF, 0xFFFF, 0xFFFF, 0xFFFF, 0xFFDF, 0xB699,   // 0x0370 (880) pixels
0x7D74, 0x7553, 0x7553, 0x7553, 0x7553, 0x7553, 0x7553, 0x7553, 0x7553, 0x7553, 0x7553, 0x7553, 0x7553, 0x7553, 0x7553, 0x7553,   // 0x0380 (896) pixels
0x7573, 0x7553, 0x7553, 0x7553, 0x7553, 0x7553, 0x7553, 0x7553, 0x7553, 0x7553, 0x7553, 0x7553, 0x7553, 0x7553, 0x7553, 0x7553,   // 0x0390 (912) pixels
0x7553, 0x7553, 0x9E37, 0xFFFF, 0xFFFF, 0xFFFF, 0xB699, 0x7553, 0x7553, 0x7553, 0x7553, 0x7553, 0x7553, 0x7553, 0x7553, 0x7553,   // 0x03A0 (928) pixels
0x95F6, 0xDF5C, 0xFFFF, 0xFFFF, 0xFFFF, 0xFFFF, 0xFFFF, 0xFFFF, 0xEFBE, 0xEFBE, 0xFFDF, 0xFFFF, 0xFFFF, 0xFFFF, 0xFFFF, 0xFFFF,   // 0x03B0 (944) pixels
0xDF5C, 0x85B4, 0x7553, 0x7553, 0x7553, 0x7553, 0x7553, 0x7553, 0x7553, 0x7553, 0x7553, 0x7553, 0x7553, 0x7553, 0x7553, 0x7553,   // 0x03C0 (960) pixels
0x7553, 0x7553, 0x7553, 0x7553, 0x7553, 0x7553, 0x7553, 0x7553, 0x7553, 0x7553, 0x7553, 0x7553, 0x7553, 0x7553, 0x7553, 0x7553,   // 0x03D0 (976) pixels
0x7553, 0x7553, 0xE77D, 0xFFFF, 0xFFFF, 0xDF5C, 0x7553, 0x7553, 0x7553, 0x7553, 0x7553, 0x7553, 0x7553, 0x7553, 0x8DB5, 0xCEFB,   // 0x03E0 (992) pixels
0xFFFF, 0xFFFF, 0xFFFF, 0xFFFF, 0xFFFF, 0xCF1B, 0x9E17, 0x7553, 0x7553, 0x7553, 0x7553, 0x95D6, 0xC6DA, 0xF7DE, 0xFFFF, 0xFFFF,   // 0x03F0 (1008) pixels
0xFFFF, 0xEF9E, 0x85B5, 0x7553, 0x7553, 0x7553, 0x7553, 0x7553, 0x7553, 0x7553, 0x7553, 0x7553, 0x7553, 0x7553, 0x7553, 0x7553,   // 0x0400 (1024) pixels
0x7553, 0x7553, 0x7553, 0x7553, 0x7553, 0x7553, 0x7553, 0x7553, 0x7553, 0x7553, 0x7553, 0x7553, 0x7553, 0x7553, 0x7553, 0x7D74,   // 0x0410 (1040) pixels
0x9E17, 0xC6FA, 0xFFFF, 0xFFFF, 0xFFFF, 0x95F6, 0x7553, 0x7553, 0x7553, 0x7553, 0x7553, 0x7553, 0x7D94, 0xB699, 0xF7BE, 0xFFFF,   // 0x0420 (1056) pixels
0xFFFF, 0xFFFF, 0xFFFF, 0xD73C, 0x95F6, 0x7553, 0x7553, 0x7553, 0x7553, 0x7553, 0x7553, 0x7553, 0x7553, 0x8DB5, 0xCEFB, 0xFFFF,   // 0x0430 (1072) pixels
0xFFFF, 0xFFFF, 0xDF5C, 0x7D74, 0x7553, 0x7553, 0x7553, 0x7553, 0x7553, 0x7553, 0x7553, 0x7553, 0x7553, 0x7553, 0x7553, 0x7553,   // 0x0440 (1088) pixels
0x7553, 0x7553, 0x7553, 0x7553, 0x7553, 0x7553, 0x7553, 0x7553, 0x7553, 0x7553, 0x7553, 0x7553, 0x7553, 0x7553, 0xA657, 0xE79D,   // 0x0450 (1104) pixels
0xFFFF, 0xFFFF, 0xFFFF, 0xFFFF, 0xEF9E, 0x7573, 0x7553, 0x7553, 0x7553, 0x7553, 0x7553, 0x9E17, 0xEF9D, 0xFFFF, 0xFFFF, 0xFFFF,   // 0x0460 (1120) pixels
0xFFFF, 0xEF9E, 0xA637, 0x7D73, 0x7553, 0x7553, 0x7553, 0x7553, 0x7553, 0x7553, 0x7553, 0x7553, 0x7553, 0x7553, 0x7D73, 0xC6DA,   // 0x0470 (1136) pixels
0xFFFF, 0xFFFF, 0xFFFF, 0xBEB9, 0x7553, 0x7553, 0x7553, 0x7553, 0x7553, 0x7553, 0x7553, 0x7553, 0x7553, 0x7553, 0x7553, 0x7553,   // 0x0480 (1152) pixels
0x7553, 0x7553, 0x7553, 0x7553, 0x7553, 0x7553, 0x7553, 0x7553, 0x7553, 0x7553, 0x7553, 0x7553, 0x8594, 0xDF5C, 0xFFFF, 0xFFFF,   // 0x0490 (1168) pixels
0xFFFF, 0xFFFF, 0xFFFF, 0xFFFF, 0xD71B, 0x7553, 0x7553, 0x7553, 0x7553, 0x8DD5, 0xDF5C, 0xFFFF, 0xFFFF, 0xFFFF, 0xFFFF, 0xF7DF,   // 0x04A0 (1184) pixels
0xB678, 0x7D74, 0x7553, 0x7553, 0x7553, 0x7553, 0x7553, 0x7553, 0x7553, 0x7553, 0x7553, 0x7553, 0x7553, 0x7553, 0x7553, 0x7D73,   // 0x04B0 (1200) pixels
0xCEFB, 0xFFFF, 0xFFFF, 0xFFFF, 0x8594, 0x7553, 0x7553, 0x7553, 0x7553, 0x7553, 0x7553, 0x7553, 0x7553, 0x7553, 0x7553, 0x7553,   // 0x04C0 (1216) pixels
0x7553, 0x7553, 0x7553, 0x7553, 0x7553, 0x7553, 0x7553, 0x7553, 0x7553, 0x7553, 0x7553, 0x8DB5, 0xEFBE, 0xFFFF, 0xFFFF, 0xFFFF,   // 0x04D0 (1232) pixels
0xFFFF, 0xFFFF, 0xFFFF, 0xFFFF, 0xC6DA, 0x7553, 0x7553, 0x7553, 0x8DD5, 0xFFFF, 0xFFFF, 0xFFFF, 0xFFFF, 0xFFFF, 0xCF1B, 0x85B5,   // 0x04E0 (1248) pixels
0x7553, 0x7553, 0x7553, 0x7553, 0x7553, 0x7553, 0x95F6, 0xAE58, 0x85B5, 0x7553, 0x7553, 0x7553, 0x7553, 0x7553, 0x7553, 0x7553,   // 0x04F0 (1264) pixels
0x85B5, 0xF7BE, 0xFFFF, 0xFFFF, 0xBEB9, 0x7553, 0x7553, 0x7553, 0x7553, 0x7553, 0x7553, 0x7553, 0x7553, 0x7553, 0x7553, 0x7553,   // 0x0500 (1280) pixels
0x7553, 0x7553, 0x7553, 0x7553, 0x7553, 0x7553, 0x7553, 0x7553, 0x7553, 0x7553, 0x8594, 0xEFBE, 0xFFFF, 0xFFFF, 0xFFFF, 0xDF3C,   // 0x0510 (1296) pixels
0x95D6, 0xD73C, 0xFFFF, 0xFFFF, 0xBEB9, 0x7553, 0x7553, 0x7553, 0xB699, 0xFFFF, 0xFFFF, 0xFFFF, 0xDF5C, 0x95F6, 0x7553, 0x7553,   // 0x0520 (1312) pixels
0x7553, 0x7553, 0x7553, 0x7553, 0x85B5, 0xD71B, 0xFFFF, 0xFFFF, 0xFFDF, 0xB699, 0x7D74, 0x7553, 0x7553, 0x7553, 0x7553, 0x7553,   // 0x0530 (1328) pixels
0x7553, 0xBEB9, 0xFFFF, 0xFFFF, 0xEF9E, 0x7553, 0x7553, 0x7553, 0x7553, 0x7553, 0x7553, 0x7553, 0x7553, 0x7553, 0x7553, 0x7553,   // 0x0540 (1344) pixels
0x7553, 0x7553, 0x7553, 0x7553, 0x7553, 0x7553, 0x7553, 0x7553, 0x7553, 0x7D74, 0xD71B, 0xFFFF, 0xFFFF, 0xFFFF, 0xBEBA, 0x7573,   // 0x0550 (1360) pixels
0x7553, 0xD73C, 0xFFFF, 0xFFFF, 0xBEB9, 0x7553, 0x7553, 0x7553, 0xB699, 0xFFFF, 0xFFFF, 0xC6DA, 0x7573, 0x7553, 0x7553, 0x7553,   // 0x0560 (1376) pixels
0x7553, 0x7553, 0x8594, 0xB699, 0xF7BE, 0xFFFF, 0xFFFF, 0xFFFF, 0xFFFF, 0xFFFF, 0xE77D, 0xA637, 0x7D73, 0x7553, 0x7553, 0x7553,   // 0x0570 (1392) pixels
0x7553, 0x8DD5, 0xFFFF, 0xFFFF, 0xFFFF, 0x7D94, 0x7553, 0x7553, 0x7553, 0x7553, 0x7553, 0x7553, 0x7553, 0x7553, 0x7553, 0x7553,   // 0x0580 (1408) pixels
0x7553, 0x7553, 0x7553, 0x7553, 0x7553, 0x7553, 0x7553, 0x7553, 0x7553, 0xA637, 0xFFFF, 0xFFFF, 0xFFFF, 0xBEDA, 0x7553, 0x7553,   // 0x0590 (1424) pixels
0x7553, 0xD73C, 0xFFFF, 0xFFFF, 0xBEB9, 0x7553, 0x7553, 0x7553, 0xB699, 0xFFFF, 0xFFFF, 0xA637, 0x7553, 0x7553, 0x7553, 0x7553,   // 0x05A0 (1440) pixels
0x7553, 0xA637, 0xEF9E, 0xFFFF, 0xFFFF, 0xFFFF, 0xEFBE, 0xFFFF, 0xFFFF, 0xFFFF, 0xFFFF, 0xFFFF, 0xD73C, 0x8DB5, 0x7553, 0x7553,   // 0x05B0 (1456) pixels
0x7553, 0x7553, 0xF7DE, 0xFFFF, 0xFFFF, 0x8DD5, 0x7553, 0x7553, 0x7553, 0x7553, 0x7553, 0x7553, 0x7553, 0x7553, 0x7553, 0x7553,   // 0x05C0 (1472) pixels
0x7553, 0x7553, 0x7553, 0x7553, 0x7553, 0x7553, 0x7553, 0x7553, 0x7D73, 0xDF5C, 0xFFFF, 0xFFFF, 0xE77D, 0x7553, 0x7553, 0x7553,   // 0x05D0 (1488) pixels
0x7553, 0xD73C, 0xFFFF, 0xFFFF, 0xBEB9, 0x7553, 0x7553, 0x7553, 0xB699, 0xFFFF, 0xFFFF, 0xA637, 0x7553, 0x7553, 0x7553, 0x95F6,   // 0x05E0 (1504) pixels
0xDF5C, 0xFFFF, 0xFFFF, 0xFFFF, 0xFFDF, 0xB678, 0x7D74, 0x8594, 0xC6DA, 0xFFFF, 0xFFFF, 0xFFFF, 0xFFFF, 0xFFFF, 0xC6FA, 0x7D94,   // 0x05F0 (1520) pixels
0x7553, 0x7553, 0xE79D, 0xFFFF, 0xFFFF, 0x9E16, 0x7553, 0x7553, 0x7553, 0x7553, 0x7553, 0x7553, 0x7553, 0x7553, 0x7553, 0x7553,   // 0x0600 (1536) pixels
0x7553, 0x7553, 0x7553, 0x7553, 0x7553, 0x7553, 0x7553, 0x7553, 0x95F6, 0xFFFF, 0xFFFF, 0xFFFF, 0x95F6, 0x7553, 0x7553, 0x7553,   // 0x0610 (1552) pixels
0x7553, 0xD73C, 0xFFFF, 0xFFFF, 0xBEB9, 0x7553, 0x7553, 0x7553, 0xB699, 0xFFFF, 0xFFFF, 0xA637, 0x7553, 0x85B5, 0xCF1B, 0xFFFF,   // 0x0620 (1568) pixels
0xFFFF, 0xFFFF, 0xFFFF, 0xC6DA, 0x8594, 0x7553, 0x7553, 0x7553, 0x7553, 0x8DD5, 0xDF5C, 0xFFFF, 0xFFFF, 0xFFFF, 0xFFFF, 0xF7DE,   // 0x0630 (1584) pixels
0xB699, 0x7D73, 0xEF9D, 0xFFFF, 0xFFFF, 0x9616, 0x7553, 0x7553, 0x7553, 0x7553, 0x7553, 0x7553, 0x7553, 0x7553, 0x7553, 0x7553,   // 0x0640 (1600) pixels
0x7553, 0x7553, 0x7553, 0x7553, 0x7553, 0x7553, 0x7553, 0x7553, 0xB699, 0xFFFF, 0xFFFF, 0xEF9D, 0x7553, 0x7553, 0x7553, 0x7553,   // 0x0650 (1616) pixels
0x7553, 0xD73C, 0xFFFF, 0xFFFF, 0xBEB9, 0x7553, 0x7553, 0x7553, 0xB699, 0xFFFF, 0xFFFF, 0xA658, 0xB699, 0xF7DF, 0xFFFF, 0xFFFF,   // 0x0660 (1632) pixels
0xFFFF, 0xFFFF, 0xFFFF, 0xBEBA, 0x7D74, 0x7553, 0x7553, 0x7553, 0x7553, 0x7553, 0x7553, 0xA637, 0xEFBE, 0xFFFF, 0xFFFF, 0xFFFF,   // 0x0670 (1648) pixels
0xFFFF, 0xEF9E, 0xFFDF, 0xFFFF, 0xFFFF, 0x8DD5, 0x7553, 0x7553, 0x7553, 0x7553, 0x7553, 0x7553, 0x7553, 0x7553, 0x7553, 0x7553,   // 0x0680 (1664) pixels
0x7553, 0x7553, 0x7553, 0x7553, 0x7553, 0x7553, 0x7553, 0x7553, 0xD73B, 0xFFFF, 0xFFFF, 0xBEBA, 0x7553, 0x7553, 0x7553, 0x7553,   // 0x0690 (1680) pixels
0x7553, 0xD73C, 0xFFFF, 0xFFFF, 0xBEB9, 0x7553, 0x7553, 0x7553, 0xB699, 0xFFFF, 0xFFFF, 0xFFFF, 0xFFFF, 0xFFFF, 0xFFFF, 0xEF9E,   // 0x06A0 (1696) pixels
0xEF9E, 0xFFFF, 0xFFFF, 0xFFFF, 0xF7DF, 0xAE58, 0x7553, 0x7553, 0x7553, 0x7553, 0x7553, 0x7553, 0x7573, 0xB699, 0xF7DF, 0xFFFF,   // 0x06B0 (1712) pixels
0xFFFF, 0xFFFF, 0xFFFF, 0xFFFF, 0xFFFF, 0x7D74, 0x7553, 0x7553, 0x7553, 0x7553, 0x7553, 0x7553, 0x7553, 0x7553, 0x7553, 0x7553,   // 0x06C0 (1728) pixels
0x7553, 0x7553, 0x7553, 0x7553, 0x7553, 0x7553, 0x7553, 0x7553, 0xE77D, 0xFFFF, 0xFFFF, 0xAE78, 0x7553, 0x7553, 0x7553, 0x7553,   // 0x06D0 (1744) pixels
0x7553, 0xD73C, 0xFFFF, 0xFFFF, 0xBEB9, 0x7553, 0x7553, 0x7553, 0xB699, 0xFFFF, 0xFFFF, 0xFFFF, 0xFFFF, 0xF7DE, 0xB699, 0x7D74,   // 0x06E0 (1760) pixels
0x7573, 0xB699, 0xF7DE, 0xFFFF, 0xFFFF, 0xFFFF, 0xE77D, 0x95F6, 0x7553, 0x7553, 0x7553, 0x7553, 0x7553, 0x7553, 0x8594, 0xCF1B,   // 0x06F0 (1776) pixels
0xFFFF, 0xFFFF, 0xFFFF, 0xFFFF, 0xEF9E, 0x7553, 0x7553, 0x7553, 0x7553, 0x7553, 0x7553, 0x7553, 0x7553, 0x7553, 0x7553, 0x7553,   // 0x0700 (1792) pixels
0x7553, 0x7553, 0x7553, 0x7553, 0x7553, 0x7553, 0x7553, 0x7553, 0xEF9D, 0xFFFF, 0xFFFF, 0xAE58, 0x7553, 0x7553, 0x7553, 0x7553,   // 0x0710 (1808) pixels
0x7553, 0xD73C, 0xFFFF, 0xFFFF, 0xBEB9, 0x7553, 0x7553, 0x7553, 0xB699, 0xFFFF, 0xFFFF, 0xFFFF, 0xCEFB, 0x8594, 0x7553, 0x7553,   // 0x0720 (1824) pixels
0x7553, 0x7553, 0x7D94, 0xC6DA, 0xFFFF, 0xFFFF, 0xFFFF, 0xFFFF, 0xD71B, 0x8DB5, 0x7553, 0x7553, 0x7553, 0x7553, 0x7553, 0x7553,   // 0x0730 (1840) pixels
0x95F6, 0xEF9D, 0xFFFF, 0xFFFF, 0xFFFF, 0xA658, 0x7553, 0x7553, 0x7553, 0x7553, 0x7553, 0x7553, 0x7553, 0x7553, 0x7553, 0x7553,   // 0x0740 (1856) pixels
0x7553, 0x7553, 0x7553, 0x7553, 0x7553, 0x7553, 0x7553, 0x7553, 0xDF5D, 0xFFFF, 0xFFFF, 0xB699, 0x7553, 0x7553, 0x7553, 0x7553,   // 0x0750 (1872) pixels
0x7553, 0xD73C, 0xFFFF, 0xFFFF, 0xBEB9, 0x7553, 0x7553, 0x7553, 0xB699, 0xFFFF, 0xFFFF, 0xB699, 0x7553, 0x7553, 0x7553, 0x7553,   // 0x0760 (1888) pixels
0x7553, 0x7553, 0x7553, 0x7553, 0xA657, 0xFFFF, 0xFFFF, 0xFFFF, 0xFFFF, 0xF7BE, 0xBEB9, 0x8594, 0x7553, 0x7553, 0x7553, 0x7553,   // 0x0770 (1904) pixels
0x7553, 0x85B4, 0xE77D, 0xFFFF, 0xFFFF, 0xF7DF, 0x85B5, 0x7553, 0x7553, 0x7553, 0x7553, 0x7553, 0x7553, 0x7553, 0x7553, 0x7553,   // 0x0780 (1920) pixels
0x7553, 0x7553, 0x7553, 0x7553, 0x7553, 0x7553, 0x7553, 0x7553, 0xC6FA, 0xFFFF, 0xFFFF, 0xCEFB, 0x7553, 0x7553, 0x7553, 0x7553,   // 0x0790 (1936) pixels
0x7553, 0xD73C, 0xFFFF, 0xFFFF, 0xBEDA, 0x7553, 0x7553, 0x7553, 0xB699, 0xFFFF, 0xFFFF, 0xA637, 0x7553, 0x7553, 0x7553, 0x7553,   // 0x07A0 (1952) pixels
0x7553, 0x7553, 0x7553, 0x7553, 0x95F6, 0xFFFF, 0xFFFF, 0xFFFF, 0xFFFF, 0xFFFF, 0xFFFF, 0xE79D, 0xA637, 0x7553, 0x7553, 0x7553,   // 0x07B0 (1968) pixels
0x7553, 0x7553, 0x8DB5, 0xF7DF, 0xFFFF, 0xFFFF, 0xCEFB, 0x7553, 0x7553, 0x7553, 0x7553, 0x7553, 0x7553, 0x7553, 0x7553, 0x7553,   // 0x07C0 (1984) pixels
0x7553, 0x7553, 0x7553, 0x7553, 0x7553, 0x7553, 0x7553, 0x7553, 0xA657, 0xFFFF, 0xFFFF, 0xF7DF, 0x7D74, 0x7553, 0x7553, 0x7553,   // 0x07D0 (2000) pixels
0x7553, 0xCF1B, 0xFFFF, 0xFFFF, 0xF7DF, 0xBEBA, 0x7D94, 0x7553, 0xB699, 0xFFFF, 0xFFFF, 0xA637, 0x7553, 0x7553, 0x7553, 0x7553,   // 0x07E0 (2016) pixels
0x7553, 0x7553, 0x7553, 0x7553, 0x95F6, 0xFFFF, 0xFFFF, 0xBEDA, 0xB699, 0xF7DF, 0xFFFF, 0xFFFF, 0xFFFF, 0xDF5C, 0x8DB5, 0x7553,   // 0x07F0 (2032) pixels
0x7553, 0x7553, 0x7553, 0xAE58, 0xFFFF, 0xFFFF, 0xFFDF, 0x7D74, 0x7553, 0x7553, 0x7553, 0x7553, 0x7553, 0x7553, 0x7553, 0x7553,   // 0x0800 (2048) pixels
0x7553, 0x7553, 0x7553, 0x7553, 0x7553, 0x7553, 0x7553, 0x7553, 0x85B5, 0xF7DF, 0xFFFF, 0xFFFF, 0xB678, 0x7553, 0x7553, 0x7553,   // 0x0810 (2064) pixels
0x7553, 0x95F6, 0xE77D, 0xFFFF, 0xFFFF, 0xFFFF, 0xEF9E, 0xA637, 0xB699, 0xFFFF, 0xFFFF, 0xA637, 0x7553, 0x7553, 0x7553, 0x7553,   // 0x0820 (2080) pixels
0x7553, 0x7553, 0x7553, 0x7553, 0x95F6, 0xFFFF, 0xFFFF, 0xB699, 0x7553, 0x85B5, 0xD73C, 0xFFFF, 0xFFFF, 0xFFFF, 0xDF3C, 0x7553,   // 0x0830 (2096) pixels
0x7553, 0x7553, 0x7553, 0x7D73, 0xF7DF, 0xFFFF, 0xFFFF, 0xAE58, 0x7553, 0x7553, 0x7553, 0x7553, 0x7553, 0x7553, 0x7553, 0x7553,   // 0x0840 (2112) pixels
0x7553, 0x7553, 0x7553, 0x7553, 0x7553, 0x7553, 0x7553, 0x7553, 0x7553, 0xC6DA, 0xFFFF, 0xFFFF, 0xF7DF, 0x8594, 0x7553, 0x7553,   // 0x0850 (2128) pixels
0x7553, 0x7553, 0x7D73, 0xB678, 0xF7BE, 0xFFFF, 0xFFFF, 0xFFFF, 0xF7DF, 0xFFFF, 0xFFFF, 0xA637, 0x7553, 0x7553, 0x7553, 0x7553,   // 0x0860 (2144) pixels
0x7553, 0x7553, 0x7553, 0x7553, 0x95F6, 0xFFFF, 0xFFFF, 0xB699, 0x7553, 0x7553, 0x7553, 0xB699, 0xFFFF, 0xFFFF, 0xE77D, 0x7553,   // 0x0870 (2160) pixels
0x7553, 0x7553, 0x7553, 0x7553, 0xCF1B, 0xFFFF, 0xFFFF, 0xCEFB, 0x7553, 0x7553, 0x7553, 0x7553, 0x7553, 0x7553, 0x7553, 0x7553,   // 0x0880 (2176) pixels
0x7553, 0x7553, 0x7553, 0x7553, 0x7553, 0x7553, 0x7553, 0x7553, 0x7553, 0x8DD5, 0xF7DE, 0xFFFF, 0xFFFF, 0xDF5C, 0x8594, 0x7553,   // 0x0890 (2192) pixels
0x7553, 0x7553, 0x7553, 0x7553, 0x85B5, 0xC6FA, 0xF7DF, 0xFFFF, 0xFFFF, 0xFFFF, 0xFFFF, 0xAE78, 0x7553, 0x7553, 0x7553, 0x7553,   // 0x08A0 (2208) pixels
0x7553, 0x7553, 0x7553, 0x7553, 0x9E17, 0xFFFF, 0xFFFF, 0xB699, 0x7553, 0x7553, 0x7553, 0xAE78, 0xFFFF, 0xFFFF, 0xE77D, 0x7553,   // 0x08B0 (2224) pixels
0x7553, 0x7553, 0x7553, 0x7553, 0xAE78, 0xFFFF, 0xFFFF, 0xDF5C, 0x7553, 0x7553, 0x7553, 0x7553, 0x7553, 0x7553, 0x7553, 0x7553,   // 0x08C0 (2240) pixels
0x7553, 0x7553, 0x7553, 0x7553, 0x7553, 0x7553, 0x7553, 0x7553, 0x7553, 0x7553, 0xB678, 0xFFFF, 0xFFFF, 0xFFFF, 0xE77D, 0x85B5,   // 0x08D0 (2256) pixels
0x7553, 0x7553, 0x7553, 0x7553, 0x7553, 0x7553, 0x95F6, 0xDF5C, 0xFFFF, 0xFFFF, 0xFFFF, 0xF7DF, 0xB699, 0x7D74, 0x7553, 0x7553,   // 0x08E0 (2272) pixels
0x7553, 0x7553, 0x7D73, 0xB699, 0xF7BE, 0xFFFF, 0xFFFF, 0xB699, 0x7553, 0x7553, 0x7553, 0xAE78, 0xFFFF, 0xFFFF, 0xE77D, 0x7553,   // 0x08F0 (2288) pixels
0x7553, 0x7553, 0x7553, 0x7553, 0x9E17, 0xFFFF, 0xFFFF, 0xE77D, 0x7D74, 0x7553, 0x7553, 0x7553, 0x7553, 0x7553, 0x7553, 0x7553,   // 0x0900 (2304) pixels
0x7553, 0x7553, 0x7553, 0x7553, 0x7553, 0x7553, 0x7553, 0x7553, 0x7553, 0x7553, 0x7553, 0xE77D, 0xFFFF, 0xFFFF, 0xFFFF, 0xF7DF,   // 0x0910 (2320) pixels
0xBEDA, 0x7D74, 0x7553, 0x7553, 0x7553, 0x7553, 0x7553, 0x7553, 0xA637, 0xEF9E, 0xFFFF, 0xFFFF, 0xFFFF, 0xEF9E, 0xA637, 0x7553,   // 0x0920 (2336) pixels
0x7553, 0xA637, 0xEF9D, 0xFFFF, 0xFFFF, 0xFFFF, 0xFFFF, 0xB699, 0x7553, 0x7553, 0x7553, 0xAE78, 0xFFFF, 0xFFFF, 0xE77D, 0x7553,   // 0x0930 (2352) pixels
0x7553, 0x7553, 0x7553, 0x7553, 0x9E37, 0xFFFF, 0xFFFF, 0xE77D, 0x7D74, 0x7553, 0x7553, 0x7553, 0x7553, 0x7553, 0x7553, 0x7553,   // 0x0940 (2368) pixels
0x7553, 0x7553, 0x7553, 0x7553, 0x7553, 0x7553, 0x7553, 0x7553, 0x7553, 0x7553, 0x7553, 0xF7BE, 0xFFFF, 0xFFFF, 0xFFFF, 0xFFFF,   // 0x0950 (2384) pixels
0xFFFF, 0xEFBE, 0xA637, 0x7553, 0x7553, 0x7553, 0x7553, 0x7553, 0x7553, 0x7D73, 0xBEB9, 0xFFDF, 0xFFFF, 0xFFFF, 0xFFFF, 0xDF5C,   // 0x0960 (2400) pixels
0xDF5C, 0xFFFF, 0xFFFF, 0xFFFF, 0xFFFF, 0xFFFF, 0xFFFF, 0xB699, 0x7553, 0x7553, 0x7553, 0xAE78, 0xFFFF, 0xFFFF, 0xE77D, 0x7553,   // 0x0970 (2416) pixels
0x7553, 0x7553, 0x7553, 0x7553, 0xB699, 0xFFFF, 0xFFFF, 0xD73C, 0x7553, 0x7553, 0x7553, 0x7553, 0x7553, 0x7553, 0x7553, 0x7553,   // 0x0980 (2432) pixels
0x7553, 0x7553, 0x7553, 0x7553, 0x7553, 0x7553, 0x7553, 0x7553, 0x7553, 0x7553, 0x8594, 0xFFFF, 0xFFFF, 0xFFFF, 0xF7DE, 0xFFFF,   // 0x0990 (2448) pixels
0xFFFF, 0xFFFF, 0xFFFF, 0xE77D, 0x95F6, 0x7553, 0x7553, 0x7553, 0x7553, 0x7553, 0x7553, 0x7D94, 0xCEFB, 0xFFFF, 0xFFFF, 0xFFFF,   // 0x09A0 (2464) pixels
0xFFFF, 0xFFFF, 0xFFFF, 0xD73C, 0xA637, 0xFFFF, 0xFFFF, 0xB699, 0x7553, 0x7553, 0x7553, 0xAE78, 0xFFFF, 0xFFFF, 0xE77D, 0x7553,   // 0x09B0 (2480) pixels
0x7553, 0x7553, 0x7553, 0x7553, 0xDF5C, 0xFFFF, 0xFFFF, 0xC6DA, 0x7553, 0x7553, 0x7553, 0x7553, 0x7553, 0x7553, 0x7553, 0x7553,   // 0x09C0 (2496) pixels
0x7553, 0x7553, 0x7553, 0x7553, 0x7553, 0x7553, 0x7553, 0x7553, 0x7553, 0x7553, 0x95F6, 0xFFFF, 0xFFFF, 0xFFDF, 0x7D94, 0xC6FA,   // 0x09D0 (2512) pixels
0xFFDF, 0xFFFF, 0xFFFF, 0xFFFF, 0xFFFF, 0xC6DA, 0x85B5, 0x7553, 0x7553, 0x7553, 0x7553, 0x7573, 0xAE58, 0xF7BE, 0xFFFF, 0xFFFF,   // 0x09E0 (2528) pixels
0xFFFF, 0xE79D, 0x9E17, 0x7553, 0x8DD5, 0xFFFF, 0xFFFF, 0xB699, 0x7553, 0x7553, 0x7553, 0xAE78, 0xFFFF, 0xFFFF, 0xE77D, 0x7553,   // 0x09F0 (2544) pixels
0x7553, 0x7553, 0x7553, 0x8594, 0xFFFF, 0xFFFF, 0xFFFF, 0x9E17, 0x7553, 0x7553, 0x7553, 0x7553, 0x7553, 0x7553, 0x7553, 0x7553,   // 0x0A00 (2560) pixels
0x7553, 0x7553, 0x7553, 0x7553, 0x7553, 0x7553, 0x7553, 0x7553, 0x7553, 0x7553, 0x95F6, 0xFFFF, 0xFFFF, 0xF7DF, 0x7553, 0x7553,   // 0x0A10 (2576) pixels
0x8DD5, 0xD73C, 0xFFFF, 0xFFFF, 0xFFFF, 0xFFFF, 0xF7DF, 0xB699, 0x7D74, 0x7553, 0x9E16, 0xE77D, 0xFFFF, 0xFFFF, 0xFFFF, 0xF7BE,   // 0x0A20 (2592) pixels
0xAE78, 0x7553, 0x7553, 0x7553, 0x8DD5, 0xFFFF, 0xFFFF, 0xB699, 0x7553, 0x7553, 0x7553, 0xAE78, 0xFFFF, 0xFFFF, 0xE77D, 0x7553,   // 0x0A30 (2608) pixels
0x7553, 0x7553, 0x7553, 0xC6FA, 0xFFFF, 0xFFFF, 0xEFBE, 0x7553, 0x7553, 0x7553, 0x7553, 0x7553, 0x7553, 0x7553, 0x7553, 0x7553,   // 0x0A40 (2624) pixels
0x7553, 0x7553, 0x7553, 0x7553, 0x7553, 0x7553, 0x7553, 0x7553, 0x7553, 0x7553, 0x8DD5, 0xFFFF, 0xFFFF, 0xFFFF, 0x7573, 0x7553,   // 0x0A50 (2640) pixels
0x7553, 0x7553, 0x9E17, 0xE77D, 0xFFFF, 0xFFFF, 0xFFFF, 0xFFFF, 0xEFBE, 0xD73C, 0xFFFF, 0xFFFF, 0xFFFF, 0xFFDF, 0xBEDA, 0x7D74,   // 0x0A60 (2656) pixels
0x7553, 0x7553, 0x7553, 0x7553, 0x8DD5, 0xFFFF, 0xFFFF, 0xB699, 0x7553, 0x7553, 0x7553, 0xAE78, 0xFFFF, 0xFFFF, 0xE77D, 0x7553,   // 0x0A70 (2672) pixels
0x7553, 0x7553, 0xA637, 0xFFFF, 0xFFFF, 0xFFFF, 0xB699, 0x7553, 0x7553, 0x7553, 0x7553, 0x7553, 0x7553, 0x7553, 0x7553, 0x7553,   // 0x0A80 (2688) pixels
0x7553, 0x7553, 0x7553, 0x7553, 0x7553, 0x7553, 0x7553, 0x7553, 0x7553, 0x7553, 0x7D73, 0xFFFF, 0xFFFF, 0xFFFF, 0x95F6, 0x7553,   // 0x0A90 (2704) pixels
0x7553, 0x7553, 0x7553, 0x7D94, 0xB678, 0xF7BE, 0xFFFF, 0xFFFF, 0xFFFF, 0xFFFF, 0xFFFF, 0xFFFF, 0xD71B, 0x95F6, 0x7553, 0x7553,   // 0x0AA0 (2720) pixels
0x7553, 0x7553, 0x7553, 0x7553, 0xA637, 0xFFFF, 0xFFFF, 0xB699, 0x7553, 0x7553, 0x7553, 0xAE78, 0xFFFF, 0xFFFF, 0xE77D, 0x7553,   // 0x0AB0 (2736) pixels
0x7553, 0x9E37, 0xF7DF, 0xFFFF, 0xFFFF, 0xE79D, 0x7D74, 0x7553, 0x7553, 0x7553, 0x7553, 0x7553, 0x7553, 0x7553, 0x7553, 0x7553,   // 0x0AC0 (2752) pixels
0x7553, 0x7553, 0x7553, 0x7553, 0x7553, 0x7553, 0x7553, 0x7553, 0x7553, 0x7553, 0x7553, 0xE77D, 0xFFFF, 0xFFFF, 0xC6DA, 0x7553,   // 0x0AD0 (2768) pixels
0x7553, 0x7553, 0x7553, 0x7553, 0x7553, 0x85B5, 0xC6FA, 0xFFFF, 0xFFFF, 0xFFFF, 0xEF9E, 0x9E37, 0x7573, 0x7553, 0x7553, 0x7553,   // 0x0AE0 (2784) pixels
0x7553, 0x7553, 0x8594, 0xC6DA, 0xF7DF, 0xFFFF, 0xFFFF, 0xB699, 0x7553, 0x7553, 0x7553, 0xAE78, 0xFFFF, 0xFFFF, 0xE77D, 0x7D94,   // 0x0AF0 (2800) pixels
0xBEB9, 0xFFDF, 0xFFFF, 0xFFFF, 0xFFFF, 0x8DD5, 0x7553, 0x7553, 0x7553, 0x7553, 0x7553, 0x7553, 0x7553, 0x7553, 0x7553, 0x7553,   // 0x0B00 (2816) pixels
0x7553, 0x7553, 0x7553, 0x7553, 0x7553, 0x7553, 0x7553, 0x7553, 0x7553, 0x7553, 0x7553, 0xBEB9, 0xFFFF, 0xFFFF, 0xF7DE, 0x7D74,   // 0x0B10 (2832) pixels
0x7553, 0x7553, 0x7553, 0x7553, 0x7553, 0x7553, 0x7553, 0x8DD5, 0xC6DA, 0xAE78, 0x7D74, 0x7553, 0x7553, 0x7553, 0x7553, 0x7553,   // 0x0B20 (2848) pixels
0x7D74, 0xB678, 0xF7BE, 0xFFFF, 0xFFFF, 0xFFFF, 0xFFFF, 0x9E37, 0x7553, 0x7553, 0x7553, 0xB678, 0xFFFF, 0xFFFF, 0xFFDF, 0xF7BE,   // 0x0B30 (2864) pixels
0xFFFF, 0xFFFF, 0xFFFF, 0xFFFF, 0x9E17, 0x7553, 0x7553, 0x7553, 0x7553, 0x7553, 0x7553, 0x7553, 0x7553, 0x7553, 0x7553, 0x7553,   // 0x0B40 (2880) pixels
0x7553, 0x7553, 0x7553, 0x7553, 0x7553, 0x7553, 0x7553, 0x7553, 0x7553, 0x7553, 0x7553, 0x8594, 0xFFDF, 0xFFFF, 0xFFFF, 0xCEFB,   // 0x0B50 (2896) pixels
0x7573, 0x7553, 0x7553, 0x7553, 0x7553, 0x7553, 0x7553, 0x7553, 0x7553, 0x7553, 0x7553, 0x7553, 0x7553, 0x7553, 0x7573, 0x9E16,   // 0x0B60 (2912) pixels
0xE77D, 0xFFFF, 0xFFFF, 0xFFFF, 0xFFFF, 0xEFBE, 0xAE78, 0x7553, 0x7553, 0x7553, 0x7553, 0xBEBA, 0xFFFF, 0xFFFF, 0xFFFF, 0xFFFF,   // 0x0B70 (2928) pixels
0xFFFF, 0xFFFF, 0xEFBE, 0x9E17, 0x7553, 0x7553, 0x7553, 0x7553, 0x7553, 0x7553, 0x7553, 0x7553, 0x7553, 0x7553, 0x7553, 0x7553,   // 0x0B80 (2944) pixels
0x7553, 0x7553, 0x7553, 0x7553, 0x7553, 0x7553, 0x7553, 0x7553, 0x7553, 0x7553, 0x7553, 0x7553, 0xB699, 0xFFFF, 0xFFFF, 0xFFFF,   // 0x0B90 (2960) pixels
0xB699, 0x7573, 0x7553, 0x7553, 0x7553, 0x7553, 0x7553, 0x7553, 0x7553, 0x7553, 0x7553, 0x7553, 0x7553, 0x8DD5, 0xD73C, 0xFFFF,   // 0x0BA0 (2976) pixels
0xFFFF, 0xFFFF, 0xFFFF, 0xF7DF, 0xC6DA, 0x7D74, 0x7553, 0x7553, 0x7553, 0x7553, 0x7553, 0xD73C, 0xFFFF, 0xFFFF, 0xFFFF, 0xFFFF,   // 0x0BB0 (2992) pixels
0xF7DF, 0xC6FA, 0x7D94, 0x7553, 0x7553, 0x7553, 0x7553, 0x7553, 0x7553, 0x7553, 0x7553, 0x7553, 0x7553, 0x7553, 0x7553, 0x7553,   // 0x0BC0 (3008) pixels
0x7553, 0x7553, 0x7553, 0x7553, 0x7553, 0x7553, 0x7553, 0x7553, 0x7553, 0x7553, 0x7553, 0x7553, 0x7D74, 0xE77D, 0xFFFF, 0xFFFF,   // 0x0BD0 (3024) pixels
0xFFFF, 0xBEDA, 0x8594, 0x7553, 0x7553, 0x7553, 0x7553, 0x7553, 0x7553, 0x7553, 0x7553, 0x8594, 0xBEB9, 0xF7DE, 0xFFFF, 0xFFFF,   // 0x0BE0 (3040) pixels
0xFFFF, 0xFFFF, 0xCF1B, 0x95D6, 0x7553, 0x7553, 0x7553, 0x7553, 0x7553, 0x7553, 0x8DB5, 0xF7DE, 0xFFFF, 0xFFFF, 0xDF5C, 0xB699,   // 0x0BF0 (3056) pixels
0x8DD5, 0x7553, 0x7553, 0x7553, 0x7553, 0x7553, 0x7553, 0x7553, 0x7553, 0x7553, 0x7553, 0x7553, 0x7553, 0x7553, 0x7553, 0x7553,   // 0x0C00 (3072) pixels
0x7553, 0x7553, 0x7553, 0x7553, 0x7553, 0x7553, 0x7553, 0x7553, 0x7553, 0x7553, 0x7553, 0x7553, 0x7553, 0x85B5, 0xEFBE, 0xFFFF,   // 0x0C10 (3088) pixels
0xFFFF, 0xFFFF, 0xEF9D, 0xAE78, 0x7D74, 0x7553, 0x7553, 0x7553, 0x7553, 0x7D94, 0xB699, 0xEFBE, 0xFFFF, 0xFFFF, 0xFFFF, 0xFFFF,   // 0x0C20 (3104) pixels
0xE79D, 0x9E17, 0x7553, 0x7553, 0x7553, 0x7553, 0x7553, 0x7553, 0x7553, 0x7553, 0xC6DA, 0xFFFF, 0xFFFF, 0xF7BE, 0x7D74, 0x7553,   // 0x0C30 (3120) pixels
0x7553, 0x7553, 0x7553, 0x7553, 0x7553, 0x7553, 0x7553, 0x7553, 0x7553, 0x7553, 0x7553, 0x7553, 0x7553, 0x7553, 0x7553, 0x7553,   // 0x0C40 (3136) pixels
0x7553, 0x7553, 0x7553, 0x7553, 0x7553, 0x7553, 0x7553, 0x7553, 0x7553, 0x7553, 0x7553, 0x7553, 0x7553, 0x7553, 0x85B5, 0xE79D,   // 0x0C50 (3152) pixels
0xFFFF, 0xFFFF, 0xFFFF, 0xFFFF, 0xFFFF, 0xE79D, 0xDF5C, 0xDF5C, 0xEF9E, 0xFFFF, 0xFFFF, 0xFFFF, 0xFFFF, 0xFFFF, 0xF7BE, 0xAE78,   // 0x0C60 (3168) pixels
0x7D73, 0x7553, 0x7553, 0x7553, 0x7553, 0x7553, 0x7553, 0x7553, 0x7553, 0x9E16, 0xFFFF, 0xFFFF, 0xFFFF, 0xB679, 0x7553, 0x7553,   // 0x0C70 (3184) pixels
0x7553, 0x7553, 0x7553, 0x7553, 0x7553, 0x7553, 0x7553, 0x7553, 0x7553, 0x7553, 0x7553, 0x7553, 0x7553, 0x7553, 0x7553, 0x7553,   // 0x0C80 (3200) pixels
0x7D94, 0x7553, 0x7553, 0x7553, 0x7553, 0x7553, 0x7553, 0x7553, 0x7553, 0x7553, 0x7553, 0x7553, 0x7553, 0x7553, 0x7553, 0x7D74,   // 0x0C90 (3216) pixels
0xC6FA, 0xFFFF, 0xFFFF, 0xFFFF, 0xFFFF, 0xFFFF, 0xFFFF, 0xFFFF, 0xFFFF, 0xFFFF, 0xFFFF, 0xFFFF, 0xFFFF, 0xC6FA, 0x8594, 0x7553,   // 0x0CA0 (3232) pixels
0x7553, 0x7553, 0x7553, 0x7553, 0x7553, 0x7553, 0x7553, 0x7553, 0x8DD5, 0xF7DF, 0xFFFF, 0xFFFF, 0xEFBE, 0x7D74, 0x7553, 0x7553,   // 0x0CB0 (3248) pixels
0x7553, 0x7553, 0x7553, 0x7553, 0x7553, 0x7553, 0x7553, 0x7553, 0x7553, 0x7553, 0x7553, 0x7553, 0x7553, 0x7553, 0x7553, 0x7553,   // 0x0CC0 (3264) pixels
0x95D6, 0x7553, 0x7553, 0x7553, 0x7553, 0x7553, 0x7553, 0x7553, 0x7553, 0x7553, 0x7553, 0x7553, 0x7553, 0x7553, 0x7553, 0x7553,   // 0x0CD0 (3280) pixels
0x7553, 0x8DB5, 0xC6FA, 0xF7DE, 0xFFFF, 0xFFFF, 0xFFFF, 0xFFFF, 0xFFFF, 0xFFFF, 0xFFFF, 0xFFFF, 0xFFFF, 0xBEBA, 0x7D74, 0x7553,   // 0x0CE0 (3296) pixels
0x7553, 0x7553, 0x7553, 0x7553, 0x7553, 0x7553, 0x7553, 0xAE78, 0xFFDF, 0xFFFF, 0xFFFF, 0xFFDF, 0x95F6, 0x7553, 0x7553, 0x7553,   // 0x0CF0 (3312) pixels
0x7553, 0x7553, 0x7553, 0x7553, 0x7553, 0x7553, 0x7553, 0x7553, 0x7553, 0x7553, 0x7553, 0x7553, 0x7553, 0x7553, 0x7553, 0x7553,   // 0x0D00 (3328) pixels
0xAE78, 0x7553, 0x7553, 0x7553, 0x7553, 0x7553, 0x7553, 0x7553, 0x7553, 0x7553, 0x7553, 0x7553, 0x7553, 0x7553, 0x7553, 0x7553,   // 0x0D10 (3344) pixels
0x7553, 0x7553, 0x7553, 0x7553, 0x8DD5, 0xAE78, 0xB699, 0xB699, 0xAE58, 0xA637, 0xFFDF, 0xFFFF, 0xFFFF, 0xFFFF, 0xEF9E, 0xB699,   // 0x0D20 (3360) pixels
0x8DD5, 0x7D74, 0x7553, 0x7D73, 0x8DB5, 0xAE58, 0xE77D, 0xFFFF, 0xFFFF, 0xFFFF, 0xFFFF, 0xAE58, 0x7553, 0x7553, 0x7553, 0x7553,   // 0x0D30 (3376) pixels
0x7553, 0x7553, 0x7553, 0x7553, 0x7553, 0x7553, 0x7553, 0x7553, 0x7553, 0x7553, 0x7553, 0x7553, 0x7553, 0x7553, 0x7553, 0x8DD5,   // 0x0D40 (3392) pixels
0xDF5C, 0x7553, 0x7553, 0x7553, 0x7553, 0x7553, 0x7553, 0x7553, 0x7553, 0x7553, 0x7553, 0x7553, 0x7553, 0x7553, 0x7553, 0x7553,   // 0x0D50 (3408) pixels
0x7553, 0x7553, 0x7553, 0x7553, 0x7553, 0x7553, 0x7553, 0x7553, 0x7553, 0x7553, 0x95F6, 0xEF9E, 0xFFFF, 0xFFFF, 0xFFFF, 0xFFFF,   // 0x0D60 (3424) pixels
0xFFFF, 0xFFFF, 0xFFFF, 0xFFFF, 0xFFFF, 0xFFFF, 0xFFFF, 0xFFFF, 0xFFFF, 0xF7DE, 0x9E17, 0x7553, 0x7553, 0x7553, 0x7553, 0x7553,   // 0x0D70 (3440) pixels
0x7553, 0x7553, 0x7553, 0x7553, 0x7553, 0x7553, 0x7553, 0x7553, 0x7553, 0x7553, 0x7553, 0x7553, 0x7553, 0x7553, 0x7553, 0xB699,   // 0x0D80 (3456) pixels
0xFFFF, 0x85B5, 0x7553, 0x7553, 0x7553, 0x7553, 0x7553, 0x7553, 0x7553, 0x7553, 0x7553, 0x7553, 0x7553, 0x7553, 0x7553, 0x7553,   // 0x0D90 (3472) pixels
0x7553, 0x7553, 0x7553, 0x7553, 0x7553, 0x7553, 0x7553, 0x7553, 0x7553, 0x7553, 0x7553, 0x85B4, 0xC6FA, 0xF7DF, 0xFFFF, 0xFFFF,   // 0x0DA0 (3488) pixels
0xFFFF, 0xFFFF, 0xFFFF, 0xFFFF, 0xFFFF, 0xFFFF, 0xFFFF, 0xFFFF, 0xCF1B, 0x8DD5, 0x7553, 0x7553, 0x7553, 0x7553, 0x7553, 0x7553,   // 0x0DB0 (3504) pixels
0x7553, 0x7553, 0x7553, 0x7553, 0x7553, 0x7553, 0x7553, 0x7553, 0x7553, 0x7553, 0x7553, 0x7553, 0x7553, 0x7553, 0x7553, 0xDF5C,   // 0x0DC0 (3520) pixels
0xFFFF, 0xC6DA, 0x7553, 0x7553, 0x7553, 0x7553, 0x7553, 0x7553, 0x7553, 0x7553, 0x7553, 0x7553, 0x7553, 0x7553, 0x7553, 0x7553,   // 0x0DD0 (3536) pixels
0x7553, 0x7553, 0x7553, 0x7553, 0x7553, 0x7553, 0x7553, 0x7553, 0x7553, 0x7553, 0x7553, 0x7553, 0x7553, 0x8DD5, 0xC6DA, 0xEF9E,   // 0x0DE0 (3552) pixels
0xFFFF, 0xFFFF, 0xFFFF, 0xFFFF, 0xFFFF, 0xEFBE, 0xC6FA, 0x95F6, 0x7553, 0x7553, 0x7553, 0x7553, 0x7553, 0x7553, 0x7553, 0x7553,   // 0x0DF0 (3568) pixels
0x7553, 0x7553, 0x7553, 0x7553, 0x7553, 0x7553, 0x7553, 0x7553, 0x7553, 0x7553, 0x7553, 0x7553, 0x7553, 0x7553, 0x8DB5, 0xFFFF,   // 0x0E00 (3584) pixels
0xFFFF, 0xF7DF, 0x8594, 0x7553, 0x7553, 0x7553, 0x7553, 0x7553, 0x7553, 0x7553, 0x7553, 0x7553, 0x7553, 0x7553, 0x7553, 0x7553,   // 0x0E10 (3600) pixels
0x7553, 0x7553, 0x7553, 0x7553, 0x7553, 0x7553, 0x7553, 0x7553, 0x7553, 0x7553, 0x7553, 0x7553, 0x7553, 0x7553, 0x7553, 0x7D73,   // 0x0E20 (3616) pixels
0x8594, 0x8DD5, 0x95F6, 0x8DD5, 0x85B5, 0x7D73, 0x7553, 0x7553, 0x7553, 0x7553, 0x7553, 0x7553, 0x7553, 0x7553, 0x7553, 0x7553,   // 0x0E30 (3632) pixels
0x7553, 0x7553, 0x7553, 0x7553, 0x7553, 0x7553, 0x7553, 0x7553, 0x7553, 0x7553, 0x7553, 0x7553, 0x7553, 0x7553, 0xCF1B, 0xFFFF,   // 0x0E40 (3648) pixels
0xFFFF, 0xFFFF, 0xD73C, 0x7D73, 0x7553, 0x7553, 0x7553, 0x7553, 0x7553, 0x7553, 0x7553, 0x7553, 0x7553, 0x7553, 0x7553, 0x7553,   // 0x0E50 (3664) pixels
0x7553, 0x7553, 0x7553, 0x7553, 0x7553, 0x7553, 0x7553, 0x7553, 0x7553, 0x7553, 0x7553, 0x7553, 0x7553, 0x7553, 0x7553, 0x7553,   // 0x0E60 (3680) pixels
0x7553, 0x7553, 0x7553, 0x7553, 0x7553, 0x7553, 0x7553, 0x7553, 0x7553, 0x7553, 0x7553, 0x7553, 0x7553, 0x7553, 0x7553, 0x7553,   // 0x0E70 (3696) pixels
0x7553, 0x7553, 0x7553, 0x7553, 0x7553, 0x7553, 0x7553, 0x7553, 0x7553, 0x7553, 0x7553, 0x7553, 0x7553, 0xA637, 0xFFFF, 0xFFFF,   // 0x0E80 (3712) pixels
0xFFFF, 0xFFFF, 0xFFFF, 0xB699, 0x7553, 0x7553, 0x7553, 0x7553, 0x7553, 0x7553, 0x7553, 0x7553, 0x7553, 0x7553, 0x7553, 0x7553,   // 0x0E90 (3728) pixels
0x7553, 0x7553, 0x7553, 0x7553, 0x7553, 0x7553, 0x7553, 0x7553, 0x7553, 0x7553, 0x7553, 0x7553, 0x7553, 0x7553, 0x7553, 0x7553,   // 0x0EA0 (3744) pixels
0x7553, 0x7553, 0x7553, 0x7553, 0x7553, 0x7553, 0x7553, 0x7553, 0x7553, 0x7553, 0x7553, 0x7553, 0x7553, 0x7553, 0x7553, 0x7553,   // 0x0EB0 (3760) pixels
0x7553, 0x7553, 0x7553, 0x7553, 0x7553, 0x7553, 0x7553, 0x7553, 0x7553, 0x7553, 0x7553, 0x7553, 0x85B5, 0xEF9E, 0xFFFF, 0xFFFF,   // 0x0EC0 (3776) pixels
0xFFFF, 0xFFFF, 0xFFFF, 0xFFFF, 0xAE78, 0x7553, 0x7553, 0x7553, 0x7553, 0x7553, 0x7553, 0x7553, 0x7553, 0x7553, 0x7553, 0x7553,   // 0x0ED0 (3792) pixels
0x7553, 0x7553, 0x7553, 0x7553, 0x7553, 0x7553, 0x7553, 0x7553, 0x7553, 0x7553, 0x7553, 0x7553, 0x7553, 0x7553, 0x7553, 0x7553,   // 0x0EE0 (3808) pixels
0x7553, 0x7553, 0x7553, 0x7553, 0x7553, 0x7553, 0x7553, 0x7553, 0x7553, 0x7553, 0x7553, 0x7553, 0x7553, 0x7553, 0x7553, 0x7553,   // 0x0EF0 (3824) pixels
0x7553, 0x7553, 0x7553, 0x7553, 0x7553, 0x7553, 0x7553, 0x7553, 0x7553, 0x7553, 0x7553, 0x8594, 0xE77D, 0xFFFF, 0xFFFF, 0xFFFF,   // 0x0F00 (3840) pixels
0xFFFF, 0xFFFF, 0xFFFF, 0xFFFF, 0xFFFF, 0xAE78, 0x7573, 0x7553, 0x7553, 0x7553, 0x7553, 0x7553, 0x7553, 0x7553, 0x7553, 0x7553,   // 0x0F10 (3856) pixels
0x7553, 0x7553, 0x7553, 0x7553, 0x7553, 0x7553, 0x7553, 0x7553, 0x7553, 0x7553, 0x7553, 0x7553, 0x7553, 0x7553, 0x7553, 0x7553,   // 0x0F20 (3872) pixels
0x7553, 0x7553, 0x7553, 0x7553, 0x7553, 0x7553, 0x7553, 0x7553, 0x7553, 0x7553, 0x7553, 0x7553, 0x7553, 0x7553, 0x7553, 0x7553,   // 0x0F30 (3888) pixels
0x7553, 0x7553, 0x7553, 0x7553, 0x7553, 0x7553, 0x7553, 0x7553, 0x7553, 0x7553, 0x8DB5, 0xDF5C, 0xFFFF, 0xFFFF, 0xFFFF, 0xFFFF,   // 0x0F40 (3904) pixels
0xFFFF, 0xFFFF, 0xFFFF, 0xFFFF, 0xFFFF, 0xFFFF, 0xCEFB, 0x7D74, 0x7553, 0x7553, 0x7553, 0x7553, 0x7553, 0x7553, 0x7553, 0x7553,   // 0x0F50 (3920) pixels
0x7553, 0x7553, 0x7553, 0x7553, 0x7553, 0x7553, 0x7553, 0x7553, 0x7553, 0x7553, 0x7553, 0x7553, 0x7553, 0x7553, 0x7553, 0x7553,   // 0x0F60 (3936) pixels
0x7553, 0x7553, 0x7553, 0x7553, 0x7553, 0x7553, 0x7553, 0x7553, 0x7553, 0x7553, 0x7553, 0x7553, 0x7553, 0x7553, 0x7553, 0x7553,   // 0x0F70 (3952) pixels
0x7553, 0x7553, 0x7553, 0x7553, 0x7553, 0x7553, 0x7553, 0x7553, 0x7553, 0x9E16, 0xEFBE, 0xFFFF, 0xFFFF, 0xFFFF, 0xFFFF, 0xFFFF,   // 0x0F80 (3968) pixels
0xFFFF, 0xFFFF, 0xFFFF, 0xFFFF, 0xFFFF, 0xFFFF, 0xFFFF, 0xF7BE, 0xB699, 0x7D74, 0x7553, 0x7553, 0x7553, 0x7553, 0x7553, 0x7553,   // 0x0F90 (3984) pixels
0x7553, 0x7553, 0x7553, 0x7553, 0x7553, 0x7553, 0x7553, 0x7553, 0x7553, 0x7553, 0x7553, 0x7553, 0x7553, 0x7553, 0x7553, 0x7553,   // 0x0FA0 (4000) pixels
0x7553, 0x7553, 0x7553, 0x7553, 0x7553, 0x7553, 0x7553, 0x7553, 0x7553, 0x7553, 0x7553, 0x7553, 0x7553, 0x7553, 0x7553, 0x7553,   // 0x0FB0 (4016) pixels
0x7553, 0x7553, 0x7553, 0x7553, 0x7553, 0x7553, 0x7553, 0x8DD5, 0xD71B, 0xFFFF, 0xFFFF, 0xFFFF, 0xFFFF, 0xFFFF, 0xFFFF, 0xFFFF,   // 0x0FC0 (4032) pixels
0xFFFF, 0xFFFF, 0xFFFF, 0xFFFF, 0xFFFF, 0xFFFF, 0xFFFF, 0xFFFF, 0xFFFF, 0xF7DE, 0xCEFB, 0x9E16, 0x7D94, 0x7553, 0x7553, 0x7553,   // 0x0FD0 (4048) pixels
0x7553, 0x7553, 0x7553, 0x7553, 0x7553, 0x7553, 0x7553, 0x7553, 0x7553, 0x7553, 0x7553, 0x7553, 0x7553, 0x7553, 0x7553, 0x7553,   // 0x0FE0 (4064) pixels
0x7553, 0x7553, 0x7553, 0x7553, 0x7553, 0x7553, 0x7553, 0x7553, 0x7553, 0x7553, 0x7553, 0x7553, 0x7553, 0x7553, 0x7553, 0x7553,   // 0x0FF0 (4080) pixels
0x7553, 0x7553, 0x7553, 0x7553, 0x85B5, 0xA658, 0xDF5C, 0xFFFF, 0xFFFF, 0xFFFF, 0xFFFF, 0xFFFF, 0xFFFF, 0xFFFF, 0xFFFF, 0xFFFF,   // 0x1000 (4096) pixels
};

const uint16_t deafen_icon[4096] PROGMEM={
0xFFFF, 0xFFFF, 0xFFFF, 0xFFFF, 0xFFFF, 0xFFFF, 0xFFFF, 0xFFFF, 0xFFFF, 0xFFFF, 0xFFFF, 0xFFFF, 0xFFFF, 0xFFFF, 0xFFFF, 0xFFFF,   // 0x0010 (16) pixels
0xFFFF, 0xFFFF, 0xFFFF, 0xFFFF, 0xFFFF, 0xFFFF, 0xFFFF, 0xFFFF, 0xFFFF, 0xFFFF, 0xFFFF, 0xFFFF, 0xFFFF, 0xFFFF, 0xFFFF, 0xFFFF,   // 0x0020 (32) pixels
0xFFFF, 0xFFFF, 0xFFFF, 0xFFFF, 0xFFFF, 0xFFFF, 0xFFFF, 0xFFFF, 0xFFFF, 0xFFFF, 0xFFFF, 0xFFFF, 0xFFFF, 0xFFFF, 0xFFFF, 0xFFFF,   // 0x0030 (48) pixels
0xFFFF, 0xFFFF, 0xFFFF, 0xFFFF, 0xFFFF, 0xFFFF, 0xFFFF, 0xFFFF, 0xFFFF, 0xFFFF, 0xFFFF, 0xFFFF, 0xFFFF, 0xFFFF, 0xFFFF, 0xFFFF,   // 0x0040 (64) pixels
0xFFFF, 0xFFFF, 0xFFFF, 0xFFFF, 0xFFFF, 0xFFFF, 0xFFFF, 0xFFFF, 0xFFFF, 0xFFFF, 0xFFFF, 0xFFFF, 0xFFFF, 0xFFFF, 0xFFFF, 0xFFFF,   // 0x0050 (80) pixels
0xFFFF, 0xFFFF, 0xFFFF, 0xFFFF, 0xFFFF, 0xFFFF, 0xFFFF, 0xFFFF, 0xFFFF, 0xFFFF, 0xFFFF, 0xFFFF, 0xFFFF, 0xFFFF, 0xFFFF, 0xFFFF,   // 0x0060 (96) pixels
0xFFFF, 0xFFFF, 0xFFFF, 0xFFFF, 0xFFFF, 0xFFFF, 0xFFFF, 0xFFFF, 0xFFFF, 0xFFFF, 0xFFFF, 0xFFFF, 0xFFFF, 0xFFFF, 0xFFFF, 0xFFFF,   // 0x0070 (112) pixels
0xFFFF, 0xFFFF, 0xFFFF, 0xFFFF, 0xFFFF, 0xFFFF, 0xFFFF, 0xFFFF, 0xFFFF, 0xFFFF, 0xFFFF, 0xFFFF, 0xFFFF, 0xFFFF, 0xFFFF, 0xFFFF,   // 0x0080 (128) pixels
0xFFFF, 0xFFFF, 0xFFFF, 0xFFFF, 0xFFFF, 0xFFFF, 0xFFFF, 0xFFFF, 0xFFFF, 0xFFFF, 0xFFFF, 0xFFFF, 0xFFFF, 0xFFFF, 0xFFFF, 0xFFFF,   // 0x0090 (144) pixels
0xFFFF, 0xFFFF, 0xFFFF, 0xFFFF, 0xFFFF, 0xFFFF, 0xFFFF, 0xFFFF, 0xFFFF, 0xFFFF, 0xFFFF, 0xFFFF, 0xFFFF, 0xFFFF, 0xFFFF, 0xFFFF,   // 0x00A0 (160) pixels
0xFFFF, 0xFFFF, 0xFFFF, 0xFFFF, 0xFFFF, 0xFFFF, 0xFFFF, 0xFFFF, 0xFFFF, 0xFFFF, 0xFFFF, 0xFFFF, 0xFFFF, 0xFFFF, 0xFFFF, 0xFFFF,   // 0x00B0 (176) pixels
0xFFFF, 0xFFFF, 0xFFFF, 0xFFFF, 0xFFFF, 0xFFFF, 0xFFFF, 0xFFFF, 0xFFFF, 0xFFFF, 0xFFFF, 0xFFFF, 0xFFFF, 0xFFFF, 0xFFFF, 0xFFFF,   // 0x00C0 (192) pixels
0xFFFF, 0xFFFF, 0xFFFF, 0xFFFF, 0xFFFF, 0xFFFF, 0xFFFF, 0xFFFF, 0xFFFF, 0xFFFF, 0xFFFF, 0xFFFF, 0xFFFF, 0xFFFF, 0xFFFF, 0xFFFF,   // 0x00D0 (208) pixels
0xFFFF, 0xFFFF, 0xFFFF, 0xFFFF, 0xFFFF, 0xFFFF, 0xFFFF, 0xFFFF, 0xFFFF, 0xFFFF, 0xFFFF, 0xFFFF, 0xFFFF, 0xFFFF, 0xFFFF, 0xFFFF,   // 0x00E0 (224) pixels
0xFFFF, 0xFFFF, 0xFFFF, 0xFFFF, 0xFFFF, 0xFFFF, 0xFFFF, 0xFFFF, 0xFFFF, 0xFFFF, 0xFFFF, 0xFFFF, 0xFFFF, 0xFFFF, 0xFFFF, 0xFFFF,   // 0x00F0 (240) pixels
0xFFFF, 0xFFFF, 0xFFFF, 0xFFFF, 0xFFFF, 0xFFFF, 0xFFFF, 0xFFFF, 0xFFFF, 0xFFFF, 0xFFFF, 0xFFFF, 0xFFFF, 0xFFFF, 0xFFFF, 0xFFFF,   // 0x0100 (256) pixels
0xFFFF, 0xFFFF, 0xFFFF, 0xFFFF, 0xFFFF, 0xFFFF, 0xFFFF, 0xFFFF, 0xFFFF, 0xFFFF, 0xFFFF, 0xFFFF, 0xFFFF, 0xFFFF, 0xFFFF, 0xFFFF,   // 0x0110 (272) pixels
0xFFFF, 0xFFFF, 0xFFFF, 0xFFFF, 0xFFFF, 0xFFFF, 0xFFFF, 0xFFFF, 0xFFFF, 0xFFFF, 0xFFFF, 0xFFFF, 0xFFFF, 0xFFFF, 0xFFFF, 0xFFFF,   // 0x0120 (288) pixels
0xFFFF, 0xFFFF, 0xFFFF, 0xFFFF, 0xFFFF, 0xFFFF, 0xFFFF, 0xFFFF, 0xFFFF, 0xFFFF, 0xFFFF, 0xFFFF, 0xFFFF, 0xFFFF, 0xFFFF, 0xFFFF,   // 0x0130 (304) pixels
0xFFFF, 0xFFFF, 0xFFFF, 0xFFFF, 0xFFFF, 0xFFFF, 0xFFFF, 0xFFFF, 0xFFFF, 0xFFFF, 0xFFFF, 0xFFFF, 0xFFFF, 0xFFFF, 0xFFFF, 0xFFFF,   // 0x0140 (320) pixels
0xFFFF, 0xFFFF, 0xFFFF, 0xFFFF, 0xFFFF, 0xFFFF, 0xFFFF, 0xFFFF, 0xFFFF, 0xFFFF, 0xFFFF, 0xFFFF, 0xFFFF, 0xFFFF, 0xFFFF, 0xFFFF,   // 0x0150 (336) pixels
0xFFFF, 0xFFFF, 0xFFFF, 0xFFFF, 0xFFFF, 0xFFFF, 0xFFFF, 0xFFFF, 0xFFFF, 0xFFFF, 0xFFFF, 0xFFFF, 0xFFFF, 0xFFFF, 0xFFFF, 0xFFFF,   // 0x0160 (352) pixels
0xFFFF, 0xFFFF, 0xFFFF, 0xFFFF, 0xFFFF, 0xFFFF, 0xFFFF, 0xFFFF, 0xFFFF, 0xFFFF, 0xFFFF, 0xFFFF, 0xFFFF, 0xFFFF, 0xFFFF, 0xFFFF,   // 0x0170 (368) pixels
0xFFFF, 0xFFFF, 0xFFFF, 0xFFFF, 0xFFFF, 0xFFFF, 0xFFFF, 0xFFFF, 0xFFFF, 0xFFFF, 0xFFFF, 0xFFFF, 0xFFFF, 0xFFFF, 0xFFFF, 0xFFFF,   // 0x0180 (384) pixels
0xFFFF, 0xFFFF, 0xFFFF, 0xFFFF, 0xFFFF, 0xFFFF, 0xFFFF, 0xFFFF, 0xFFFF, 0xFFFF, 0xFFFF, 0xFFFF, 0xFFFF, 0xFFFF, 0xFFFF, 0xFFFF,   // 0x0190 (400) pixels
0xFFFF, 0xFFFF, 0xFFFF, 0xFFFF, 0xFFFF, 0xFFFF, 0xFFFF, 0xFFFF, 0xFFFF, 0xFFFF, 0xFFFF, 0xFFFF, 0xFFFF, 0xFFFF, 0xFFFF, 0xFFFF,   // 0x01A0 (416) pixels
0xFFFF, 0xFFFF, 0xFFFF, 0xFFFF, 0xFFFF, 0xFFFF, 0xFFFF, 0xFFFF, 0xFFFF, 0xFFFF, 0xFFFF, 0xFFFF, 0xFFFF, 0xFFFF, 0xFFFF, 0xFFFF,   // 0x01B0 (432) pixels
0xFFFF, 0xFFFF, 0xFFFF, 0xFFFF, 0xFFFF, 0xFFFF, 0xFFFF, 0xFFFF, 0xFFFF, 0xFFFF, 0xFFFF, 0xFFFF, 0xFFFF, 0xFFFF, 0xFFFF, 0xFFFF,   // 0x01C0 (448) pixels
0xFFFF, 0xFFFF, 0xFFFF, 0xFFFF, 0xFFFF, 0xFFFF, 0xFFFF, 0xFFFF, 0xFFFF, 0xFFFF, 0xFFFF, 0xFFFF, 0xFFFF, 0xFFFF, 0xFFFF, 0xFFFF,   // 0x01D0 (464) pixels
0xFFFF, 0xFFFF, 0xFFFF, 0xFFFF, 0xFFFF, 0xFFFF, 0xFFFF, 0xFFFF, 0xFFFF, 0xFFFF, 0xFFFF, 0xFFFF, 0xFFFF, 0xFFFF, 0xFFFF, 0xFFFF,   // 0x01E0 (480) pixels
0xFFFF, 0xFFFF, 0xFFFF, 0xFFFF, 0xFFFF, 0xFFFF, 0xFFFF, 0xFFFF, 0xFFFF, 0xFFFF, 0xFFFF, 0xFFFF, 0xFFFF, 0xFFFF, 0xFFFF, 0xFFFF,   // 0x01F0 (496) pixels
0xFFFF, 0xFFFF, 0xFFFF, 0xFFFF, 0xFFFF, 0xFFFF, 0xFFFF, 0xFFFF, 0xFFFF, 0xFFFF, 0xFFFF, 0xFFFF, 0xFFFF, 0xFFFF, 0xFFFF, 0xFFFF,   // 0x0200 (512) pixels
0xFFFF, 0xFFFF, 0xFFFF, 0xFFFF, 0xFFFF, 0xFFFF, 0xFFFF, 0xFFFF, 0xFFFF, 0xFFFF, 0xFFFF, 0xFFFF, 0xFFFF, 0xFFFF, 0xFFFF, 0xFFFF,   // 0x0210 (528) pixels
0xFFFF, 0xFFFF, 0xFFFF, 0xFFFF, 0xFFFF, 0xFFFF, 0xFFFF, 0xFFFF, 0xFFFF, 0xFFFF, 0xFFFF, 0xFFFF, 0xFFFF, 0xFFFF, 0xFFFF, 0xFFFF,   // 0x0220 (544) pixels
0xFFFF, 0xFFFF, 0xFFFF, 0xFFFF, 0xFFFF, 0xFFFF, 0xFFFF, 0xFFFF, 0xFFFF, 0xFFFF, 0xFFFF, 0xFFFF, 0xFFFF, 0xFFFF, 0xFFFF, 0xFFFF,   // 0x0230 (560) pixels
0xFFFF, 0xFFFF, 0xFFFF, 0xFFFF, 0xFFFF, 0xFFFF, 0xFFFF, 0xFFFF, 0xFFFF, 0xFFFF, 0xFFFF, 0xFFFF, 0xFFFF, 0xFFFF, 0xFFFF, 0xFFFF,   // 0x0240 (576) pixels
0xFFFF, 0xFFFF, 0xFFFF, 0xFFFF, 0xFFFF, 0xFFFF, 0xFFFF, 0xFFFF, 0xFFFF, 0xFFFF, 0xFFFF, 0xFFFF, 0xFFFF, 0xFFFF, 0xFFFF, 0xFFFF,   // 0x0250 (592) pixels
0xFFFF, 0xFFFF, 0xFFFF, 0xFFFF, 0xFFFF, 0xFFFF, 0xFFFF, 0xFFFF, 0xFFFF, 0xFFFF, 0xFFFF, 0xFFFF, 0xFFFF, 0xFFFF, 0xFFFF, 0xFFFF,   // 0x0260 (608) pixels
0xFFFF, 0xFFFF, 0xFFFF, 0xFFFF, 0xFFFF, 0xFFFF, 0xFFFF, 0xFFFF, 0xFFFF, 0xFFFF, 0xFFFF, 0xFFFF, 0xFFFF, 0xFFFF, 0xFFFF, 0xFFFF,   // 0x0270 (624) pixels
0xFFFF, 0xFFFF, 0xFFFF, 0xFFFF, 0xFFFF, 0xFFFF, 0xFFFF, 0xFFFF, 0xFFFF, 0xFFFF, 0xFFFF, 0xFFFF, 0xFFFF, 0xFFFF, 0xFFFF, 0xFFFF,   // 0x0280 (640) pixels
0xFFFF, 0xFFFF, 0xFFFF, 0xFFFF, 0xFFFF, 0xFFFF, 0xFFFF, 0xFFFF, 0xFFFF, 0xFFFF, 0xFFFF, 0xFFFF, 0xFFFF, 0xFFFF, 0xFFFF, 0xFFFF,   // 0x0290 (656) pixels
0xFFFF, 0xFFFF, 0xFFFF, 0xFFFF, 0xFFFF, 0xFFFF, 0xFFFF, 0xFFFF, 0xFFFF, 0xFFFF, 0xFFFF, 0xFFFF, 0xFFFF, 0xFFFF, 0xFFFF, 0xFFFF,   // 0x02A0 (672) pixels
0xFFFF, 0xFFFF, 0xFFFF, 0xFFFF, 0xFFFF, 0xFFFF, 0xFFFF, 0xFFFF, 0xFFFF, 0xFFFF, 0xFFFF, 0xFFFF, 0xFFFF, 0xFFFF, 0xFFFF, 0xFFFF,   // 0x02B0 (688) pixels
0xFFFF, 0xFFFF, 0xFFFF, 0xFFFF, 0xFFFF, 0xFFFF, 0xFFFF, 0xFFFF, 0xFFFF, 0xFFFF, 0xFFFF, 0xFFFF, 0xFFFF, 0xFFFF, 0xFFFF, 0xFFFF,   // 0x02C0 (704) pixels
0xFFFF, 0xFFFF, 0xFFFF, 0xFFFF, 0xFFFF, 0xFFFF, 0xFFFF, 0xFFFF, 0xFFFF, 0xFFFF, 0xFFFF, 0xFFFF, 0xFFFF, 0xFFFF, 0xFFFF, 0xFFFF,   // 0x02D0 (720) pixels
0xFFFF, 0xFFFF, 0xFFFF, 0xFFFF, 0xFFFF, 0xFFFF, 0xFFFF, 0xFFFF, 0xFFFF, 0xFFFF, 0xFFFF, 0xFFFF, 0xFFFF, 0xFFFF, 0xFFFF, 0xFFFF,   // 0x02E0 (736) pixels
0xFFFF, 0xFFFF, 0xFFFF, 0xFFFF, 0xFFFF, 0xFFFF, 0xFFFF, 0xFFFF, 0xFFFF, 0xFFFF, 0xFFFF, 0xFFFF, 0xFFFF, 0xFFFF, 0xFFFF, 0xFFFF,   // 0x02F0 (752) pixels
0xFFFF, 0xFFFF, 0xFFFF, 0xFFFF, 0xFFFF, 0xFFFF, 0xFFFF, 0xFFFF, 0xFFFF, 0xFFFF, 0xFFFF, 0xFFFF, 0xFFFF, 0xFFFF, 0xFFFF, 0xFFFF,   // 0x0300 (768) pixels
0xFFFF, 0xFFFF, 0xFFFF, 0xFFFF, 0xFFFF, 0xFFFF, 0xFFFF, 0xFFFF, 0xFFFF, 0xFFFF, 0xFFFF, 0xFFFF, 0xFFFF, 0xFFFF, 0xFFFF, 0xFFFF,   // 0x0310 (784) pixels
0xFFFF, 0xFFFF, 0xFFFF, 0xFFFF, 0xFFFF, 0xFFFF, 0xFFFF, 0xFFFF, 0xFFFF, 0xFFFF, 0xFFFF, 0xFFFF, 0xFFFF, 0xFFFF, 0xFFFF, 0xFFFF,   // 0x0320 (800) pixels
0xFFFF, 0xFFFF, 0xFFFF, 0xFFFF, 0xFFFF, 0xFFFF, 0xFFFF, 0xFFFF, 0xFFFF, 0xFFFF, 0xFFFF, 0xFFFF, 0xFFFF, 0xFFFF, 0xFFFF, 0xFFFF,   // 0x0330 (816) pixels
0xFFFF, 0xFFFF, 0xFFFF, 0xFFFF, 0xFFFF, 0xFFFF, 0xFFFF, 0xFFFF, 0xFFFF, 0xFFFF, 0xFFFF, 0xFFFF, 0xFFFF, 0xFFFF, 0xFFFF, 0xFFFF,   // 0x0340 (832) pixels
0xFFFF, 0xFFFF, 0xFFFF, 0xFFFF, 0xFFFF, 0xFFFF, 0xFFFF, 0xFFFF, 0xFFFF, 0xFFFF, 0xFFFF, 0xFFFF, 0xFFFF, 0xFFFF, 0xFFFF, 0xFFFF,   // 0x0350 (848) pixels
0xFFFF, 0xFFFF, 0xFFFF, 0xFFFF, 0xFFFF, 0xFFFF, 0xFFFF, 0xFFFF, 0xFFFF, 0xFFFF, 0xFFFF, 0xFFFF, 0xFFFF, 0xFFFF, 0xFFFF, 0xFFFF,   // 0x0360 (864) pixels
0xFFFF, 0xFFFF, 0xFFFF, 0xFFFF, 0xFFFF, 0xFFFF, 0xFFFF, 0xFFFF, 0xFFFF, 0xFFFF, 0xFFFF, 0xFFFF, 0xFFFF, 0xFFFF, 0xFFFF, 0xFFFF,   // 0x0370 (880) pixels
0xFFFF, 0xFFFF, 0xFFFF, 0xFFFF, 0xFFFF, 0xFFFF, 0xFFFF, 0xFFFF, 0xFFFF, 0xFFFF, 0xFFFF, 0xFFFF, 0xFFFF, 0xFFFF, 0xFFFF, 0xFFFF,   // 0x0380 (896) pixels
0xFFFF, 0xFFFF, 0xFFFF, 0xFFFF, 0xFFFF, 0xFFFF, 0xFFFF, 0xFFFF, 0xFFFF, 0xFFFF, 0xFFFF, 0xFFFF, 0xFFFF, 0xFFFF, 0xFFFF, 0xFFFF,   // 0x0390 (912) pixels
0xFFFF, 0xFFFF, 0xFFFF, 0xFFFF, 0xFFFF, 0xFFFF, 0xFFFF, 0xFFFF, 0xFFFF, 0xFFFF, 0xFFFF, 0xFFFF, 0xFFFF, 0xFFFF, 0xFFFF, 0xFFFF,   // 0x03A0 (928) pixels
0xFFFF, 0xFFFF, 0xFFFF, 0xFFFF, 0xFFFF, 0xFFFF, 0xFFFF, 0xFFFF, 0xFFFF, 0xFFFF, 0xFFFF, 0xFFFF, 0xFFFF, 0xFFFF, 0xFFFF, 0xFFFF,   // 0x03B0 (944) pixels
0xFFFF, 0xFFFF, 0xFFFF, 0xFFFF, 0xFFFF, 0xFFFF, 0xFFFF, 0xFFFF, 0xFFFF, 0xFFFF, 0xFFFF, 0xFFFF, 0xFFFF, 0xFFFF, 0xFFFF, 0xFFFF,   // 0x03C0 (960) pixels
0xFFFF, 0xFFFF, 0xFFFF, 0xFFFF, 0xFFFF, 0xFFFF, 0xFFFF, 0xFFFF, 0xFFFF, 0xFFFF, 0xFFFF, 0xFFFF, 0xFFFF, 0xFFFF, 0xFFFF, 0xFFFF,   // 0x03D0 (976) pixels
0xFFFF, 0xFFFF, 0xFFFF, 0xFFFF, 0xFFFF, 0xFFFF, 0xFFFF, 0xFFFF, 0xFFFF, 0xFFFF, 0xFFFF, 0xFFFF, 0xFFFF, 0xFFFF, 0xFFFF, 0xFFFF,   // 0x03E0 (992) pixels
0xFFFF, 0xFFFF, 0xFFFF, 0xFFFF, 0xFFFF, 0xFFFF, 0xFFFF, 0xFFFF, 0xFFFF, 0xFFFF, 0xFFFF, 0xFFFF, 0xFFFF, 0xFFFF, 0xFFFF, 0xFFFF,   // 0x03F0 (1008) pixels
0xFFFF, 0xFFFF, 0xFFFF, 0xFFFF, 0xFFFF, 0xFFFF, 0xFFFF, 0xFFFF, 0xFFFF, 0xFFFF, 0xFFFF, 0xFFFF, 0xFFFF, 0xFFFF, 0xFFFF, 0xFFFF,   // 0x0400 (1024) pixels
0xFFFF, 0xFFFF, 0xFFFF, 0xFFFF, 0xFFFF, 0xFFFF, 0xFFFF, 0xFFFF, 0xFFFF, 0xFFFF, 0xFFFF, 0xFFFF, 0xFFFF, 0xFFFF, 0xFFFF, 0xFFFF,   // 0x0410 (1040) pixels
0xFFFF, 0xFFFF, 0xFFFF, 0xFFFF, 0xFFFF, 0xFFFF, 0xFFFF, 0xFFFF, 0xFFFF, 0xFFFF, 0xFFFF, 0xFFFF, 0xFFFF, 0xFFFF, 0xFFFF, 0xFFFF,   // 0x0420 (1056) pixels
0xFFFF, 0xFFFF, 0xFFFF, 0xFFFF, 0xFFFF, 0xFFFF, 0xFFFF, 0xFFFF, 0xFFFF, 0xFFFF, 0xFFFF, 0xFFFF, 0xFFFF, 0xFFFF, 0xFFFF, 0xFFFF,   // 0x0430 (1072) pixels
0xFFFF, 0xFFFF, 0xFFFF, 0xFFFF, 0xFFFF, 0xFFFF, 0xFFFF, 0xFFFF, 0xFFFF, 0xFFFF, 0xFFFF, 0xFFFF, 0xFFFF, 0xFFFF, 0xFFFF, 0xFFFF,   // 0x0440 (1088) pixels
0xFFFF, 0xFFFF, 0xFFFF, 0xFFFF, 0xFFFF, 0xFFFF, 0xFFFF, 0xFFFF, 0xFFFF, 0xFFFF, 0xFFFF, 0xFFFF, 0xFFFF, 0xFFFF, 0xFFFF, 0xFFFF,   // 0x0450 (1104) pixels
0xFFFF, 0xFFFF, 0xFFFF, 0xFFFF, 0xFFFF, 0xFFFF, 0xFFFF, 0xFFFF, 0xFFFF, 0xFFFF, 0xFFFF, 0xFFFF, 0xFFFF, 0xFFFF, 0xFFFF, 0xFFFF,   // 0x0460 (1120) pixels
0xFFFF, 0xFFFF, 0xFFFF, 0xFFFF, 0xFFFF, 0xFFFF, 0xFFFF, 0xFFFF, 0xFFFF, 0xFFFF, 0xFFFF, 0xFFFF, 0xFFFF, 0xFFFF, 0xFFFF, 0xFFFF,   // 0x0470 (1136) pixels
0xFFFF, 0xFFFF, 0xFFFF, 0xFFFF, 0xFFFF, 0xFFFF, 0xFFFF, 0xFFFF, 0xFFFF, 0xFFFF, 0xFFFF, 0xFFFF, 0xFFFF, 0xFFFF, 0xFFFF, 0xFFFF,   // 0x0480 (1152) pixels
0xFFFF, 0xFFFF, 0xFFFF, 0xFFFF, 0xFFFF, 0xFFFF, 0xFFFF, 0xFFFF, 0xFFFF, 0xFFFF, 0xFFFF, 0xFFFF, 0xFFFF, 0xFFFF, 0xFFFF, 0xFFFF,   // 0x0490 (1168) pixels
0xFFFF, 0xFFFF, 0xFFFF, 0xFFFF, 0xFFFF, 0xFFFF, 0xFFFF, 0xFFFF, 0xFFFF, 0xFFFF, 0xFFFF, 0xFFFF, 0xFFFF, 0xFFFF, 0xFFFF, 0xFFFF,   // 0x04A0 (1184) pixels
0xFFFF, 0xFFFF, 0xFFFF, 0xFFFF, 0xFFFF, 0xFFFF, 0xFFFF, 0xFFFF, 0xFFFF, 0xFFFF, 0xFFFF, 0xFFFF, 0xFFFF, 0xFFFF, 0xFFFF, 0xFFFF,   // 0x04B0 (1200) pixels
0xFFFF, 0xFFFF, 0xFFFF, 0xFFFF, 0xFFFF, 0xFFFF, 0xFFFF, 0xFFFF, 0xFFFF, 0xFFFF, 0xFFFF, 0xFFFF, 0xFFFF, 0xFFFF, 0xFFFF, 0xFFFF,   // 0x04C0 (1216) pixels
0xFFFF, 0xFFFF, 0xFFFF, 0xFFFF, 0xFFFF, 0xFFFF, 0xFFFF, 0xFFFF, 0xFFFF, 0xFFFF, 0xFFFF, 0xFFFF, 0xFFFF, 0xFFFF, 0xFFFF, 0xFFFF,   // 0x04D0 (1232) pixels
0xFFFF, 0xFFFF, 0xFFFF, 0xFFFF, 0xFFFF, 0xFFFF, 0xFFFF, 0xFFFF, 0xFFFF, 0xFFFF, 0xFFFF, 0xFFFF, 0xFFFF, 0xFFFF, 0xFFFF, 0xFFFF,   // 0x04E0 (1248) pixels
0xFFFF, 0xFFFF, 0xFFFF, 0xFFFF, 0xFFFF, 0xFFFF, 0xFFFF, 0xFFFF, 0xFFFF, 0xFFFF, 0xFFFF, 0xFFFF, 0xFFFF, 0xFFFF, 0xFFFF, 0xFFFF,   // 0x04F0 (1264) pixels
0xFFFF, 0xFFFF, 0xFFFF, 0xFFFF, 0xFFFF, 0xFFFF, 0xFFFF, 0xFFFF, 0xFFFF, 0xFFFF, 0xFFFF, 0xFFFF, 0xFFFF, 0xFFFF, 0xFFFF, 0xFFFF,   // 0x0500 (1280) pixels
0xFFFF, 0xFFFF, 0xFFFF, 0xFFFF, 0xFFFF, 0xFFFF, 0xFFFF, 0xFFFF, 0xFFFF, 0xFFFF, 0xFFFF, 0xFFFF, 0xFFFF, 0xFFFF, 0xFFFF, 0xFFFF,   // 0x0510 (1296) pixels
0xFFFF, 0xFFFF, 0xFFFF, 0xFFFF, 0xFFFF, 0xFFFF, 0xFFFF, 0xFFFF, 0xFFFF, 0xFFFF, 0xFFFF, 0xFFFF, 0xFFFF, 0xFFFF, 0xFFFF, 0xFFFF,   // 0x0520 (1312) pixels
0xFFFF, 0xFFFF, 0xFFFF, 0xFFFF, 0xFFFF, 0xFFFF, 0xFFFF, 0xFFFF, 0xFFFF, 0xFFFF, 0xFFFF, 0xFFFF, 0xFFFF, 0xFFFF, 0xFFFF, 0xFFFF,   // 0x0530 (1328) pixels
0xFFFF, 0xFFFF, 0xFFFF, 0xFFFF, 0xFFFF, 0xFFFF, 0xFFFF, 0xFFFF, 0xFFFF, 0xFFFF, 0xFFFF, 0xFFFF, 0xFFFF, 0xFFFF, 0xFFFF, 0xFFFF,   // 0x0540 (1344) pixels
0xFFFF, 0xFFFF, 0xFFFF, 0xFFFF, 0xFFFF, 0xFFFF, 0xFFFF, 0xFFFF, 0xFFFF, 0xFFFF, 0xFFFF, 0xFFFF, 0xFFFF, 0xFFFF, 0xFFFF, 0xFFFF,   // 0x0550 (1360) pixels
0xFFFF, 0xFFFF, 0xFFFF, 0xFFFF, 0xFFFF, 0xFFFF, 0xFFFF, 0xFFFF, 0xFFFF, 0xFFFF, 0xFFFF, 0xFFFF, 0xFFFF, 0xFFFF, 0xFFFF, 0xFFFF,   // 0x0560 (1376) pixels
0xFFFF, 0xFFFF, 0xFFFF, 0xFFFF, 0xFFFF, 0xFFFF, 0xFFFF, 0xFFFF, 0xFFFF, 0xFFFF, 0xFFFF, 0xFFFF, 0xFFFF, 0xFFFF, 0xFFFF, 0xFFFF,   // 0x0570 (1392) pixels
0xFFFF, 0xFFFF, 0xFFFF, 0xFFFF, 0xFFFF, 0xFFFF, 0xFFFF, 0xFFFF, 0xFFFF, 0xFFFF, 0xFFFF, 0xFFFF, 0xFFFF, 0xFFFF, 0xFFFF, 0xFFFF,   // 0x0580 (1408) pixels
0xFFFF, 0xFFFF, 0xFFFF, 0xFFFF, 0xFFFF, 0xFFFF, 0xFFFF, 0xFFFF, 0xFFFF, 0xFFFF, 0xFFFF, 0xFFFF, 0xFFFF, 0xFFFF, 0xFFFF, 0xFFFF,   // 0x0590 (1424) pixels
0xFFFF, 0xFFFF, 0xFFFF, 0xFFFF, 0xFFFF, 0xFFFF, 0xFFFF, 0xFFFF, 0xFFFF, 0xFFFF, 0xFFFF, 0xFFFF, 0xFFFF, 0xFFFF, 0xFFFF, 0xFFFF,   // 0x05A0 (1440) pixels
0xFFFF, 0xFFFF, 0xFFFF, 0xFFFF, 0xFFFF, 0xFFFF, 0xFFFF, 0xFFFF, 0xFFFF, 0xFFFF, 0xFFFF, 0xFFFF, 0xFFFF, 0xFFFF, 0xFFFF, 0xFFFF,   // 0x05B0 (1456) pixels
0xFFFF, 0xFFFF, 0xFFFF, 0xFFFF, 0xFFFF, 0xFFFF, 0xFFFF, 0xFFFF, 0xFFFF, 0xFFFF, 0xFFFF, 0xFFFF, 0xFFFF, 0xFFFF, 0xFFFF, 0xFFFF,   // 0x05C0 (1472) pixels
0xFFFF, 0xFFFF, 0xFFFF, 0xFFFF, 0xFFFF, 0xFFFF, 0xFFFF, 0xFFFF, 0xFFFF, 0xFFFF, 0xFFFF, 0xFFFF, 0xFFFF, 0xFFFF, 0xFFFF, 0xFFFF,   // 0x05D0 (1488) pixels
0xFFFF, 0xFFFF, 0xFFFF, 0xFFFF, 0xFFFF, 0xFFFF, 0xFFFF, 0xFFFF, 0xFFFF, 0xFFFF, 0xFFFF, 0xFFFF, 0xFFFF, 0xFFFF, 0xFFFF, 0xFFFF,   // 0x05E0 (1504) pixels
0xFFFF, 0xFFFF, 0xFFFF, 0xFFFF, 0xFFFF, 0xFFFF, 0xFFFF, 0xFFFF, 0xFFFF, 0xFFFF, 0xFFFF, 0xFFFF, 0xFFFF, 0xFFFF, 0xFFFF, 0xFFFF,   // 0x05F0 (1520) pixels
0xFFFF, 0xFFFF, 0xFFFF, 0xFFFF, 0xFFFF, 0xFFFF, 0xFFFF, 0xFFFF, 0xFFFF, 0xFFFF, 0xFFFF, 0xFFFF, 0xFFFF, 0xFFFF, 0xFFFF, 0xFFFF,   // 0x0600 (1536) pixels
0xFFFF, 0xFFFF, 0xFFFF, 0xFFFF, 0xFFFF, 0xFFFF, 0xFFFF, 0xFFFF, 0xFFFF, 0xFFFF, 0xFFFF, 0xFFFF, 0xFFFF, 0xF79E, 0xE71C, 0xE71C,   // 0x0610 (1552) pixels
0xE71C, 0xE71C, 0xE71C, 0xE71C, 0xE71C, 0xE71C, 0xE71C, 0xE71C, 0xE71C, 0xFFFF, 0xFFFF, 0xFFFF, 0xFFFF, 0xFFFF, 0xFFFF, 0xFFFF,   // 0x0620 (1568) pixels
0xFFFF, 0xFFFF, 0xFFFF, 0xFFFF, 0xFFFF, 0xFFFF, 0xFFFF, 0xFFFF, 0xF79E, 0xE71C, 0xE71C, 0xE71C, 0xE71C, 0xE71C, 0xE71C, 0xE71C,   // 0x0630 (1584) pixels
0xE71C, 0xE71C, 0xE71C, 0xE71C, 0xFFFF, 0xFFFF, 0xFFFF, 0xFFFF, 0xFFFF, 0xFFFF, 0xFFFF, 0xFFFF, 0xFFFF, 0xFFFF, 0xFFFF, 0xFFFF,   // 0x0640 (1600) pixels
0xFFFF, 0xFFFF, 0xFFFF, 0xFFFF, 0xFFFF, 0xFFFF, 0xFFFF, 0xFFFF, 0xFFFF, 0xFFFF, 0xFFFF, 0xC5D7, 0xB555, 0x3104, 0x3104, 0x3104,   // 0x0650 (1616) pixels
0x3104, 0x3104, 0x3104, 0x3104, 0x3104, 0x3104, 0x3104, 0x3104, 0xB555, 0xFFFF, 0xFFFF, 0xFFFF, 0xFFDF, 0xFFFF, 0xFFFF, 0xFFFF,   // 0x0660 (1632) pixels
0xFFFF, 0xFFFF, 0xFFFF, 0xFFFF, 0xFFFF, 0xFFFF, 0xE71C, 0xB555, 0x3104, 0x3104, 0x3104, 0x3104, 0x3104, 0x3104, 0x3104, 0x3104,   // 0x0670 (1648) pixels
0x3104, 0x3104, 0x3104, 0xB555, 0xFFFF, 0xFFFF, 0xFFFF, 0xFFFF, 0xFFDF, 0xFFFF, 0xFFFF, 0xFFFF, 0xFFFF, 0xFFFF, 0xFFFF, 0xFFFF,   // 0x0680 (1664) pixels
0xFFFF, 0xFFFF, 0xFFFF, 0xFFFF, 0xFFFF, 0xFFFF, 0xFFFF, 0xFFFF, 0xFFFF, 0xFFFF, 0xC5D7, 0x3104, 0x3104, 0x3104, 0x3104, 0x3104,   // 0x0690 (1680) pixels
0x3104, 0x3104, 0x3104, 0x3104, 0x3104, 0x3104, 0x3104, 0x3104, 0xB555, 0xFFFF, 0xFFFF, 0xFFFF, 0xFFFF, 0xFFFF, 0xFFFF, 0xFFFF,   // 0x06A0 (1696) pixels
0xFFFF, 0xFFFF, 0xFFFF, 0xFFFF, 0xFFFF, 0xFFFF, 0xB555, 0x3104, 0x3104, 0x3104, 0x3104, 0x3104, 0x3104, 0x3104, 0x3104, 0x3104,   // 0x06B0 (1712) pixels
0x3104, 0x3104, 0x3104, 0xB555, 0xFFFF, 0xFFFF, 0xFFFF, 0xFFFF, 0xFFDF, 0xFFFF, 0xFFFF, 0xFFFF, 0xFFFF, 0xFFFF, 0xFFFF, 0xFFFF,   // 0x06C0 (1728) pixels
0xFFFF, 0xFFFF, 0xFFFF, 0xFFFF, 0xFFFF, 0xFFFF, 0xFFFF, 0xFFFF, 0xFFFF, 0xFFFF, 0xB555, 0x3104, 0x3104, 0x3104, 0x3104, 0x3104,   // 0x06D0 (1744) pixels
0x3905, 0x4125, 0x3104, 0x3104, 0x4125, 0x6946, 0x3104, 0x3104, 0xB555, 0xFFFF, 0xFFFF, 0xFFFF, 0xFFFF, 0xFFFF, 0xFFFF, 0xFFFF,   // 0x06E0 (1760) pixels
0xFFFF, 0xFFFF, 0xFFFF, 0xFFFF, 0xFFFF, 0xC5D7, 0x3104, 0x3104, 0x3104, 0x3104, 0x3104, 0x4125, 0x5925, 0x4925, 0x3104, 0x3905,   // 0x06F0 (1776) pixels
0x6946, 0x3905, 0x3104, 0xB555, 0xFFFF, 0xFFFF, 0xFFFF, 0xFFFF, 0xFFDF, 0xFFFF, 0xFFFF, 0xFFFF, 0xFFFF, 0xFFFF, 0xFFFF, 0xFFFF,   // 0x0700 (1792) pixels
0xFFFF, 0xFFFF, 0xFFFF, 0xFFFF, 0xFFFF, 0xFFFF, 0xFFFF, 0xFFFF, 0xFFFF, 0xFFFF, 0xB555, 0x3104, 0x3104, 0x3104, 0x3104, 0x4925,   // 0x0710 (1808) pixels
0xB9C7, 0xD9E8, 0x7166, 0x4125, 0xA9A7, 0x5925, 0x3104, 0x3104, 0xB555, 0xFFFF, 0xFFFF, 0xFFFF, 0xFFFF, 0xFFFF, 0xFFFF, 0xFFFF,   // 0x0720 (1824) pixels
0xFFFF, 0xFFFF, 0xFFFF, 0xFFFF, 0xFFFF, 0xB555, 0x3104, 0x3104, 0x3104, 0x4105, 0x9987, 0xB9C7, 0xA1A7, 0xB1C7, 0x5125, 0x9187,   // 0x0730 (1840) pixels
0x8166, 0x3104, 0x3104, 0xB555, 0xFFFF, 0xFFFF, 0xFFFF, 0xFFFF, 0xFFDF, 0xFFFF, 0xFFFF, 0xFFFF, 0xFFFF, 0xFFFF, 0xFFFF, 0xFFFF,   // 0x0740 (1856) pixels
0xFFFF, 0xFFFF, 0xFFFF, 0xFFFF, 0xFFFF, 0xFFFF, 0xFFFF, 0xFFFF, 0xFFFF, 0xFFFF, 0xB555, 0x3104, 0x3104, 0x3104, 0x3104, 0x6946,   // 0x0750 (1872) pixels
0xD9E8, 0xC9C8, 0x5945, 0xA9A7, 0x6946, 0x3104, 0x3104, 0x3104, 0xB555, 0xFFFF, 0xFFFF, 0xFFFF, 0xFFFF, 0xFFFF, 0xFFFF, 0xFFFF,   // 0x0760 (1888) pixels
0xFFFF, 0xFFFF, 0xFFFF, 0xFFFF, 0xFFFF, 0xB555, 0x3104, 0x3104, 0x3905, 0xA1A7, 0x8166, 0x3104, 0x3104, 0x3104, 0x9187, 0x8166,   // 0x0770 (1904) pixels
0x3104, 0x3104, 0x3104, 0xB555, 0xFFFF, 0xFFFF, 0xFFFF, 0xFFFF, 0xFFDF, 0xFFFF, 0xFFFF, 0xFFFF, 0xFFFF, 0xFFFF, 0xFFFF, 0xFFFF,   // 0x0780 (1920) pixels
0xFFFF, 0xFFFF, 0xFFFF, 0xFFFF, 0xFFFF, 0xFFFF, 0xFFFF, 0xFFFF, 0xFFFF, 0xFFFF, 0xB555, 0x3104, 0x3104, 0x3104, 0x4925, 0x6946,   // 0x0790 (1936) pixels
0xC1C8, 0x5945, 0xA9A7, 0x7166, 0x4125, 0x3104, 0x3104, 0x3104, 0xB555, 0xFFFF, 0xFFFF, 0xFFFF, 0xFFFF, 0xFFFF, 0xFFFF, 0xFFFF,   // 0x07A0 (1952) pixels
0xFFFF, 0xFFFF, 0xFFFF, 0xFFFF, 0xFFFF, 0xB555, 0x3104, 0x3104, 0x7966, 0x8986, 0x3905, 0x3104, 0x3104, 0xA1A7, 0x8166, 0x6946,   // 0x07B0 (1968) pixels
0x7966, 0x3104, 0x3104, 0xB555, 0xFFFF, 0xFFFF, 0xFFDF, 0xFFFF, 0xFFFF, 0xFFFF, 0xFFFF, 0xFFFF, 0xFFFF, 0xFFFF, 0xFFFF, 0xFFFF,   // 0x07C0 (1984) pixels
0xFFFF, 0xFFFF, 0xFFFF, 0xFFFF, 0xFFFF, 0xFFFF, 0xFFFF, 0xFFFF, 0xFFFF, 0xFFFF, 0xB555, 0x3104, 0x3104, 0x3104, 0x9987, 0x5945,   // 0x07D0 (2000) pixels
0x6946, 0xB1A7, 0x6145, 0x8166, 0x7166, 0x3104, 0x3104, 0x3104, 0xB555, 0xFFFF, 0xFFFF, 0xFFFF, 0xFFFF, 0xFFFF, 0xFFFF, 0xFFFF,   // 0x07E0 (2016) pixels
0xFFFF, 0xFFFF, 0xFFFF, 0xFFFF, 0xFFFF, 0xB555, 0x3104, 0x3104, 0x9987, 0x6146, 0x3104, 0x3104, 0x9187, 0x8166, 0x3104, 0x6145,   // 0x07F0 (2032) pixels
0x9186, 0x3104, 0x3104, 0xB555, 0xFFFF, 0xFFFF, 0xFFDF, 0xFFFF, 0xFFFF, 0xFFFF, 0xFFFF, 0xFFFF, 0xFFFF, 0xFFFF, 0xFFFF, 0xFFFF,   // 0x0800 (2048) pixels
0xFFFF, 0xFFFF, 0xFFFF, 0xFFFF, 0xFFFF, 0xFFFF, 0xFFFF, 0xFFFF, 0xFFFF, 0xFFFF, 0xB555, 0x3104, 0x3104, 0x3104, 0x7166, 0x6145,   // 0x0810 (2064) pixels
0x9987, 0x6145, 0x5125, 0xA1A7, 0x5125, 0x3104, 0x3104, 0x3104, 0xB555, 0xFFFF, 0xFFFF, 0xFFFF, 0xFFFF, 0xFFDF, 0xFFFF, 0xFFFF,   // 0x0820 (2080) pixels
0xFFFF, 0xFFFF, 0xFFFF, 0xFFFF, 0xFFFF, 0xB555, 0x3104, 0x3104, 0x9987, 0x7166, 0x4105, 0x9187, 0x8166, 0x3104, 0x5125, 0x8166,   // 0x0830 (2096) pixels
0x9987, 0x3104, 0x3104, 0xB555, 0xFFFF, 0xFFFF, 0xFFDF, 0xFFFF, 0xFFFF, 0xFFFF, 0xFFFF, 0xFFFF, 0xFFFF, 0xFFFF, 0xFFFF, 0xFFFF,   // 0x0840 (2112) pixels
0xFFFF, 0xFFFF, 0xFFFF, 0xFFFF, 0xFFFF, 0xFFFF, 0xFFFF, 0xFFFF, 0xFFFF, 0xFFFF, 0xB555, 0x3104, 0x3104, 0x3104, 0x4925, 0x9987,   // 0x0850 (2128) pixels
0x7966, 0x8166, 0xA1A7, 0x6946, 0x3904, 0x3104, 0x3104, 0x3104, 0xB555, 0xFFFF, 0xFFFF, 0xFFFF, 0xFFFF, 0xFFBF, 0xFFFF, 0xFFFF,   // 0x0860 (2144) pixels
0xFFFF, 0xFFFF, 0xFFFF, 0xFFFF, 0xFFFF, 0xB555, 0x3104, 0x3104, 0x7166, 0x6946, 0x8986, 0x8166, 0x3104, 0x6145, 0xC9E8, 0xD9E8,   // 0x0870 (2160) pixels
0x8166, 0x3104, 0x3104, 0xB555, 0xFFFF, 0xFFFF, 0xFFFF, 0xFFFF, 0xFFFF, 0xFFFF, 0xFFFF, 0xFFFF, 0xFFFF, 0xFFFF, 0xFFFF, 0xFFFF,   // 0x0880 (2176) pixels
0xFFFF, 0xFFFF, 0xFFFF, 0xFFFF, 0xFFFF, 0xFFFF, 0xFFFF, 0xFFFF, 0xFFFF, 0xFFFF, 0xB555, 0x3104, 0x3104, 0x4105, 0x9987, 0x7166,   // 0x0890 (2192) pixels
0x6145, 0xB9C7, 0x5125, 0x3104, 0x3104, 0x3104, 0x3104, 0x3104, 0xB555, 0xFFFF, 0xFFFF, 0xFFFF, 0xFFDF, 0xFFDF, 0xFFFF, 0xFFFF,   // 0x08A0 (2208) pixels
0xFFFF, 0xFFFF, 0xFFFF, 0xFFFF, 0xFFFF, 0xB555, 0x3104, 0x3104, 0x3905, 0x8986, 0x8986, 0x6146, 0x3104, 0xB9C7, 0xD9E8, 0xB9C7,   // 0x08B0 (2224) pixels
0x4925, 0x3104, 0x3104, 0xB555, 0xFFFF, 0xFFFF, 0xFFFF, 0xFFFF, 0xFFFF, 0xFFFF, 0xFFFF, 0xFFFF, 0xFFFF, 0xFFFF, 0xFFFF, 0xFFFF,   // 0x08C0 (2240) pixels
0xFFFF, 0xFFFF, 0xFFFF, 0xFFFF, 0xFFFF, 0xFFFF, 0xFFFF, 0xFFFF, 0xFFFF, 0xFFFF, 0xB555, 0x3104, 0x3905, 0xB1A7, 0x6145, 0x5925,   // 0x08D0 (2256) pixels
0xB1A7, 0xB9C7, 0x8986, 0x3905, 0x3104, 0x3104, 0x3104, 0x3104, 0xB555, 0xFFFF, 0xFFFF, 0xFFFF, 0xFFDF, 0xFFDF, 0xFFFF, 0xFFFF,   // 0x08E0 (2272) pixels
0xFFFF, 0xFFFF, 0xFFFF, 0xFFFF, 0xFFFF, 0xB555, 0x3104, 0x3104, 0x9187, 0x8166, 0x6146, 0xA9A7, 0x3104, 0xA9A7, 0xC1C8, 0x5925,   // 0x08F0 (2288) pixels
0x3104, 0x3104, 0x3104, 0xB555, 0xFFFF, 0xFFFF, 0xFFFF, 0xFFFF, 0xFFFF, 0xFFFF, 0xFFFF, 0xFFFF, 0xFFFF, 0xFFFF, 0xFFFF, 0xFFFF,   // 0x0900 (2304) pixels
0xFFFF, 0xFFFF, 0xFFFF, 0xFFFF, 0xFFFF, 0xFFFF, 0xFFFF, 0xFFFF, 0xFFFF, 0xFFFF, 0xB555, 0x3104, 0x3905, 0x5125, 0x3104, 0x3904,   // 0x0910 (2320) pixels
0x3905, 0x3905, 0x3905, 0x3104, 0x3104, 0x3104, 0x3104, 0x3104, 0xB555, 0xFFFF, 0xFFFF, 0xFFFF, 0xFFDF, 0xFFDF, 0xFFFF, 0xFFFF,   // 0x0920 (2336) pixels
0xFFFF, 0xFFFF, 0xFFFF, 0xFFFF, 0xFFFF, 0xCE39, 0x3104, 0x3104, 0x5125, 0x3905, 0x3905, 0x4105, 0x3104, 0x3905, 0x4105, 0x3104,   // 0x0930 (2352) pixels
0x3104, 0x3104, 0x3104, 0xB555, 0xFFFF, 0xFFFF, 0xFFFF, 0xFFFF, 0xFFFF, 0xFFFF, 0xFFFF, 0xFFFF, 0xFFFF, 0xFFFF, 0xFFFF, 0xFFFF,   // 0x0940 (2368) pixels
0xFFFF, 0xFFFF, 0xFFFF, 0xFFFF, 0xFFFF, 0xFFFF, 0xFFFF, 0xFFFF, 0xFFFF, 0xFFFF, 0xCE39, 0x3104, 0x3104, 0x3104, 0x3104, 0x3104,   // 0x0950 (2384) pixels
0x3104, 0x3104, 0x3104, 0x3104, 0x3104, 0x3104, 0x3104, 0x3104, 0xB555, 0xFFFF, 0xFFFF, 0xFFFF, 0xFFDF, 0xFFFF, 0xFFFF, 0xFFFF,   // 0x0960 (2400) pixels
0xFFFF, 0xFFFF, 0xFFFF, 0xFFFF, 0xFFFF, 0xFFFF, 0xB555, 0x3104, 0x3104, 0x3104, 0x3104, 0x3104, 0x3104, 0x3104, 0x3104, 0x3104,   // 0x0970 (2416) pixels
0x3104, 0x3104, 0x3104, 0xB555, 0xFFFF, 0xFFFF, 0xFFFF, 0xFFFF, 0xFFFF, 0xFFFF, 0xFFFF, 0xFFFF, 0xFFFF, 0xFFFF, 0xFFFF, 0xFFFF,   // 0x0980 (2432) pixels
0xFFFF, 0xFFFF, 0xFFFF, 0xFFFF, 0xFFFF, 0xFFFF, 0xFFFF, 0xFFFF, 0xFFFF, 0xFFFF, 0xFFFF, 0xCE39, 0xB555, 0xB555, 0xB555, 0xB555,   // 0x0990 (2448) pixels
0xB555, 0xB555, 0xB555, 0xB555, 0xB555, 0xB555, 0xB555, 0xB555, 0xB555, 0xFFFF, 0xFFFF, 0xFFFF, 0xFFFF, 0xFFFF, 0xFFFF, 0xFFFF,   // 0x09A0 (2464) pixels
0xFFFF, 0xFFFF, 0xFFFF, 0xFFFF, 0xFFFF, 0xFFFF, 0xFFFF, 0xB555, 0xB555, 0xB555, 0xB555, 0xB555, 0xB555, 0xB555, 0xB555, 0xB555,   // 0x09B0 (2480) pixels
0xB555, 0xB555, 0xB555, 0xB555, 0xFFFF, 0xFFFF, 0xFFFF, 0xFFFF, 0xFFFF, 0xFFFF, 0xFFFF, 0xFFFF, 0xFFFF, 0xFFFF, 0xFFFF, 0xFFFF,   // 0x09C0 (2496) pixels
0xFFFF, 0xFFFF, 0xFFFF, 0xFFFF, 0xFFFF, 0xFFFF, 0xFFFF, 0xFFFF, 0xFFFF, 0xFFFF, 0xFFFF, 0xFFFF, 0xFFFF, 0xFFFF, 0xFFFF, 0xFFFF,   // 0x09D0 (2512) pixels
0xFFFF, 0xFFFF, 0xFFFF, 0xFFFF, 0xFFFF, 0xFFFF, 0xFFFF, 0xFFFF, 0xFFFF, 0xFFFF, 0xFFFF, 0xFFFF, 0xFFFF, 0xFFFF, 0xFFFF, 0xFFFF,   // 0x09E0 (2528) pixels
0xFFFF, 0xFFFF, 0xFFFF, 0xFFFF, 0xFFFF, 0xFFFF, 0xFFFF, 0xFFFF, 0xFFFF, 0xFFFF, 0xFFFF, 0xFFFF, 0xFFFF, 0xFFFF, 0xFFFF, 0xFFFF,   // 0x09F0 (2544) pixels
0xFFFF, 0xFFFF, 0xFFFF, 0xFFFF, 0xFFFF, 0xFFFF, 0xFFFF, 0xFFFF, 0xFFFF, 0xFFFF, 0xFFFF, 0xFFFF, 0xFFFF, 0xFFFF, 0xFFFF, 0xFFFF,   // 0x0A00 (2560) pixels
0xFFFF, 0xFFFF, 0xFFFF, 0xFFFF, 0xFFFF, 0xFFFF, 0xFFFF, 0xFFFF, 0xFFFF, 0xFFFF, 0xFFFF, 0xFFFF, 0xFFFF, 0xFFFF, 0xFFFF, 0xFFFF,   // 0x0A10 (2576) pixels
0xFFFF, 0xFFFF, 0xFFFF, 0xFFFF, 0xFFFF, 0xFFFF, 0xFFFF, 0xFFFF, 0xFFFF, 0xFFFF, 0xFFFF, 0xFFFF, 0xFFFF, 0xFFFF, 0xFFFF, 0xFFFF,   // 0x0A20 (2592) pixels
0xFFFF, 0xFFFF, 0xFFFF, 0xFFFF, 0xFFFF, 0xFFFF, 0xFFFF, 0xFFFF, 0xFFFF, 0xFFFF, 0xFFFF, 0xFFFF, 0xFFFF, 0xFFFF, 0xFFFF, 0xFFFF,   // 0x0A30 (2608) pixels
0xFFFF, 0xFFFF, 0xFFFF, 0xFFFF, 0xFFFF, 0xFFFF, 0xFFFF, 0xFFFF, 0xFFFF, 0xFFFF, 0xFFFF, 0xFFFF, 0xFFFF, 0xFFFF, 0xFFFF, 0xFFFF,   // 0x0A40 (2624) pixels
0xFFFF, 0xFFFF, 0xFFFF, 0xFFFF, 0xFFFF, 0xFFFF, 0xFFFF, 0xFFFF, 0xFFFF, 0xFFFF, 0xFFFF, 0xFFFF, 0xFFFF, 0xFFFF, 0xFFFF, 0xFFFF,   // 0x0A50 (2640) pixels
0xFFFF, 0xFFFF, 0xFFFF, 0xFFFF, 0xFFFF, 0xFFFF, 0xFFFF, 0xFFFF, 0xFFFF, 0xFFFF, 0xFFFF, 0xFFFF, 0xFFFF, 0xFFFF, 0xFFFF, 0xFFFF,   // 0x0A60 (2656) pixels
0xFFFF, 0xFFFF, 0xFFFF, 0xFFFF, 0xFFFF, 0xFFFF, 0xFFFF, 0xFFFF, 0xFFFF, 0xFFFF, 0xFFFF, 0xFFFF, 0xFFFF, 0xFFFF, 0xFFFF, 0xFFFF,   // 0x0A70 (2672) pixels
0xFFFF, 0xFFFF, 0xFFFF, 0xFFFF, 0xFFFF, 0xFFFF, 0xFFFF, 0xFFFF, 0xFFFF, 0xFFFF, 0xFFFF, 0xFFFF, 0xFFFF, 0xFFFF, 0xFFFF, 0xFFFF,   // 0x0A80 (2688) pixels
0xFFFF, 0xFFFF, 0xFFFF, 0xFFFF, 0xFFFF, 0xFFFF, 0xFFFF, 0xFFFF, 0xFFFF, 0xFFFF, 0xFFFF, 0xFFFF, 0xFFFF, 0xFFFF, 0xFFFF, 0xFFFF,   // 0x0A90 (2704) pixels
0xFFFF, 0xFFFF, 0xFFFF, 0xFFFF, 0xFFFF, 0xFFFF, 0xFFFF, 0xFFFF, 0xFFFF, 0xFFFF, 0xFFFF, 0xFFFF, 0xFFFF, 0xFFFF, 0xFFFF, 0xFFFF,   // 0x0AA0 (2720) pixels
0xFFFF, 0xFFFF, 0xFFFF, 0xFFFF, 0xFFFF, 0xFFFF, 0xFFFF, 0xFFFF, 0xFFFF, 0xFFFF, 0xFFFF, 0xFFFF, 0xFFFF, 0xFFFF, 0xFFFF, 0xFFFF,   // 0x0AB0 (2736) pixels
0xFFFF, 0xFFFF, 0xFFFF, 0xFFFF, 0xFFFF, 0xFFFF, 0xFFFF, 0xFFFF, 0xFFFF, 0xFFFF, 0xFFFF, 0xFFFF, 0xFFFF, 0xFFFF, 0xFFFF, 0xFFFF,   // 0x0AC0 (2752) pixels
0xFFFF, 0xFFFF, 0xFFFF, 0xFFFF, 0xFFFF, 0xFFFF, 0xFFFF, 0xFFFF, 0xFFFF, 0xFFFF, 0xFFFF, 0xFFFF, 0xFFFF, 0xFFFF, 0xFFFF, 0xFFFF,   // 0x0AD0 (2768) pixels
0xFFFF, 0xFFFF, 0xFFFF, 0xFFFF, 0xFFFF, 0xFFFF, 0xFFFF, 0xFFFF, 0xFFFF, 0xFFFF, 0xFFFF, 0xFFFF, 0xFFFF, 0xFFFF, 0xFFFF, 0xFFFF,   // 0x0AE0 (2784) pixels
0xFFFF, 0xFFFF, 0xFFFF, 0xFFFF, 0xFFFF, 0xFFFF, 0xFFFF, 0xFFFF, 0xFFFF, 0xFFFF, 0xFFFF, 0xFFFF, 0xFFFF, 0xFFFF, 0xFFFF, 0xFFFF,   // 0x0AF0 (2800) pixels
0xFFFF, 0xFFFF, 0xFFFF, 0xFFFF, 0xFFFF, 0xFFFF, 0xFFFF, 0xFFFF, 0xFFFF, 0xFFFF, 0xFFFF, 0xFFFF, 0xFFFF, 0xFFFF, 0xFFFF, 0xFFFF,   // 0x0B00 (2816) pixels
0xFFFF, 0xFFFF, 0xFFFF, 0xFFFF, 0xFFFF, 0xFFFF, 0xFFFF, 0xFFFF, 0xFFFF, 0xFFFF, 0xFFFF, 0xFFFF, 0xFFFF, 0xFFFF, 0xFFFF, 0xFFFF,   // 0x0B10 (2832) pixels
0xFFFF, 0xFFFF, 0xFFFF, 0xFFFF, 0xFFFF, 0xFFFF, 0xFFFF, 0xFFFF, 0xFFFF, 0xFFFF, 0xFFFF, 0xFFFF, 0xFFFF, 0xFFFF, 0xFFFF, 0xFFFF,   // 0x0B20 (2848) pixels
0xFFFF, 0xFFFF, 0xFFFF, 0xFFFF, 0xFFFF, 0xFFFF, 0xFFFF, 0xFFFF, 0xFFFF, 0xFFFF, 0xFFFF, 0xFFFF, 0xFFFF, 0xFFFF, 0xFFFF, 0xFFFF,   // 0x0B30 (2864) pixels
0xFFFF, 0xFFFF, 0xFFFF, 0xFFFF, 0xFFFF, 0xFFFF, 0xFFFF, 0xFFFF, 0xFFFF, 0xFFFF, 0xFFFF, 0xFFFF, 0xFFFF, 0xFFFF, 0xFFFF, 0xFFFF,   // 0x0B40 (2880) pixels
0xFFFF, 0xFFFF, 0xFFFF, 0xFFFF, 0xFFFF, 0xFFFF, 0xFFFF, 0xFFFF, 0xFFFF, 0xFFFF, 0xFFFF, 0xFFFF, 0xFFFF, 0xFFFF, 0xFFFF, 0xFFFF,   // 0x0B50 (2896) pixels
0xFFFF, 0xFFFF, 0xFFFF, 0xFFFF, 0xFFFF, 0xFFFF, 0xFFFF, 0xFFFF, 0xFFFF, 0xFFFF, 0xFFFF, 0xFFFF, 0xFFFF, 0xFFFF, 0xFFFF, 0xFFFF,   // 0x0B60 (2912) pixels
0xFFFF, 0xFFFF, 0xFFFF, 0xFFFF, 0xFFFF, 0xFFFF, 0xFFFF, 0xFFFF, 0xFFFF, 0xFFFF, 0xFFFF, 0xFFFF, 0xFFFF, 0xFFFF, 0xFFFF, 0xFFFF,   // 0x0B70 (2928) pixels
0xFFFF, 0xFFFF, 0xFFFF, 0xFFFF, 0xFFFF, 0xFFFF, 0xFFFF, 0xFFFF, 0xFFFF, 0xFFFF, 0xFFFF, 0xFFFF, 0xFFFF, 0xFFFF, 0xFFFF, 0xFFFF,   // 0x0B80 (2944) pixels
0xFFFF, 0xFFFF, 0xFFFF, 0xFFFF, 0xFFFF, 0xFFFF, 0xFFFF, 0xFFFF, 0xFFFF, 0xFFFF, 0xFFFF, 0xFFFF, 0xFFFF, 0xFFFF, 0xFFFF, 0xFFFF,   // 0x0B90 (2960) pixels
0xFFFF, 0xFFFF, 0xFFFF, 0xFFFF, 0xFFFF, 0xFFFF, 0xFFFF, 0xFFFF, 0xFFFF, 0xFFFF, 0xFFFF, 0xFFFF, 0xFFFF, 0xFFFF, 0xFFFF, 0xFFFF,   // 0x0BA0 (2976) pixels
0xFFFF, 0xFFFF, 0xFFFF, 0xFFFF, 0xFFFF, 0xFFFF, 0xFFFF, 0xFFFF, 0xFFFF, 0xFFFF, 0xFFFF, 0xFFFF, 0xFFFF, 0xFFFF, 0xFFFF, 0xFFFF,   // 0x0BB0 (2992) pixels
0xFFFF, 0xFFFF, 0xFFFF, 0xFFFF, 0xFFFF, 0xFFFF, 0xFFFF, 0xFFFF, 0xFFFF, 0xFFFF, 0xFFFF, 0xFFFF, 0xFFFF, 0xFFFF, 0xFFFF, 0xFFFF,   // 0x0BC0 (3008) pixels
0xFFFF, 0xFFFF, 0xFFFF, 0xFFFF, 0xFFFF, 0xFFFF, 0xFFFF, 0xFFFF, 0xFFFF, 0xFFFF, 0xFFFF, 0xFFFF, 0xFFFF, 0xFFFF, 0xFFFF, 0xFFFF,   // 0x0BD0 (3024) pixels
0xFFFF, 0xFFFF, 0xFFFF, 0xFFFF, 0xFFFF, 0xFFFF, 0xFFFF, 0xFFFF, 0xFFFF, 0xFFFF, 0xFFFF, 0xFFFF, 0xFFFF, 0xFFFF, 0xFFFF, 0xFFFF,   // 0x0BE0 (3040) pixels
0xFFFF, 0xFFFF, 0xFFFF, 0xFFFF, 0xFFFF, 0xFFFF, 0xFFFF, 0xFFFF, 0xFFFF, 0xFFFF, 0xFFFF, 0xFFFF, 0xFFFF, 0xFFFF, 0xFFFF, 0xFFFF,   // 0x0BF0 (3056) pixels
0xFFFF, 0xFFFF, 0xFFFF, 0xFFFF, 0xFFFF, 0xFFFF, 0xFFFF, 0xFFFF, 0xFFFF, 0xFFFF, 0xFFFF, 0xFFFF, 0xFFFF, 0xFFFF, 0xFFFF, 0xFFFF,   // 0x0C00 (3072) pixels
0xFFFF, 0xFFFF, 0xFFFF, 0xFFFF, 0xFFFF, 0xFFFF, 0xFFFF, 0xFFFF, 0xFFFF, 0xFFFF, 0xFFFF, 0xFFFF, 0xFFFF, 0xFFFF, 0xFFFF, 0xFFFF,   // 0x0C10 (3088) pixels
0xFFFF, 0xFFFF, 0xFFFF, 0xFFFF, 0xFFFF, 0xFFFF, 0xFFFF, 0xFFFF, 0xFFFF, 0xFFFF, 0xFFFF, 0xFFFF, 0xFFFF, 0xFFFF, 0xFFFF, 0xFFFF,   // 0x0C20 (3104) pixels
0xFFFF, 0xFFFF, 0xFFFF, 0xFFFF, 0xFFFF, 0xFFFF, 0xFFFF, 0xFFFF, 0xFFFF, 0xFFFF, 0xFFFF, 0xFFFF, 0xFFFF, 0xFFFF, 0xFFFF, 0xFFFF,   // 0x0C30 (3120) pixels
0xFFFF, 0xFFFF, 0xFFFF, 0xFFFF, 0xFFFF, 0xFFFF, 0xFFFF, 0xFFFF, 0xFFFF, 0xFFFF, 0xFFFF, 0xFFFF, 0xFFFF, 0xFFFF, 0xFFFF, 0xFFFF,   // 0x0C40 (3136) pixels
0xFFFF, 0xFFFF, 0xFFFF, 0xFFFF, 0xFFFF, 0xFFFF, 0xFFFF, 0xFFFF, 0xFFFF, 0xFFFF, 0xFFFF, 0xFFFF, 0xFFFF, 0xFFFF, 0xFFFF, 0xFFFF,   // 0x0C50 (3152) pixels
0xFFFF, 0xFFFF, 0xFFFF, 0xFFFF, 0xFFFF, 0xFFFF, 0xFFFF, 0xFFFF, 0xFFFF, 0xFFFF, 0xFFFF, 0xFFFF, 0xFFFF, 0xFFFF, 0xFFFF, 0xFFFF,   // 0x0C60 (3168) pixels
0xFFFF, 0xFFFF, 0xFFFF, 0xFFFF, 0xFFFF, 0xFFFF, 0xFFFF, 0xFFFF, 0xFFFF, 0xFFFF, 0xFFFF, 0xFFFF, 0xFFFF, 0xFFFF, 0xFFFF, 0xFFFF,   // 0x0C70 (3184) pixels
0xFFFF, 0xFFFF, 0xFFFF, 0xFFFF, 0xFFFF, 0xFFFF, 0xFFFF, 0xFFFF, 0xFFFF, 0xFFFF, 0xFFFF, 0xFFFF, 0xFFFF, 0xFFFF, 0xFFFF, 0xFFFF,   // 0x0C80 (3200) pixels
0xFFFF, 0xFFFF, 0xFFFF, 0xFFFF, 0xFFFF, 0xFFFF, 0xFFFF, 0xFFFF, 0xFFFF, 0xFFFF, 0xFFFF, 0xFFFF, 0xFFFF, 0xFFFF, 0xFFFF, 0xFFFF,   // 0x0C90 (3216) pixels
0xFFFF, 0xFFFF, 0xFFFF, 0xFFFF, 0xFFFF, 0xFFFF, 0xFFFF, 0xFFFF, 0xFFFF, 0xFFFF, 0xFFFF, 0xFFFF, 0xFFFF, 0xFFFF, 0xFFFF, 0xFFFF,   // 0x0CA0 (3232) pixels
0xFFFF, 0xFFFF, 0xFFFF, 0xFFFF, 0xFFFF, 0xFFFF, 0xFFFF, 0xFFFF, 0xFFFF, 0xFFFF, 0xFFFF, 0xFFFF, 0xFFFF, 0xFFFF, 0xFFFF, 0xFFFF,   // 0x0CB0 (3248) pixels
0xFFFF, 0xFFFF, 0xFFFF, 0xFFFF, 0xFFFF, 0xFFFF, 0xFFFF, 0xFFFF, 0xFFFF, 0xFFFF, 0xFFFF, 0xFFFF, 0xFFFF, 0xFFFF, 0xFFFF, 0xFFFF,   // 0x0CC0 (3264) pixels
0xFFFF, 0xFFFF, 0xFFFF, 0xFFFF, 0xFFFF, 0xFFFF, 0xFFFF, 0xFFFF, 0xFFFF, 0xFFFF, 0xFFFF, 0xFFFF, 0xFFFF, 0xFFFF, 0xFFFF, 0xFFFF,   // 0x0CD0 (3280) pixels
0xFFFF, 0xFFFF, 0xFFFF, 0xFFFF, 0xFFFF, 0xFFFF, 0xFFFF, 0xFFFF, 0xFFFF, 0xFFFF, 0xFFFF, 0xFFFF, 0xFFFF, 0xFFFF, 0xFFFF, 0xFFFF,   // 0x0CE0 (3296) pixels
0xFFFF, 0xFFFF, 0xFFFF, 0xFFFF, 0xFFFF, 0xFFFF, 0xFFFF, 0xFFFF, 0xFFFF, 0xFFFF, 0xFFFF, 0xFFFF, 0xFFFF, 0xFFFF, 0xFFFF, 0xFFFF,   // 0x0CF0 (3312) pixels
0xFFFF, 0xFFFF, 0xFFFF, 0xFFFF, 0xFFFF, 0xFFFF, 0xFFFF, 0xFFFF, 0xFFFF, 0xFFFF, 0xFFFF, 0xFFFF, 0xFFFF, 0xFFFF, 0xFFFF, 0xFFFF,   // 0x0D00 (3328) pixels
0xFFFF, 0xFFFF, 0xFFFF, 0xFFFF, 0xFFFF, 0xFFFF, 0xFFFF, 0xFFFF, 0xFFFF, 0xFFFF, 0xFFFF, 0xFFFF, 0xFFFF, 0xFFFF, 0xFFFF, 0xFFFF,   // 0x0D10 (3344) pixels
0xFFFF, 0xFFFF, 0xFFFF, 0xFFFF, 0xFFFF, 0xFFFF, 0xFFFF, 0xFFFF, 0xFFFF, 0xFFFF, 0xFFFF, 0xFFFF, 0xFFFF, 0xFFFF, 0xFFFF, 0xFFFF,   // 0x0D20 (3360) pixels
0xFFFF, 0xFFFF, 0xFFFF, 0xFFFF, 0xFFFF, 0xFFFF, 0xFFFF, 0xFFFF, 0xFFFF, 0xFFFF, 0xFFFF, 0xFFFF, 0xFFFF, 0xFFFF, 0xFFFF, 0xFFFF,   // 0x0D30 (3376) pixels
0xFFFF, 0xFFFF, 0xFFFF, 0xFFFF, 0xFFFF, 0xFFFF, 0xFFFF, 0xFFFF, 0xFFFF, 0xFFFF, 0xFFFF, 0xFFFF, 0xFFFF, 0xFFFF, 0xFFFF, 0xFFFF,   // 0x0D40 (3392) pixels
0xFFFF, 0xFFFF, 0xFFFF, 0xFFFF, 0xFFFF, 0xFFFF, 0xFFFF, 0xFFFF, 0xFFFF, 0xFFFF, 0xFFFF, 0xFFFF, 0xFFFF, 0xFFFF, 0xFFFF, 0xFFFF,   // 0x0D50 (3408) pixels
0xFFFF, 0xFFFF, 0xFFFF, 0xFFFF, 0xFFFF, 0xFFFF, 0xFFFF, 0xFFFF, 0xFFFF, 0xFFFF, 0xFFFF, 0xFFFF, 0xFFFF, 0xFFFF, 0xFFFF, 0xFFFF,   // 0x0D60 (3424) pixels
0xFFFF, 0xFFFF, 0xFFFF, 0xFFFF, 0xFFFF, 0xFFFF, 0xFFFF, 0xFFFF, 0xFFFF, 0xFFFF, 0xFFFF, 0xFFFF, 0xFFFF, 0xFFFF, 0xFFFF, 0xFFFF,   // 0x0D70 (3440) pixels
0xFFFF, 0xFFFF, 0xFFFF, 0xFFFF, 0xFFFF, 0xFFFF, 0xFFFF, 0xFFFF, 0xFFFF, 0xFFFF, 0xFFFF, 0xFFFF, 0xFFFF, 0xFFFF, 0xFFFF, 0xFFFF,   // 0x0D80 (3456) pixels
0xFFFF, 0xFFFF, 0xFFFF, 0xFFFF, 0xFFFF, 0xFFFF, 0xFFFF, 0xFFFF, 0xFFFF, 0xFFFF, 0xFFFF, 0xFFFF, 0xFFFF, 0xFFFF, 0xFFFF, 0xFFFF,   // 0x0D90 (3472) pixels
0xFFFF, 0xFFFF, 0xFFFF, 0xFFFF, 0xFFFF, 0xFFFF, 0xFFFF, 0xFFFF, 0xFFFF, 0xFFFF, 0xFFFF, 0xFFFF, 0xFFFF, 0xFFFF, 0xFFFF, 0xFFFF,   // 0x0DA0 (3488) pixels
0xFFFF, 0xFFFF, 0xFFFF, 0xFFFF, 0xFFFF, 0xFFFF, 0xFFFF, 0xFFFF, 0xFFFF, 0xFFFF, 0xFFFF, 0xFFFF, 0xFFFF, 0xFFFF, 0xFFFF, 0xFFFF,   // 0x0DB0 (3504) pixels
0xFFFF, 0xFFFF, 0xFFFF, 0xFFFF, 0xFFFF, 0xFFFF, 0xFFFF, 0xFFFF, 0xFFFF, 0xFFFF, 0xFFFF, 0xFFFF, 0xFFFF, 0xFFFF, 0xFFFF, 0xFFFF,   // 0x0DC0 (3520) pixels
0xFFFF, 0xFFFF, 0xFFFF, 0xFFFF, 0xFFFF, 0xFFFF, 0xFFFF, 0xFFFF, 0xFFFF, 0xFFFF, 0xFFFF, 0xFFFF, 0xFFFF, 0xFFFF, 0xFFFF, 0xFFFF,   // 0x0DD0 (3536) pixels
0xFFFF, 0xFFFF, 0xFFFF, 0xFFFF, 0xFFFF, 0xFFFF, 0xFFFF, 0xFFFF, 0xFFFF, 0xFFFF, 0xFFFF, 0xFFFF, 0xFFFF, 0xFFFF, 0xFFFF, 0xFFFF,   // 0x0DE0 (3552) pixels
0xFFFF, 0xFFFF, 0xFFFF, 0xFFFF, 0xFFFF, 0xFFFF, 0xFFFF, 0xFFFF, 0xFFFF, 0xFFFF, 0xFFFF, 0xFFFF, 0xFFFF, 0xFFFF, 0xFFFF, 0xFFFF,   // 0x0DF0 (3568) pixels
0xFFFF, 0xFFFF, 0xFFFF, 0xFFFF, 0xFFFF, 0xFFFF, 0xFFFF, 0xFFFF, 0xFFFF, 0xFFFF, 0xFFFF, 0xFFFF, 0xFFFF, 0xFFFF, 0xFFFF, 0xFFFF,   // 0x0E00 (3584) pixels
0xFFFF, 0xFFFF, 0xFFFF, 0xFFFF, 0xFFFF, 0xFFFF, 0xFFFF, 0xFFFF, 0xFFFF, 0xFFFF, 0xFFFF, 0xFFFF, 0xFFFF, 0xFFFF, 0xFFFF, 0xFFFF,   // 0x0E10 (3600) pixels
0xFFFF, 0xFFFF, 0xFFFF, 0xFFFF, 0xFFFF, 0xFFFF, 0xFFFF, 0xFFFF, 0xFFFF, 0xFFFF, 0xFFFF, 0xFFFF, 0xFFFF, 0xFFFF, 0xFFFF, 0xFFFF,   // 0x0E20 (3616) pixels
0xFFFF, 0xFFFF, 0xFFFF, 0xFFFF, 0xFFFF, 0xFFFF, 0xFFFF, 0xFFFF, 0xFFFF, 0xFFFF, 0xFFFF, 0xFFFF, 0xFFFF, 0xFFFF, 0xFFFF, 0xFFFF,   // 0x0E30 (3632) pixels
0xFFFF, 0xFFFF, 0xFFFF, 0xFFFF, 0xFFFF, 0xFFFF, 0xFFFF, 0xFFFF, 0xFFFF, 0xFFFF, 0xFFFF, 0xFFFF, 0xFFFF, 0xFFFF, 0xFFFF, 0xFFFF,   // 0x0E40 (3648) pixels
0xFFFF, 0xFFFF, 0xFFFF, 0xFFFF, 0xFFFF, 0xFFFF, 0xFFFF, 0xFFFF, 0xFFFF, 0xFFFF, 0xFFFF, 0xFFFF, 0xFFFF, 0xFFFF, 0xFFFF, 0xFFFF,   // 0x0E50 (3664) pixels
0xFFFF, 0xFFFF, 0xFFFF, 0xFFFF, 0xFFFF, 0xFFFF, 0xFFFF, 0xFFFF, 0xFFFF, 0xFFFF, 0xFFFF, 0xFFFF, 0xFFFF, 0xFFFF, 0xFFFF, 0xFFFF,   // 0x0E60 (3680) pixels
0xFFFF, 0xFFFF, 0xFFFF, 0xFFFF, 0xFFFF, 0xFFFF, 0xFFFF, 0xFFFF, 0xFFFF, 0xFFFF, 0xFFFF, 0xFFFF, 0xFFFF, 0xFFFF, 0xFFFF, 0xFFFF,   // 0x0E70 (3696) pixels
0xFFFF, 0xFFFF, 0xFFFF, 0xFFFF, 0xFFFF, 0xFFFF, 0xFFFF, 0xFFFF, 0xFFFF, 0xFFFF, 0xFFFF, 0xFFFF, 0xFFFF, 0xFFFF, 0xFFFF, 0xFFFF,   // 0x0E80 (3712) pixels
0xFFFF, 0xFFFF, 0xFFFF, 0xFFFF, 0xFFFF, 0xFFFF, 0xFFFF, 0xFFFF, 0xFFFF, 0xFFFF, 0xFFFF, 0xFFFF, 0xFFFF, 0xFFFF, 0xFFFF, 0xFFFF,   // 0x0E90 (3728) pixels
0xFFFF, 0xFFFF, 0xFFFF, 0xFFFF, 0xFFFF, 0xFFFF, 0xFFFF, 0xFFFF, 0xFFFF, 0xFFFF, 0xFFFF, 0xFFFF, 0xFFFF, 0xFFFF, 0xFFFF, 0xFFFF,   // 0x0EA0 (3744) pixels
0xFFFF, 0xFFFF, 0xFFFF, 0xFFFF, 0xFFFF, 0xFFFF, 0xFFFF, 0xFFFF, 0xFFFF, 0xFFFF, 0xFFFF, 0xFFFF, 0xFFFF, 0xFFFF, 0xFFFF, 0xFFFF,   // 0x0EB0 (3760) pixels
0xFFFF, 0xFFFF, 0xFFFF, 0xFFFF, 0xFFFF, 0xFFFF, 0xFFFF, 0xFFFF, 0xFFFF, 0xFFFF, 0xFFFF, 0xFFFF, 0xFFFF, 0xFFFF, 0xFFFF, 0xFFFF,   // 0x0EC0 (3776) pixels
0xFFFF, 0xFFFF, 0xFFFF, 0xFFFF, 0xFFFF, 0xFFFF, 0xFFFF, 0xFFFF, 0xFFFF, 0xFFFF, 0xFFFF, 0xFFFF, 0xFFFF, 0xFFFF, 0xFFFF, 0xFFFF,   // 0x0ED0 (3792) pixels
0xFFFF, 0xFFFF, 0xFFFF, 0xFFFF, 0xFFFF, 0xFFFF, 0xFFFF, 0xFFFF, 0xFFFF, 0xFFFF, 0xFFFF, 0xFFFF, 0xFFFF, 0xFFFF, 0xFFFF, 0xFFFF,   // 0x0EE0 (3808) pixels
0xFFFF, 0xFFFF, 0xFFFF, 0xFFFF, 0xFFFF, 0xFFFF, 0xFFFF, 0xFFFF, 0xFFFF, 0xFFFF, 0xFFFF, 0xFFFF, 0xFFFF, 0xFFFF, 0xFFFF, 0xFFFF,   // 0x0EF0 (3824) pixels
0xFFFF, 0xFFFF, 0xFFFF, 0xFFFF, 0xFFFF, 0xFFFF, 0xFFFF, 0xFFFF, 0xFFFF, 0xFFFF, 0xFFFF, 0xFFFF, 0xFFFF, 0xFFFF, 0xFFFF, 0xFFFF,   // 0x0F00 (3840) pixels
0xFFFF, 0xFFFF, 0xFFFF, 0xFFFF, 0xFFFF, 0xFFFF, 0xFFFF, 0xFFFF, 0xFFFF, 0xFFFF, 0xFFFF, 0xFFFF, 0xFFFF, 0xFFFF, 0xFFFF, 0xFFFF,   // 0x0F10 (3856) pixels
0xFFFF, 0xFFFF, 0xFFFF, 0xFFFF, 0xFFFF, 0xFFFF, 0xFFFF, 0xFFFF, 0xFFFF, 0xFFFF, 0xFFFF, 0xFFFF, 0xFFFF, 0xFFFF, 0xFFFF, 0xFFFF,   // 0x0F20 (3872) pixels
0xFFFF, 0xFFFF, 0xFFFF, 0xFFFF, 0xFFFF, 0xFFFF, 0xFFFF, 0xFFFF, 0xFFFF, 0xFFFF, 0xFFFF, 0xFFFF, 0xFFFF, 0xFFFF, 0xFFFF, 0xFFFF,   // 0x0F30 (3888) pixels
0xFFFF, 0xFFFF, 0xFFFF, 0xFFFF, 0xFFFF, 0xFFFF, 0xFFFF, 0xFFFF, 0xFFFF, 0xFFFF, 0xFFFF, 0xFFFF, 0xFFFF, 0xFFFF, 0xFFFF, 0xFFFF,   // 0x0F40 (3904) pixels
0xFFFF, 0xFFFF, 0xFFFF, 0xFFFF, 0xFFFF, 0xFFFF, 0xFFFF, 0xFFFF, 0xFFFF, 0xFFFF, 0xFFFF, 0xFFFF, 0xFFFF, 0xFFFF, 0xFFFF, 0xFFFF,   // 0x0F50 (3920) pixels
0xFFFF, 0xFFFF, 0xFFFF, 0xFFFF, 0xFFFF, 0xFFFF, 0xFFFF, 0xFFFF, 0xFFFF, 0xFFFF, 0xFFFF, 0xFFFF, 0xFFFF, 0xFFFF, 0xFFFF, 0xFFFF,   // 0x0F60 (3936) pixels
0xFFFF, 0xFFFF, 0xFFFF, 0xFFFF, 0xFFFF, 0xFFFF, 0xFFFF, 0xFFFF, 0xFFFF, 0xFFFF, 0xFFFF, 0xFFFF, 0xFFFF, 0xFFFF, 0xFFFF, 0xFFFF,   // 0x0F70 (3952) pixels
0xFFFF, 0xFFFF, 0xFFFF, 0xFFFF, 0xFFFF, 0xFFFF, 0xFFFF, 0xFFFF, 0xFFFF, 0xFFFF, 0xFFFF, 0xFFFF, 0xFFFF, 0xFFFF, 0xFFFF, 0xFFFF,   // 0x0F80 (3968) pixels
0xFFFF, 0xFFFF, 0xFFFF, 0xFFFF, 0xFFFF, 0xFFFF, 0xFFFF, 0xFFFF, 0xFFFF, 0xFFFF, 0xFFFF, 0xFFFF, 0xFFFF, 0xFFFF, 0xFFFF, 0xFFFF,   // 0x0F90 (3984) pixels
0xFFFF, 0xFFFF, 0xFFFF, 0xFFFF, 0xFFFF, 0xFFFF, 0xFFFF, 0xFFFF, 0xFFFF, 0xFFFF, 0xFFFF, 0xFFFF, 0xFFFF, 0xFFFF, 0xFFFF, 0xFFFF,   // 0x0FA0 (4000) pixels
0xFFFF, 0xFFFF, 0xFFFF, 0xFFFF, 0xFFFF, 0xFFFF, 0xFFFF, 0xFFFF, 0xFFFF, 0xFFFF, 0xFFFF, 0xFFFF, 0xFFFF, 0xFFFF, 0xFFFF, 0xFFFF,   // 0x0FB0 (4016) pixels
0xFFFF, 0xFFFF, 0xFFFF, 0xFFFF, 0xFFFF, 0xFFFF, 0xFFFF, 0xFFFF, 0xFFFF, 0xFFFF, 0xFFFF, 0xFFFF, 0xFFFF, 0xFFFF, 0xFFFF, 0xFFFF,   // 0x0FC0 (4032) pixels
0xFFFF, 0xFFFF, 0xFFFF, 0xFFFF, 0xFFFF, 0xFFFF, 0xFFFF, 0xFFFF, 0xFFFF, 0xFFFF, 0xFFFF, 0xFFFF, 0xFFFF, 0xFFFF, 0xFFFF, 0xFFFF,   // 0x0FD0 (4048) pixels
0xFFFF, 0xFFFF, 0xFFFF, 0xFFFF, 0xFFFF, 0xFFFF, 0xFFFF, 0xFFFF, 0xFFFF, 0xFFFF, 0xFFFF, 0xFFFF, 0xFFFF, 0xFFFF, 0xFFFF, 0xFFFF,   // 0x0FE0 (4064) pixels
0xFFFF, 0xFFFF, 0xFFFF, 0xFFFF, 0xFFFF, 0xFFFF, 0xFFFF, 0xFFFF, 0xFFFF, 0xFFFF, 0xFFFF, 0xFFFF, 0xFFFF, 0xFFFF, 0xFFFF, 0xFFFF,   // 0x0FF0 (4080) pixels
0xFFFF, 0xFFFF, 0xFFFF, 0xFFFF, 0xFFFF, 0xFFFF, 0xFFFF, 0xFFFF, 0xFFFF, 0xFFFF, 0xFFFF, 0xFFFF, 0xFFFF, 0xFFFF, 0xFFFF, 0xFFFF,   // 0x1000 (4096) pixels
};



const uint16_t slider_icon[4096] PROGMEM={
0xFFFF, 0xFFFF, 0xFFFF, 0xFFFF, 0xFFFF, 0xFFFF, 0xFFFF, 0xFFFF, 0xFFFF, 0xFFFF, 0xFFFF, 0xFFFF, 0xFFFF, 0xFFFF, 0xFFFF, 0xFFFF,   // 0x0010 (16) pixels
0xFFFF, 0xFFFF, 0xFFFF, 0xFFFF, 0xFFFF, 0xFFFF, 0xFFFF, 0xFFFF, 0xFFFF, 0xFFFF, 0xFFFF, 0xFFFF, 0xFFFF, 0xFFFF, 0xFFFF, 0xFFFF,   // 0x0020 (32) pixels
0xFFFF, 0xFFFF, 0xFFFF, 0xFFFF, 0xFFFF, 0xFFFF, 0xFFFF, 0xFFFF, 0xFFFF, 0xFFFF, 0xFFFF, 0xFFFF, 0xFFFF, 0xFFFF, 0xFFFF, 0xFFFF,   // 0x0030 (48) pixels
0xFFFF, 0xFFFF, 0xFFFF, 0xFFFF, 0xFFFF, 0xFFFF, 0xFFFF, 0xFFFF, 0xFFFF, 0xFFFF, 0xFFFF, 0xFFFF, 0xFFFF, 0xFFFF, 0xFFFF, 0xFFFF,   // 0x0040 (64) pixels
0xFFFF, 0xFFFF, 0xFFFF, 0xFFFF, 0xFFFF, 0xFFFF, 0xFFFF, 0xFFFF, 0xFFFF, 0xFFFF, 0xFFFF, 0xFFFF, 0xFFFF, 0xFFFF, 0xFFFF, 0xFFFF,   // 0x0050 (80) pixels
0xFFFF, 0xFFFF, 0xFFFF, 0xFFFF, 0xFFFF, 0xFFFF, 0xFFFF, 0xFFFF, 0xFFFF, 0xFFFF, 0xFFFF, 0xFFFF, 0xFFFF, 0xFFFF, 0xFFFF, 0xFFFF,   // 0x0060 (96) pixels
0xFFFF, 0xFFFF, 0xFFFF, 0xFFFF, 0xFFFF, 0xFFFF, 0xFFFF, 0xFFFF, 0xFFFF, 0xFFFF, 0xFFFF, 0xFFFF, 0xFFFF, 0xFFFF, 0xFFFF, 0xFFFF,   // 0x0070 (112) pixels
0xFFFF, 0xFFFF, 0xFFFF, 0xFFFF, 0xFFFF, 0xFFFF, 0xFFFF, 0xFFFF, 0xFFFF, 0xFFFF, 0xFFFF, 0xFFFF, 0xFFFF, 0xFFFF, 0xFFFF, 0xFFFF,   // 0x0080 (128) pixels
0xFFFF, 0xFFFF, 0xFFFF, 0xFFFF, 0xFFFF, 0xFFFF, 0xFFFF, 0xFFFF, 0xFFFF, 0xFFFF, 0xFFFF, 0xFFFF, 0xFFFF, 0xFFFF, 0xFFFF, 0xFFFF,   // 0x0090 (144) pixels
0xFFFF, 0xFFFF, 0xFFFF, 0xFFFF, 0xFFFF, 0xFFFF, 0xFFFF, 0xFFFF, 0xFFFF, 0xFFFF, 0xFFFF, 0xFFFF, 0xFFFF, 0xFFFF, 0xFFFF, 0xFFFF,   // 0x00A0 (160) pixels
0xFFFF, 0xFFFF, 0xFFFF, 0xFFFF, 0xFFFF, 0xFFFF, 0xFFFF, 0xFFFF, 0xFFFF, 0xFFFF, 0xFFFF, 0xFFFF, 0xFFFF, 0xFFFF, 0xFFFF, 0xFFFF,   // 0x00B0 (176) pixels
0xFFFF, 0xFFFF, 0xFFFF, 0xFFFF, 0xFFFF, 0xFFFF, 0xFFFF, 0xFFFF, 0xFFFF, 0xFFFF, 0xFFFF, 0xFFFF, 0xFFFF, 0xFFFF, 0xFFFF, 0xFFFF,   // 0x00C0 (192) pixels
0xFFFF, 0xFFFF, 0xFFFF, 0xFFFF, 0xFFFF, 0xFFFF, 0xFFFF, 0xFFFF, 0xFFFF, 0xFFFF, 0xFFFF, 0xFFFF, 0xFFFF, 0xFFFF, 0xFFFF, 0xFFFF,   // 0x00D0 (208) pixels
0xFFFF, 0xFFFF, 0xFFFF, 0xFFFF, 0xFFFF, 0xFFFF, 0xFFFF, 0xFFFF, 0xFFFF, 0xFFFF, 0xFFFF, 0xFFFF, 0xFFFF, 0xFFFF, 0xFFFF, 0xFFFF,   // 0x00E0 (224) pixels
0xFFFF, 0xFFFF, 0xFFFF, 0xFFFF, 0xFFFF, 0xFFFF, 0xFFFF, 0xFFFF, 0xFFFF, 0xFFFF, 0xFFFF, 0xFFFF, 0xFFFF, 0xFFFF, 0xFFFF, 0xFFFF,   // 0x00F0 (240) pixels
0xFFFF, 0xFFFF, 0xFFFF, 0xFFFF, 0xFFFF, 0xFFFF, 0xFFFF, 0xFFFF, 0xFFFF, 0xFFFF, 0xFFFF, 0xFFFF, 0xFFFF, 0xFFFF, 0xFFFF, 0xFFFF,   // 0x0100 (256) pixels
0xFFFF, 0xFFFF, 0xFFFF, 0xFFFF, 0xFFFF, 0xFFFF, 0xFFFF, 0xFFFF, 0xFFFF, 0xFFFF, 0xFFFF, 0xFFFF, 0xFFFF, 0xFFFF, 0xFFFF, 0xFFFF,   // 0x0110 (272) pixels
0xFFFF, 0xFFFF, 0xFFFF, 0xFFFF, 0xFFFF, 0xFFFF, 0xFFFF, 0xFFFF, 0xFFFF, 0xFFFF, 0xFFFF, 0xFFFF, 0xFFFF, 0xFFFF, 0xFFFF, 0xFFFF,   // 0x0120 (288) pixels
0xFFFF, 0xFFFF, 0xFFFF, 0xFFFF, 0xFFFF, 0xFFFF, 0xFFFF, 0xFFFF, 0xFFFF, 0xFFFF, 0xFFFF, 0xFFFF, 0xFFFF, 0xFFFF, 0xFFFF, 0xFFFF,   // 0x0130 (304) pixels
0xFFFF, 0xFFFF, 0xFFFF, 0xFFFF, 0xFFFF, 0xFFFF, 0xFFFF, 0xFFFF, 0xFFFF, 0xFFFF, 0xFFFF, 0xFFFF, 0xFFFF, 0xFFFF, 0xFFFF, 0xFFFF,   // 0x0140 (320) pixels
0xFFFF, 0xFFFF, 0xFFFF, 0xFFFF, 0xFFFF, 0xFFFF, 0xFFFF, 0xFFFF, 0xFFFF, 0xFFFF, 0xFFFF, 0xFFFF, 0xFFFF, 0xFFFF, 0xFFFF, 0xFFFF,   // 0x0150 (336) pixels
0xFFFF, 0xFFFF, 0xFFFF, 0xFFFF, 0xFFFF, 0xFFFF, 0xFFFF, 0xFFFF, 0xFFFF, 0xFFFF, 0xDEFB, 0x9492, 0x632C, 0x5ACB, 0x6B6D, 0xA534,   // 0x0160 (352) pixels
0xF79E, 0xFFFF, 0xFFFF, 0xFFFF, 0xFFFF, 0xFFFF, 0xFFFF, 0xFFFF, 0xFFFF, 0xFFFF, 0xFFFF, 0xFFFF, 0xFFFF, 0xFFFF, 0xFFFF, 0xFFFF,   // 0x0170 (368) pixels
0xFFFF, 0xFFFF, 0xFFFF, 0xFFFF, 0xFFFF, 0xFFFF, 0xFFFF, 0xFFFF, 0xFFFF, 0xFFFF, 0xFFFF, 0xFFFF, 0xFFFF, 0xFFFF, 0xFFFF, 0xFFFF,   // 0x0180 (384) pixels
0xFFFF, 0xFFFF, 0xFFFF, 0xFFFF, 0xFFFF, 0xFFFF, 0xFFFF, 0xFFFF, 0xFFFF, 0xFFFF, 0xFFFF, 0xFFFF, 0xFFFF, 0xFFFF, 0xFFFF, 0xFFFF,   // 0x0190 (400) pixels
0xFFFF, 0xFFFF, 0xFFFF, 0xFFFF, 0xFFFF, 0xFFFF, 0xFFFF, 0xFFFF, 0xE73C, 0x52AA, 0x0000, 0x0000, 0x0000, 0x0000, 0x0000, 0x0000,   // 0x01A0 (416) pixels
0x0861, 0x8C51, 0xFFFF, 0xFFFF, 0xFFFF, 0xFFFF, 0xFFFF, 0xFFFF, 0xFFFF, 0xFFFF, 0xFFFF, 0xFFFF, 0xFFFF, 0xFFFF, 0xFFFF, 0xFFFF,   // 0x01B0 (432) pixels
0xFFFF, 0xFFFF, 0xFFFF, 0xFFFF, 0xFFFF, 0xFFFF, 0xFFFF, 0xFFFF, 0xFFFF, 0xFFFF, 0xFFFF, 0xFFFF, 0xFFFF, 0xFFFF, 0xFFFF, 0xFFFF,   // 0x01C0 (448) pixels
0xFFFF, 0xFFFF, 0xFFFF, 0xFFFF, 0xFFFF, 0xFFFF, 0xFFFF, 0xFFFF, 0xFFFF, 0xFFFF, 0xFFFF, 0xFFFF, 0xFFFF, 0xFFFF, 0xFFFF, 0xFFFF,   // 0x01D0 (464) pixels
0xFFFF, 0xFFFF, 0xFFFF, 0xFFFF, 0xFFFF, 0xFFFF, 0xFFFF, 0xCE79, 0x18C3, 0x0000, 0x0000, 0x0000, 0x0000, 0x0000, 0x0000, 0x0000,   // 0x01E0 (480) pixels
0x0000, 0x0000, 0x4A49, 0xF7BE, 0xFFFF, 0xFFFF, 0xFFFF, 0xFFFF, 0xFFFF, 0xFFFF, 0xFFFF, 0xFFFF, 0xFFFF, 0xFFFF, 0xFFFF, 0xFFFF,   // 0x01F0 (496) pixels
0xFFFF, 0xFFFF, 0xFFFF, 0xFFFF, 0xFFFF, 0xFFFF, 0xFFFF, 0xFFFF, 0xFFFF, 0xFFFF, 0xFFFF, 0xFFFF, 0xFFFF, 0xFFFF, 0xFFFF, 0xFFFF,   // 0x0200 (512) pixels
0xFFFF, 0xFFFF, 0xFFFF, 0xFFFF, 0xFFFF, 0xFFFF, 0xFFFF, 0xFFFF, 0xFFFF, 0xFFFF, 0xFFFF, 0xFFFF, 0xFFFF, 0xFFFF, 0xFFFF, 0xFFFF,   // 0x0210 (528) pixels
0xFFFF, 0xFFFF, 0xFFFF, 0xFFFF, 0xFFFF, 0xFFFF, 0xE73C, 0x18C3, 0x0000, 0x0000, 0x0000, 0x0000, 0x0000, 0x0000, 0x0000, 0x0000,   // 0x0220 (544) pixels
0x0000, 0x0000, 0x0000, 0x5ACB, 0xFFFF, 0xFFFF, 0xFFFF, 0xFFFF, 0xFFFF, 0xFFFF, 0xFFFF, 0xFFFF, 0xFFFF, 0xFFFF, 0xFFFF, 0xFFFF,   // 0x0230 (560) pixels
0xFFFF, 0xFFFF, 0xFFFF, 0xFFFF, 0xFFFF, 0xFFFF, 0xFFFF, 0xFFFF, 0xFFFF, 0xFFFF, 0xFFFF, 0xFFFF, 0xFFFF, 0xFFFF, 0xFFFF, 0xFFFF,   // 0x0240 (576) pixels
0xFFFF, 0xFFFF, 0xFFFF, 0xFFFF, 0xFFFF, 0xFFFF, 0xFFFF, 0xFFFF, 0xFFFF, 0xFFFF, 0xFFFF, 0xFFFF, 0xFFFF, 0xFFFF, 0xFFFF, 0xFFFF,   // 0x0250 (592) pixels
0xFFFF, 0xFFFF, 0xFFFF, 0xFFFF, 0xFFFF, 0xFFFF, 0x5ACB, 0x0000, 0x0000, 0x0000, 0x0000, 0x0000, 0x0000, 0x0000, 0x0000, 0x0000,   // 0x0260 (608) pixels
0x0000, 0x0000, 0x0000, 0x0000, 0xB596, 0xFFFF, 0xFFFF, 0xFFFF, 0xFFFF, 0xFFFF, 0xFFFF, 0xFFFF, 0xFFFF, 0xFFFF, 0xFFFF, 0xFFFF,   // 0x0270 (624) pixels
0xFFFF, 0xFFFF, 0xFFFF, 0xFFFF, 0xFFFF, 0xFFFF, 0xFFFF, 0xFFFF, 0xFFFF, 0xFFFF, 0xFFFF, 0xFFFF, 0xFFFF, 0xFFFF, 0xFFFF, 0xFFFF,   // 0x0280 (640) pixels
0xFFFF, 0xFFFF, 0xFFFF, 0xFFFF, 0xFFFF, 0xFFFF, 0xF7BE, 0xC618, 0xAD55, 0xAD55, 0xAD55, 0xAD55, 0xAD55, 0xAD55, 0xAD55, 0xAD55,   // 0x0290 (656) pixels
0xAD55, 0xAD55, 0xAD55, 0xAD55, 0xAD55, 0xA514, 0x0020, 0x0000, 0x0000, 0x0000, 0x0000, 0x0000, 0x0000, 0x0000, 0x0000, 0x0000,   // 0x02A0 (672) pixels
0x0000, 0x0000, 0x0000, 0x0000, 0x31A6, 0xAD55, 0xAD55, 0xAD55, 0xAD55, 0xAD55, 0xAD55, 0xAD55, 0xAD55, 0xAD55, 0xAD55, 0xAD55,   // 0x02B0 (688) pixels
0xAD55, 0xAD55, 0xAD55, 0xAD55, 0xAD55, 0xAD55, 0xAD55, 0xAD55, 0xC618, 0xFFDF, 0xFFFF, 0xFFFF, 0xFFFF, 0xFFFF, 0xFFFF, 0xFFFF,   // 0x02C0 (704) pixels
0xFFFF, 0xFFFF, 0xFFFF, 0xFFFF, 0xFFFF, 0xEF5D, 0x2945, 0x0000, 0x0000, 0x0000, 0x0000, 0x0000, 0x0000, 0x0000, 0x0000, 0x0000,   // 0x02D0 (720) pixels
0x0000, 0x0000, 0x0000, 0x0000, 0x0000, 0x0000, 0x0000, 0x0000, 0x0000, 0x0000, 0x0000, 0x0000, 0x0000, 0x0000, 0x0000, 0x0000,   // 0x02E0 (736) pixels
0x0000, 0x0000, 0x0000, 0x0000, 0x0000, 0x0000, 0x0000, 0x0000, 0x0000, 0x0000, 0x0000, 0x0000, 0x0000, 0x0000, 0x0000, 0x0000,   // 0x02F0 (752) pixels
0x0000, 0x0000, 0x0000, 0x0000, 0x0000, 0x0000, 0x0000, 0x0000, 0x0000, 0x2965, 0xEF7D, 0xFFFF, 0xFFFF, 0xFFFF, 0xFFFF, 0xFFFF,   // 0x0300 (768) pixels
0xFFFF, 0xFFFF, 0xFFFF, 0xFFFF, 0xFFFF, 0x7BEF, 0x0000, 0x0000, 0x0000, 0x0000, 0x0000, 0x0000, 0x0000, 0x0000, 0x0000, 0x0000,   // 0x0310 (784) pixels
0x0000, 0x0000, 0x0000, 0x0000, 0x0000, 0x0000, 0x0000, 0x0000, 0x0000, 0x0000, 0x0000, 0x0000, 0x0000, 0x0000, 0x0000, 0x0000,   // 0x0320 (800) pixels
0x0000, 0x0000, 0x0000, 0x0000, 0x0000, 0x0000, 0x0000, 0x0000, 0x0000, 0x0000, 0x0000, 0x0000, 0x0000, 0x0000, 0x0000, 0x0000,   // 0x0330 (816) pixels
0x0000, 0x0000, 0x0000, 0x0000, 0x0000, 0x0000, 0x0000, 0x0000, 0x0000, 0x0000, 0x8410, 0xFFFF, 0xFFFF, 0xFFFF, 0xFFFF, 0xFFFF,   // 0x0340 (832) pixels
0xFFFF, 0xFFFF, 0xFFFF, 0xFFFF, 0xFFFF, 0x630C, 0x0000, 0x0000, 0x0000, 0x0000, 0x0000, 0x0000, 0x0000, 0x0000, 0x0000, 0x0000,   // 0x0350 (848) pixels
0x0000, 0x0000, 0x0000, 0x0000, 0x0000, 0x0000, 0x0000, 0x0000, 0x0000, 0x0000, 0x0000, 0x0000, 0x0000, 0x0000, 0x0000, 0x0000,   // 0x0360 (864) pixels
0x0000, 0x0000, 0x0000, 0x0000, 0x0000, 0x0000, 0x0000, 0x0000, 0x0000, 0x0000, 0x0000, 0x0000, 0x0000, 0x0000, 0x0000, 0x0000,   // 0x0370 (880) pixels
0x0000, 0x0000, 0x0000, 0x0000, 0x0000, 0x0000, 0x0000, 0x0000, 0x0000, 0x0000, 0x630C, 0xFFFF, 0xFFFF, 0xFFFF, 0xFFFF, 0xFFFF,   // 0x0380 (896) pixels
0xFFFF, 0xFFFF, 0xFFFF, 0xFFFF, 0xFFFF, 0xA514, 0x0000, 0x0000, 0x0000, 0x0000, 0x0000, 0x0000, 0x0000, 0x0000, 0x0000, 0x0000,   // 0x0390 (912) pixels
0x0000, 0x0000, 0x0000, 0x0000, 0x0000, 0x0000, 0x0000, 0x0000, 0x0000, 0x0000, 0x0000, 0x0000, 0x0000, 0x0000, 0x0000, 0x0000,   // 0x03A0 (928) pixels
0x0000, 0x0000, 0x0000, 0x0000, 0x0000, 0x0000, 0x0000, 0x0000, 0x0000, 0x0000, 0x0000, 0x0000, 0x0000, 0x0000, 0x0000, 0x0000,   // 0x03B0 (944) pixels
0x0000, 0x0000, 0x0000, 0x0000, 0x0000, 0x0000, 0x0000, 0x0000, 0x0000, 0x0000, 0xA514, 0xFFFF, 0xFFFF, 0xFFFF, 0xFFFF, 0xFFFF,   // 0x03C0 (960) pixels
0xFFFF, 0xFFFF, 0xFFFF, 0xFFFF, 0xFFFF, 0xFFFF, 0x7BCF, 0x18C3, 0x0000, 0x0000, 0x0000, 0x0000, 0x0000, 0x0000, 0x0000, 0x0000,   // 0x03D0 (976) pixels
0x0000, 0x0000, 0x0000, 0x0000, 0x0000, 0x0000, 0x0000, 0x0000, 0x0000, 0x0000, 0x0000, 0x0000, 0x0000, 0x0000, 0x0000, 0x0000,   // 0x03E0 (992) pixels
0x0000, 0x0000, 0x0000, 0x0000, 0x0000, 0x0000, 0x0000, 0x0000, 0x0000, 0x0000, 0x0000, 0x0000, 0x0000, 0x0000, 0x0000, 0x0000,   // 0x03F0 (1008) pixels
0x0000, 0x0000, 0x0000, 0x0000, 0x0000, 0x0000, 0x0000, 0x0000, 0x18C3, 0x7BCF, 0xFFFF, 0xFFFF, 0xFFFF, 0xFFFF, 0xFFFF, 0xFFFF,   // 0x0400 (1024) pixels
0xFFFF, 0xFFFF, 0xFFFF, 0xFFFF, 0xFFFF, 0xFFFF, 0xFFFF, 0xFFFF, 0xFFFF, 0xFFFF, 0xFFFF, 0xFFFF, 0xFFFF, 0xFFFF, 0xFFFF, 0xFFFF,   // 0x0410 (1040) pixels
0xFFFF, 0xFFFF, 0xFFFF, 0xFFFF, 0xFFFF, 0xFFDF, 0x10A2, 0x0000, 0x0000, 0x0000, 0x0000, 0x0000, 0x0000, 0x0000, 0x0000, 0x0000,   // 0x0420 (1056) pixels
0x0000, 0x0000, 0x0000, 0x0000, 0x630C, 0xFFFF, 0xFFFF, 0xFFFF, 0xFFFF, 0xFFFF, 0xFFFF, 0xFFFF, 0xFFFF, 0xFFFF, 0xFFFF, 0xFFFF,   // 0x0430 (1072) pixels
0xFFFF, 0xFFFF, 0xFFFF, 0xFFFF, 0xFFFF, 0xFFFF, 0xFFFF, 0xFFFF, 0xFFFF, 0xFFFF, 0xFFFF, 0xFFFF, 0xFFFF, 0xFFFF, 0xFFFF, 0xFFFF,   // 0x0440 (1088) pixels
0xFFFF, 0xFFFF, 0xFFFF, 0xFFFF, 0xFFFF, 0xFFFF, 0xFFFF, 0xFFFF, 0xFFFF, 0xFFFF, 0xFFFF, 0xFFFF, 0xFFFF, 0xFFFF, 0xFFFF, 0xFFFF,   // 0x0450 (1104) pixels
0xFFFF, 0xFFFF, 0xFFFF, 0xFFFF, 0xFFFF, 0xFFFF, 0x8C71, 0x0000, 0x0000, 0x0000, 0x0000, 0x0000, 0x0000, 0x0000, 0x0000, 0x0000,   // 0x0460 (1120) pixels
0x0000, 0x0000, 0x0000, 0x0841, 0xDEFB, 0xFFFF, 0xFFFF, 0xFFFF, 0xFFFF, 0xFFFF, 0xFFFF, 0xFFFF, 0xFFFF, 0xFFFF, 0xFFFF, 0xFFFF,   // 0x0470 (1136) pixels
0xFFFF, 0xFFFF, 0xFFFF, 0xFFFF, 0xFFFF, 0xFFFF, 0xFFFF, 0xFFFF, 0xFFFF, 0xFFFF, 0xFFFF, 0xFFFF, 0xFFFF, 0xFFFF, 0xFFFF, 0xFFFF,   // 0x0480 (1152) pixels
0xFFFF, 0xFFFF, 0xFFFF, 0xFFFF, 0xFFFF, 0xFFFF, 0xFFFF, 0xFFFF, 0xFFFF, 0xFFFF, 0xFFFF, 0xFFFF, 0xFFFF, 0xFFFF, 0xFFFF, 0xFFFF,   // 0x0490 (1168) pixels
0xFFFF, 0xFFFF, 0xFFFF, 0xFFFF, 0xFFFF, 0xFFFF, 0xFFFF, 0x4A49, 0x0000, 0x0000, 0x0000, 0x0000, 0x0000, 0x0000, 0x0000, 0x0000,   // 0x04A0 (1184) pixels
0x0000, 0x0000, 0x0000, 0x9CF3, 0xFFFF, 0xFFFF, 0xFFFF, 0xFFFF, 0xFFFF, 0xFFFF, 0xFFFF, 0xFFFF, 0xFFFF, 0xFFFF, 0xFFFF, 0xFFFF,   // 0x04B0 (1200) pixels
0xFFFF, 0xFFFF, 0xFFFF, 0xFFFF, 0xFFFF, 0xFFFF, 0xFFFF, 0xFFFF, 0xFFFF, 0xFFFF, 0xFFFF, 0xFFFF, 0xFFFF, 0xFFFF, 0xFFFF, 0xFFFF,   // 0x04C0 (1216) pixels
0xFFFF, 0xFFFF, 0xFFFF, 0xFFFF, 0xFFFF, 0xFFFF, 0xFFFF, 0xFFFF, 0xFFFF, 0xFFFF, 0xFFFF, 0xFFFF, 0xFFFF, 0xFFFF, 0xFFFF, 0xFFFF,   // 0x04D0 (1232) pixels
0xFFFF, 0xFFFF, 0xFFFF, 0xFFFF, 0xFFFF, 0xFFFF, 0xFFFF, 0xF7BE, 0x52AA, 0x0000, 0x0000, 0x0000, 0x0000, 0x0000, 0x0000, 0x0000,   // 0x04E0 (1248) pixels
0x0000, 0x0020, 0x9CF3, 0xFFFF, 0xFFFF, 0xFFFF, 0xFFFF, 0xFFFF, 0xFFFF, 0xFFFF, 0xFFFF, 0xFFFF, 0xFFFF, 0xFFFF, 0xFFFF, 0xFFFF,   // 0x04F0 (1264) pixels
0xFFFF, 0xFFFF, 0xFFFF, 0xFFFF, 0xFFFF, 0xFFFF, 0xFFFF, 0xFFFF, 0xFFFF, 0xFFFF, 0xFFFF, 0xFFFF, 0xFFFF, 0xFFFF, 0xFFFF, 0xFFFF,   // 0x0500 (1280) pixels
0xFFFF, 0xFFFF, 0xFFFF, 0xFFFF, 0xFFFF, 0xFFFF, 0xFFFF, 0xFFFF, 0xFFFF, 0xFFFF, 0xFFFF, 0xFFFF, 0xFFFF, 0xFFFF, 0xFFFF, 0xFFFF,   // 0x0510 (1296) pixels
0xFFFF, 0xFFFF, 0xFFFF, 0xFFFF, 0xFFFF, 0xFFFF, 0xFFFF, 0xFFFF, 0xFFFF, 0xAD75, 0x31A6, 0x0000, 0x0000, 0x0000, 0x0000, 0x0841,   // 0x0520 (1312) pixels
0x5ACB, 0xDEDB, 0xFFFF, 0xFFFF, 0xFFFF, 0xFFFF, 0xFFFF, 0xFFFF, 0xFFFF, 0xFFFF, 0xFFFF, 0xFFFF, 0xFFFF, 0xFFFF, 0xFFFF, 0xFFFF,   // 0x0530 (1328) pixels
0xFFFF, 0xFFFF, 0xFFFF, 0xFFFF, 0xFFFF, 0xFFFF, 0xFFFF, 0xFFFF, 0xFFFF, 0xFFFF, 0xFFFF, 0xFFFF, 0xFFFF, 0xFFFF, 0xFFFF, 0xFFFF,   // 0x0540 (1344) pixels
0xFFFF, 0xFFFF, 0xFFFF, 0xFFFF, 0xFFFF, 0xFFFF, 0xFFFF, 0xFFFF, 0xFFFF, 0xFFFF, 0xFFFF, 0xFFFF, 0xFFFF, 0xFFFF, 0xFFFF, 0xFFFF,   // 0x0550 (1360) pixels
0xFFFF, 0xFFFF, 0xFFFF, 0xFFFF, 0xFFFF, 0xFFFF, 0xFFFF, 0xFFFF, 0xFFFF, 0xFFFF, 0xFFFF, 0xE73C, 0xBDF7, 0xAD75, 0xC638, 0xF7BE,   // 0x0560 (1376) pixels
0xFFFF, 0xFFFF, 0xFFFF, 0xFFFF, 0xFFFF, 0xFFFF, 0xFFFF, 0xFFFF, 0xFFFF, 0xFFFF, 0xFFFF, 0xFFFF, 0xFFFF, 0xFFFF, 0xFFFF, 0xFFFF,   // 0x0570 (1392) pixels
0xFFFF, 0xFFFF, 0xFFFF, 0xFFFF, 0xFFFF, 0xFFFF, 0xFFFF, 0xFFFF, 0xFFFF, 0xFFFF, 0xFFFF, 0xFFFF, 0xFFFF, 0xFFFF, 0xFFFF, 0xFFFF,   // 0x0580 (1408) pixels
0xFFFF, 0xFFFF, 0xFFFF, 0xFFFF, 0xFFFF, 0xFFFF, 0xFFFF, 0xFFFF, 0xFFFF, 0xFFFF, 0xFFFF, 0xFFFF, 0xFFFF, 0xFFFF, 0xFFFF, 0xFFFF,   // 0x0590 (1424) pixels
0xFFFF, 0xFFFF, 0xFFFF, 0xFFFF, 0xFFFF, 0xFFFF, 0xFFFF, 0xFFFF, 0xFFFF, 0xFFFF, 0xFFFF, 0xFFFF, 0xFFFF, 0xFFFF, 0xFFFF, 0xFFFF,   // 0x05A0 (1440) pixels
0xFFFF, 0xFFFF, 0xFFFF, 0xFFFF, 0xFFFF, 0xFFFF, 0xFFFF, 0xFFFF, 0xFFFF, 0xFFFF, 0xFFFF, 0xFFFF, 0xFFFF, 0xFFFF, 0xFFFF, 0xFFFF,   // 0x05B0 (1456) pixels
0xFFFF, 0xFFFF, 0xFFFF, 0xFFFF, 0xFFFF, 0xFFFF, 0xFFFF, 0xFFFF, 0xFFFF, 0xFFFF, 0xFFFF, 0xFFFF, 0xFFFF, 0xFFFF, 0xFFFF, 0xFFFF,   // 0x05C0 (1472) pixels
0xFFFF, 0xFFFF, 0xFFFF, 0xFFFF, 0xFFFF, 0xFFFF, 0xFFFF, 0xFFFF, 0xFFFF, 0xFFFF, 0xFFFF, 0xFFFF, 0xFFFF, 0xFFFF, 0xFFFF, 0xFFFF,   // 0x05D0 (1488) pixels
0xFFFF, 0xFFFF, 0xFFFF, 0xFFFF, 0xFFFF, 0xFFFF, 0xFFFF, 0xFFFF, 0xFFFF, 0xFFFF, 0xFFFF, 0xFFFF, 0xFFFF, 0xFFFF, 0xFFFF, 0xFFFF,   // 0x05E0 (1504) pixels
0xFFFF, 0xFFFF, 0xFFFF, 0xFFFF, 0xFFFF, 0xFFFF, 0xFFFF, 0xFFFF, 0xFFFF, 0xFFFF, 0xFFFF, 0xFFFF, 0xFFFF, 0xFFFF, 0xFFFF, 0xFFFF,   // 0x05F0 (1520) pixels
0xFFFF, 0xFFFF, 0xFFFF, 0xFFFF, 0xFFFF, 0xFFFF, 0xFFFF, 0xFFFF, 0xFFFF, 0xFFFF, 0xFFFF, 0xFFFF, 0xFFFF, 0xFFFF, 0xFFFF, 0xFFFF,   // 0x0600 (1536) pixels
0xFFFF, 0xFFFF, 0xFFFF, 0xFFFF, 0xFFFF, 0xFFFF, 0xFFFF, 0xFFFF, 0xFFFF, 0xFFFF, 0xFFFF, 0xFFFF, 0xFFFF, 0xFFFF, 0xFFFF, 0xFFFF,   // 0x0610 (1552) pixels
0xFFFF, 0xFFFF, 0xFFFF, 0xFFFF, 0xFFFF, 0xFFFF, 0xFFFF, 0xFFFF, 0xFFFF, 0xFFFF, 0xFFFF, 0xFFFF, 0xFFFF, 0xFFFF, 0xFFFF, 0xFFFF,   // 0x0620 (1568) pixels
0xFFFF, 0xFFFF, 0xFFFF, 0xFFFF, 0xFFFF, 0xFFFF, 0xFFFF, 0xAD75, 0x528A, 0x18C3, 0x0020, 0x1082, 0x39E7, 0x8C51, 0xEF7D, 0xFFFF,   // 0x0630 (1584) pixels
0xFFFF, 0xFFFF, 0xFFFF, 0xFFFF, 0xFFFF, 0xFFFF, 0xFFFF, 0xFFFF, 0xFFFF, 0xFFFF, 0xFFFF, 0xFFFF, 0xFFFF, 0xFFFF, 0xFFFF, 0xFFFF,   // 0x0640 (1600) pixels
0xFFFF, 0xFFFF, 0xFFFF, 0xFFFF, 0xFFFF, 0xFFFF, 0xFFFF, 0xFFFF, 0xFFFF, 0xFFFF, 0xFFFF, 0xFFFF, 0xFFFF, 0xFFFF, 0xFFFF, 0xFFFF,   // 0x0650 (1616) pixels
0xFFFF, 0xFFFF, 0xFFFF, 0xFFFF, 0xFFFF, 0xFFFF, 0xFFFF, 0xFFFF, 0xFFFF, 0xFFFF, 0xFFFF, 0xFFFF, 0xFFFF, 0xFFFF, 0xFFFF, 0xFFFF,   // 0x0660 (1632) pixels
0xFFFF, 0xFFFF, 0xFFFF, 0xFFFF, 0xFFFF, 0xDEDB, 0x31A6, 0x0000, 0x0000, 0x0000, 0x0000, 0x0000, 0x0000, 0x0000, 0x10A2, 0xAD55,   // 0x0670 (1648) pixels
0xFFFF, 0xFFFF, 0xFFFF, 0xFFFF, 0xFFFF, 0xFFFF, 0xFFFF, 0xFFFF, 0xFFFF, 0xFFFF, 0xFFFF, 0xFFFF, 0xFFFF, 0xFFFF, 0xFFFF, 0xFFFF,   // 0x0680 (1664) pixels
0xFFFF, 0xFFFF, 0xFFFF, 0xFFFF, 0xFFFF, 0xFFFF, 0xFFFF, 0xFFFF, 0xFFFF, 0xFFFF, 0xFFFF, 0xFFFF, 0xFFFF, 0xFFFF, 0xFFFF, 0xFFFF,   // 0x0690 (1680) pixels
0xFFFF, 0xFFFF, 0xFFFF, 0xFFFF, 0xFFFF, 0xFFFF, 0xFFFF, 0xFFFF, 0xFFFF, 0xFFFF, 0xFFFF, 0xFFFF, 0xFFFF, 0xFFFF, 0xFFFF, 0xFFFF,   // 0x06A0 (1696) pixels
0xFFFF, 0xFFFF, 0xFFFF, 0xFFFF, 0xD6BA, 0x1082, 0x0000, 0x0000, 0x0000, 0x0000, 0x0000, 0x0000, 0x0000, 0x0000, 0x0000, 0x0000,   // 0x06B0 (1712) pixels
0x9492, 0xFFFF, 0xFFFF, 0xFFFF, 0xFFFF, 0xFFFF, 0xFFFF, 0xFFFF, 0xFFFF, 0xFFFF, 0xFFFF, 0xFFFF, 0xFFFF, 0xFFFF, 0xFFFF, 0xFFFF,   // 0x06C0 (1728) pixels
0xFFFF, 0xFFFF, 0xFFFF, 0xFFFF, 0xFFFF, 0xFFFF, 0xFFFF, 0xFFFF, 0xFFFF, 0xFFFF, 0xFFFF, 0xFFFF, 0xFFFF, 0xFFFF, 0xFFFF, 0xFFFF,   // 0x06D0 (1744) pixels
0xFFFF, 0xFFFF, 0xFFFF, 0xFFFF, 0xFFFF, 0xFFFF, 0xFFFF, 0xFFFF, 0xFFFF, 0xFFFF, 0xFFFF, 0xFFFF, 0xFFFF, 0xFFFF, 0xFFFF, 0xFFFF,   // 0x06E0 (1760) pixels
0xFFFF, 0xFFFF, 0xFFFF, 0xF7BE, 0x2124, 0x0000, 0x0000, 0x0000, 0x0000, 0x0000, 0x0000, 0x0000, 0x0000, 0x0000, 0x0000, 0x0000,   // 0x06F0 (1776) pixels
0x0000, 0xC618, 0xFFFF, 0xFFFF, 0xFFFF, 0xFFFF, 0xFFFF, 0xFFFF, 0xFFFF, 0xFFFF, 0xFFFF, 0xFFFF, 0xFFFF, 0xFFFF, 0xFFFF, 0xFFFF,   // 0x0700 (1792) pixels
0xFFFF, 0xFFFF, 0xFFFF, 0xFFFF, 0xFFFF, 0xFFFF, 0xFFFF, 0xFFFF, 0xFFFF, 0xFFFF, 0xFFFF, 0xFFFF, 0xFFFF, 0xFFFF, 0xFFFF, 0xFFFF,   // 0x0710 (1808) pixels
0xFFFF, 0xFFFF, 0xFFFF, 0xFFFF, 0xFFFF, 0xFFFF, 0xFFFF, 0xFFFF, 0xFFFF, 0xFFFF, 0xFFFF, 0xFFFF, 0xFFFF, 0xFFFF, 0xFFFF, 0xFFFF,   // 0x0720 (1824) pixels
0xFFFF, 0xFFFF, 0xFFFF, 0x8430, 0x0000, 0x0000, 0x0000, 0x0000, 0x0000, 0x0000, 0x0000, 0x0000, 0x0000, 0x0000, 0x0000, 0x0000,   // 0x0730 (1840) pixels
0x0000, 0x3186, 0xFFFF, 0xFFFF, 0xFFFF, 0xFFFF, 0xFFFF, 0xFFFF, 0xFFFF, 0xFFFF, 0xFFFF, 0xFFFF, 0xFFFF, 0xFFFF, 0xFFFF, 0xFFFF,   // 0x0740 (1856) pixels
0xFFFF, 0xFFFF, 0xFFFF, 0xFFFF, 0xFFFF, 0xFFFF, 0xCE59, 0x6B6D, 0x52AA, 0x52AA, 0x52AA, 0x52AA, 0x52AA, 0x52AA, 0x52AA, 0x52AA,   // 0x0750 (1872) pixels
0x52AA, 0x52AA, 0x52AA, 0x52AA, 0x52AA, 0x52AA, 0x52AA, 0x52AA, 0x52AA, 0x52AA, 0x52AA, 0x52AA, 0x52AA, 0x52AA, 0x52AA, 0x52AA,   // 0x0760 (1888) pixels
0x52AA, 0x52AA, 0x52AA, 0x1082, 0x0000, 0x0000, 0x0000, 0x0000, 0x0000, 0x0000, 0x0000, 0x0000, 0x0000, 0x0000, 0x0000, 0x0000,   // 0x0770 (1904) pixels
0x0000, 0x0000, 0x4A69, 0x52AA, 0x52AA, 0x52AA, 0x52AA, 0x52AA, 0x6B6D, 0xCE59, 0xFFFF, 0xFFFF, 0xFFFF, 0xFFFF, 0xFFFF, 0xFFFF,   // 0x0780 (1920) pixels
0xFFFF, 0xFFFF, 0xFFFF, 0xFFFF, 0xFFFF, 0xCE59, 0x0020, 0x0000, 0x0000, 0x0000, 0x0000, 0x0000, 0x0000, 0x0000, 0x0000, 0x0000,   // 0x0790 (1936) pixels
0x0000, 0x0000, 0x0000, 0x0000, 0x0000, 0x0000, 0x0000, 0x0000, 0x0000, 0x0000, 0x0000, 0x0000, 0x0000, 0x0000, 0x0000, 0x0000,   // 0x07A0 (1952) pixels
0x0000, 0x0000, 0x0000, 0x0000, 0x0000, 0x0000, 0x0000, 0x0000, 0x0000, 0x0000, 0x0000, 0x0000, 0x0000, 0x0000, 0x0000, 0x0000,   // 0x07B0 (1968) pixels
0x0000, 0x0000, 0x0000, 0x0000, 0x0000, 0x0000, 0x0000, 0x0000, 0x0000, 0x0020, 0xCE59, 0xFFFF, 0xFFFF, 0xFFFF, 0xFFFF, 0xFFFF,   // 0x07C0 (1984) pixels
0xFFFF, 0xFFFF, 0xFFFF, 0xFFFF, 0xFFFF, 0x6B4D, 0x0000, 0x0000, 0x0000, 0x0000, 0x0000, 0x0000, 0x0000, 0x0000, 0x0000, 0x0000,   // 0x07D0 (2000) pixels
0x0000, 0x0000, 0x0000, 0x0000, 0x0000, 0x0000, 0x0000, 0x0000, 0x0000, 0x0000, 0x0000, 0x0000, 0x0000, 0x0000, 0x0000, 0x0000,   // 0x07E0 (2016) pixels
0x0000, 0x0000, 0x0000, 0x0000, 0x0000, 0x0000, 0x0000, 0x0000, 0x0000, 0x0000, 0x0000, 0x0000, 0x0000, 0x0000, 0x0000, 0x0000,   // 0x07F0 (2032) pixels
0x0000, 0x0000, 0x0000, 0x0000, 0x0000, 0x0000, 0x0000, 0x0000, 0x0000, 0x0000, 0x6B6D, 0xFFFF, 0xFFFF, 0xFFFF, 0xFFFF, 0xFFFF,   // 0x0800 (2048) pixels
0xFFFF, 0xFFFF, 0xFFFF, 0xFFFF, 0xFFFF, 0x6B4D, 0x0000, 0x0000, 0x0000, 0x0000, 0x0000, 0x0000, 0x0000, 0x0000, 0x0000, 0x0000,   // 0x0810 (2064) pixels
0x0000, 0x0000, 0x0000, 0x0000, 0x0000, 0x0000, 0x0000, 0x0000, 0x0000, 0x0000, 0x0000, 0x0000, 0x0000, 0x0000, 0x0000, 0x0000,   // 0x0820 (2080) pixels
0x0000, 0x0000, 0x0000, 0x0000, 0x0000, 0x0000, 0x0000, 0x0000, 0x0000, 0x0000, 0x0000, 0x0000, 0x0000, 0x0000, 0x0000, 0x0000,   // 0x0830 (2096) pixels
0x0000, 0x0000, 0x0000, 0x0000, 0x0000, 0x0000, 0x0000, 0x0000, 0x0000, 0x0000, 0x6B6D, 0xFFFF, 0xFFFF, 0xFFFF, 0xFFFF, 0xFFFF,   // 0x0840 (2112) pixels
0xFFFF, 0xFFFF, 0xFFFF, 0xFFFF, 0xFFFF, 0xCE59, 0x0020, 0x0000, 0x0000, 0x0000, 0x0000, 0x0000, 0x0000, 0x0000, 0x0000, 0x0000,   // 0x0850 (2128) pixels
0x0000, 0x0000, 0x0000, 0x0000, 0x0000, 0x0000, 0x0000, 0x0000, 0x0000, 0x0000, 0x0000, 0x0000, 0x0000, 0x0000, 0x0000, 0x0000,   // 0x0860 (2144) pixels
0x0000, 0x0000, 0x0000, 0x0000, 0x0000, 0x0000, 0x0000, 0x0000, 0x0000, 0x0000, 0x0000, 0x0000, 0x0000, 0x0000, 0x0000, 0x0000,   // 0x0870 (2160) pixels
0x0000, 0x0000, 0x0000, 0x0000, 0x0000, 0x0000, 0x0000, 0x0000, 0x0000, 0x0020, 0xCE79, 0xFFFF, 0xFFFF, 0xFFFF, 0xFFFF, 0xFFFF,   // 0x0880 (2176) pixels
0xFFFF, 0xFFFF, 0xFFFF, 0xFFFF, 0xFFFF, 0xFFFF, 0xCE59, 0x6B6D, 0x52AA, 0x52AA, 0x52AA, 0x52AA, 0x52AA, 0x52AA, 0x52AA, 0x52AA,   // 0x0890 (2192) pixels
0x52AA, 0x52AA, 0x52AA, 0x52AA, 0x52AA, 0x52AA, 0x52AA, 0x52AA, 0x52AA, 0x52AA, 0x52AA, 0x52AA, 0x52AA, 0x52AA, 0x52AA, 0x52AA,   // 0x08A0 (2208) pixels
0x52AA, 0x52AA, 0x52AA, 0x10A2, 0x0000, 0x0000, 0x0000, 0x0000, 0x0000, 0x0000, 0x0000, 0x0000, 0x0000, 0x0000, 0x0000, 0x0000,   // 0x08B0 (2224) pixels
0x0000, 0x0000, 0x4A69, 0x52AA, 0x52AA, 0x52AA, 0x52AA, 0x52AA, 0x6B6D, 0xCE59, 0xFFFF, 0xFFFF, 0xFFFF, 0xFFFF, 0xFFFF, 0xFFFF,   // 0x08C0 (2240) pixels
0xFFFF, 0xFFFF, 0xFFFF, 0xFFFF, 0xFFFF, 0xFFFF, 0xFFFF, 0xFFFF, 0xFFFF, 0xFFFF, 0xFFFF, 0xFFFF, 0xFFFF, 0xFFFF, 0xFFFF, 0xFFFF,   // 0x08D0 (2256) pixels
0xFFFF, 0xFFFF, 0xFFFF, 0xFFFF, 0xFFFF, 0xFFFF, 0xFFFF, 0xFFFF, 0xFFFF, 0xFFFF, 0xFFFF, 0xFFFF, 0xFFFF, 0xFFFF, 0xFFFF, 0xFFFF,   // 0x08E0 (2272) pixels
0xFFFF, 0xFFFF, 0xFFFF, 0x8430, 0x0000, 0x0000, 0x0000, 0x0000, 0x0000, 0x0000, 0x0000, 0x0000, 0x0000, 0x0000, 0x0000, 0x0000,   // 0x08F0 (2288) pixels
0x0000, 0x3186, 0xFFFF, 0xFFFF, 0xFFFF, 0xFFFF, 0xFFFF, 0xFFFF, 0xFFFF, 0xFFFF, 0xFFFF, 0xFFFF, 0xFFFF, 0xFFFF, 0xFFFF, 0xFFFF,   // 0x0900 (2304) pixels
0xFFFF, 0xFFFF, 0xFFFF, 0xFFFF, 0xFFFF, 0xFFFF, 0xFFFF, 0xFFFF, 0xFFFF, 0xFFFF, 0xFFFF, 0xFFFF, 0xFFFF, 0xFFFF, 0xFFFF, 0xFFFF,   // 0x0910 (2320) pixels
0xFFFF, 0xFFFF, 0xFFFF, 0xFFFF, 0xFFFF, 0xFFFF, 0xFFFF, 0xFFFF, 0xFFFF, 0xFFFF, 0xFFFF, 0xFFFF, 0xFFFF, 0xFFFF, 0xFFFF, 0xFFFF,   // 0x0920 (2336) pixels
0xFFFF, 0xFFFF, 0xFFFF, 0xF7BE, 0x2124, 0x0000, 0x0000, 0x0000, 0x0000, 0x0000, 0x0000, 0x0000, 0x0000, 0x0000, 0x0000, 0x0000,   // 0x0930 (2352) pixels
0x0000, 0xC638, 0xFFFF, 0xFFFF, 0xFFFF, 0xFFFF, 0xFFFF, 0xFFFF, 0xFFFF, 0xFFFF, 0xFFFF, 0xFFFF, 0xFFFF, 0xFFFF, 0xFFFF, 0xFFFF,   // 0x0940 (2368) pixels
0xFFFF, 0xFFFF, 0xFFFF, 0xFFFF, 0xFFFF, 0xFFFF, 0xFFFF, 0xFFFF, 0xFFFF, 0xFFFF, 0xFFFF, 0xFFFF, 0xFFFF, 0xFFFF, 0xFFFF, 0xFFFF,   // 0x0950 (2384) pixels
0xFFFF, 0xFFFF, 0xFFFF, 0xFFFF, 0xFFFF, 0xFFFF, 0xFFFF, 0xFFFF, 0xFFFF, 0xFFFF, 0xFFFF, 0xFFFF, 0xFFFF, 0xFFFF, 0xFFFF, 0xFFFF,   // 0x0960 (2400) pixels
0xFFFF, 0xFFFF, 0xFFFF, 0xFFFF, 0xD6BA, 0x10A2, 0x0000, 0x0000, 0x0000, 0x0000, 0x0000, 0x0000, 0x0000, 0x0000, 0x0000, 0x0000,   // 0x0970 (2416) pixels
0x94B2, 0xFFFF, 0xFFFF, 0xFFFF, 0xFFFF, 0xFFFF, 0xFFFF, 0xFFFF, 0xFFFF, 0xFFFF, 0xFFFF, 0xFFFF, 0xFFFF, 0xFFFF, 0xFFFF, 0xFFFF,   // 0x0980 (2432) pixels
0xFFFF, 0xFFFF, 0xFFFF, 0xFFFF, 0xFFFF, 0xFFFF, 0xFFFF, 0xFFFF, 0xFFFF, 0xFFFF, 0xFFFF, 0xFFFF, 0xFFFF, 0xFFFF, 0xFFFF, 0xFFFF,   // 0x0990 (2448) pixels
0xFFFF, 0xFFFF, 0xFFFF, 0xFFFF, 0xFFFF, 0xFFFF, 0xFFFF, 0xFFFF, 0xFFFF, 0xFFFF, 0xFFFF, 0xFFFF, 0xFFFF, 0xFFFF, 0xFFFF, 0xFFFF,   // 0x09A0 (2464) pixels
0xFFFF, 0xFFFF, 0xFFFF, 0xFFFF, 0xFFFF, 0xDEFB, 0x31A6, 0x0000, 0x0000, 0x0000, 0x0000, 0x0000, 0x0000, 0x0000, 0x10A2, 0xAD55,   // 0x09B0 (2480) pixels
0xFFFF, 0xFFFF, 0xFFFF, 0xFFFF, 0xFFFF, 0xFFFF, 0xFFFF, 0xFFFF, 0xFFFF, 0xFFFF, 0xFFFF, 0xFFFF, 0xFFFF, 0xFFFF, 0xFFFF, 0xFFFF,   // 0x09C0 (2496) pixels
0xFFFF, 0xFFFF, 0xFFFF, 0xFFFF, 0xFFFF, 0xFFFF, 0xFFFF, 0xFFFF, 0xFFFF, 0xFFFF, 0xFFFF, 0xFFFF, 0xFFFF, 0xFFFF, 0xFFFF, 0xFFFF,   // 0x09D0 (2512) pixels
0xFFFF, 0xFFFF, 0xFFFF, 0xFFFF, 0xFFFF, 0xFFFF, 0xFFFF, 0xFFFF, 0xFFFF, 0xFFFF, 0xFFFF, 0xFFFF, 0xFFFF, 0xFFFF, 0xFFFF, 0xFFFF,   // 0x09E0 (2528) pixels
0xFFFF, 0xFFFF, 0xFFFF, 0xFFFF, 0xFFFF, 0xFFFF, 0xFFFF, 0xAD75, 0x528A, 0x18C3, 0x0020, 0x1082, 0x39E7, 0x8C71, 0xEF7D, 0xFFFF,   // 0x09F0 (2544) pixels
0xFFFF, 0xFFFF, 0xFFFF, 0xFFFF, 0xFFFF, 0xFFFF, 0xFFFF, 0xFFFF, 0xFFFF, 0xFFFF, 0xFFFF, 0xFFFF, 0xFFFF, 0xFFFF, 0xFFFF, 0xFFFF,   // 0x0A00 (2560) pixels
0xFFFF, 0xFFFF, 0xFFFF, 0xFFFF, 0xFFFF, 0xFFFF, 0xFFFF, 0xFFFF, 0xFFFF, 0xFFFF, 0xFFFF, 0xFFFF, 0xFFFF, 0xFFFF, 0xFFFF, 0xFFFF,   // 0x0A10 (2576) pixels
0xFFFF, 0xFFFF, 0xFFFF, 0xFFFF, 0xFFFF, 0xFFFF, 0xFFFF, 0xFFFF, 0xFFFF, 0xFFFF, 0xFFFF, 0xFFFF, 0xFFFF, 0xFFFF, 0xFFFF, 0xFFFF,   // 0x0A20 (2592) pixels
0xFFFF, 0xFFFF, 0xFFFF, 0xFFFF, 0xFFFF, 0xFFFF, 0xFFFF, 0xFFFF, 0xFFFF, 0xFFFF, 0xFFFF, 0xFFFF, 0xFFFF, 0xFFFF, 0xFFFF, 0xFFFF,   // 0x0A30 (2608) pixels
0xFFFF, 0xFFFF, 0xFFFF, 0xFFFF, 0xFFFF, 0xFFFF, 0xFFFF, 0xFFFF, 0xFFFF, 0xFFFF, 0xFFFF, 0xFFFF, 0xFFFF, 0xFFFF, 0xFFFF, 0xFFFF,   // 0x0A40 (2624) pixels
0xFFFF, 0xFFFF, 0xFFFF, 0xFFFF, 0xFFFF, 0xFFFF, 0xFFFF, 0xFFFF, 0xFFFF, 0xFFFF, 0xFFFF, 0xFFFF, 0xFFFF, 0xFFFF, 0xFFFF, 0xFFFF,   // 0x0A50 (2640) pixels
0xFFFF, 0xFFFF, 0xFFFF, 0xFFFF, 0xFFFF, 0xFFFF, 0xFFFF, 0xFFFF, 0xFFFF, 0xFFFF, 0xFFFF, 0xFFFF, 0xFFFF, 0xFFFF, 0xFFFF, 0xFFFF,   // 0x0A60 (2656) pixels
0xFFFF, 0xFFFF, 0xFFFF, 0xFFFF, 0xFFFF, 0xFFFF, 0xFFFF, 0xFFFF, 0xFFFF, 0xFFFF, 0xFFFF, 0xFFFF, 0xFFFF, 0xFFFF, 0xFFFF, 0xFFFF,   // 0x0A70 (2672) pixels
0xFFFF, 0xFFFF, 0xFFFF, 0xFFFF, 0xFFFF, 0xFFFF, 0xFFFF, 0xFFFF, 0xFFFF, 0xFFFF, 0xFFFF, 0xFFFF, 0xFFFF, 0xFFFF, 0xFFFF, 0xFFFF,   // 0x0A80 (2688) pixels
0xFFFF, 0xFFFF, 0xFFFF, 0xFFFF, 0xFFFF, 0xFFFF, 0xFFFF, 0xFFFF, 0xFFFF, 0xFFFF, 0xFFFF, 0xFFFF, 0xFFFF, 0xFFFF, 0xFFFF, 0xFFFF,   // 0x0A90 (2704) pixels
0xFFFF, 0xFFFF, 0xFFFF, 0xFFFF, 0xFFFF, 0xFFFF, 0xD69A, 0xB5B6, 0xB5B6, 0xD69A, 0xFFFF, 0xFFFF, 0xFFFF, 0xFFFF, 0xFFFF, 0xFFFF,   // 0x0AA0 (2720) pixels
0xFFFF, 0xFFFF, 0xFFFF, 0xFFFF, 0xFFFF, 0xFFFF, 0xFFFF, 0xFFFF, 0xFFFF, 0xFFFF, 0xFFFF, 0xFFFF, 0xFFFF, 0xFFFF, 0xFFFF, 0xFFFF,   // 0x0AB0 (2736) pixels
0xFFFF, 0xFFFF, 0xFFFF, 0xFFFF, 0xFFFF, 0xFFFF, 0xFFFF, 0xFFFF, 0xFFFF, 0xFFFF, 0xFFFF, 0xFFFF, 0xFFFF, 0xFFFF, 0xFFFF, 0xFFFF,   // 0x0AC0 (2752) pixels
0xFFFF, 0xFFFF, 0xFFFF, 0xFFFF, 0xFFFF, 0xFFFF, 0xFFFF, 0xFFFF, 0xFFFF, 0xFFFF, 0xFFFF, 0xFFFF, 0xFFFF, 0xFFFF, 0xFFFF, 0xFFFF,   // 0x0AD0 (2768) pixels
0xFFFF, 0xFFFF, 0xFFFF, 0xF79E, 0x7BEF, 0x10A2, 0x0000, 0x0000, 0x0000, 0x0000, 0x18C3, 0x7BEF, 0xF7BE, 0xFFFF, 0xFFFF, 0xFFFF,   // 0x0AE0 (2784) pixels
0xFFFF, 0xFFFF, 0xFFFF, 0xFFFF, 0xFFFF, 0xFFFF, 0xFFFF, 0xFFFF, 0xFFFF, 0xFFFF, 0xFFFF, 0xFFFF, 0xFFFF, 0xFFFF, 0xFFFF, 0xFFFF,   // 0x0AF0 (2800) pixels
0xFFFF, 0xFFFF, 0xFFFF, 0xFFFF, 0xFFFF, 0xFFFF, 0xFFFF, 0xFFFF, 0xFFFF, 0xFFFF, 0xFFFF, 0xFFFF, 0xFFFF, 0xFFFF, 0xFFFF, 0xFFFF,   // 0x0B00 (2816) pixels
0xFFFF, 0xFFFF, 0xFFFF, 0xFFFF, 0xFFFF, 0xFFFF, 0xFFFF, 0xFFFF, 0xFFFF, 0xFFFF, 0xFFFF, 0xFFFF, 0xFFFF, 0xFFFF, 0xFFFF, 0xFFFF,   // 0x0B10 (2832) pixels
0xFFFF, 0xFFFF, 0xD69A, 0x2104, 0x0000, 0x0000, 0x0000, 0x0000, 0x0000, 0x0000, 0x0000, 0x0000, 0x2104, 0xD69A, 0xFFFF, 0xFFFF,   // 0x0B20 (2848) pixels
0xFFFF, 0xFFFF, 0xFFFF, 0xFFFF, 0xFFFF, 0xFFFF, 0xFFFF, 0xFFFF, 0xFFFF, 0xFFFF, 0xFFFF, 0xFFFF, 0xFFFF, 0xFFFF, 0xFFFF, 0xFFFF,   // 0x0B30 (2864) pixels
0xFFFF, 0xFFFF, 0xFFFF, 0xFFFF, 0xFFFF, 0xFFFF, 0xFFFF, 0xFFFF, 0xFFFF, 0xFFFF, 0xFFFF, 0xFFFF, 0xFFFF, 0xFFFF, 0xFFFF, 0xFFFF,   // 0x0B40 (2880) pixels
0xFFFF, 0xFFFF, 0xFFFF, 0xFFFF, 0xFFFF, 0xFFFF, 0xFFFF, 0xFFFF, 0xFFFF, 0xFFFF, 0xFFFF, 0xFFFF, 0xFFFF, 0xFFFF, 0xFFFF, 0xFFFF,   // 0x0B50 (2896) pixels
0xFFFF, 0xDEDB, 0x10A2, 0x0000, 0x0000, 0x0000, 0x0000, 0x0000, 0x0000, 0x0000, 0x0000, 0x0000, 0x0000, 0x10A2, 0xDEFB, 0xFFFF,   // 0x0B60 (2912) pixels
0xFFFF, 0xFFFF, 0xFFFF, 0xFFFF, 0xFFFF, 0xFFFF, 0xFFFF, 0xFFFF, 0xFFFF, 0xFFFF, 0xFFFF, 0xFFFF, 0xFFFF, 0xFFFF, 0xFFFF, 0xFFFF,   // 0x0B70 (2928) pixels
0xFFFF, 0xFFFF, 0xFFFF, 0xFFFF, 0xFFFF, 0xFFFF, 0xFFFF, 0xFFFF, 0xFFFF, 0xFFFF, 0xFFFF, 0xFFFF, 0xFFFF, 0xFFFF, 0xFFFF, 0xFFFF,   // 0x0B80 (2944) pixels
0xFFFF, 0xFFFF, 0xFFFF, 0xFFFF, 0xFFFF, 0xFFFF, 0xFFFF, 0xFFFF, 0xFFFF, 0xFFFF, 0xFFFF, 0xFFFF, 0xFFFF, 0xFFFF, 0xFFFF, 0xFFFF,   // 0x0B90 (2960) pixels
0xFFFF, 0x39C7, 0x0000, 0x0000, 0x0000, 0x0000, 0x0000, 0x0000, 0x0000, 0x0000, 0x0000, 0x0000, 0x0000, 0x0000, 0x39C7, 0xFFFF,   // 0x0BA0 (2976) pixels
0xFFFF, 0xFFFF, 0xFFFF, 0xFFFF, 0xFFFF, 0xFFFF, 0xFFFF, 0xFFFF, 0xFFFF, 0xFFFF, 0xFFFF, 0xFFFF, 0xFFFF, 0xFFFF, 0xFFFF, 0xFFFF,   // 0x0BB0 (2992) pixels
0xFFFF, 0xFFFF, 0xFFFF, 0xFFFF, 0xFFFF, 0xFFFF, 0xFFFF, 0xFFFF, 0xFFFF, 0xFFFF, 0xFFFF, 0xFFFF, 0xFFFF, 0xFFFF, 0xFFFF, 0xFFFF,   // 0x0BC0 (3008) pixels
0xFFFF, 0xFFFF, 0xFFFF, 0xFFFF, 0xFFFF, 0xFFFF, 0xFFFF, 0xFFFF, 0xFFFF, 0xFFFF, 0xFFFF, 0xFFFF, 0xFFFF, 0xFFFF, 0xFFFF, 0xFFFF,   // 0x0BD0 (3024) pixels
0xB5B6, 0x0000, 0x0000, 0x0000, 0x0000, 0x0000, 0x0000, 0x0000, 0x0000, 0x0000, 0x0000, 0x0000, 0x0000, 0x0000, 0x0000, 0xB5B6,   // 0x0BE0 (3040) pixels
0xFFFF, 0xFFFF, 0xFFFF, 0xFFFF, 0xFFFF, 0xFFFF, 0xFFFF, 0xFFFF, 0xFFFF, 0xFFFF, 0xFFFF, 0xFFFF, 0xFFFF, 0xFFFF, 0xFFFF, 0xFFFF,   // 0x0BF0 (3056) pixels
0xFFFF, 0xFFFF, 0xFFFF, 0xFFFF, 0xFFFF, 0xFFFF, 0xFFFF, 0xFFFF, 0xFFFF, 0xFFFF, 0xFFFF, 0xFFFF, 0xFFFF, 0xFFFF, 0xFFFF, 0xFFFF,   // 0x0C00 (3072) pixels
0xFFFF, 0xFFFF, 0xFFFF, 0xFFFF, 0xFFFF, 0xFFFF, 0x7BCF, 0x18C3, 0x0000, 0x0000, 0x0000, 0x0000, 0x0000, 0x0000, 0x0000, 0x0000,   // 0x0C10 (3088) pixels
0x0000, 0x0000, 0x0000, 0x0000, 0x0000, 0x0000, 0x0000, 0x0000, 0x0000, 0x0000, 0x0000, 0x0000, 0x0000, 0x0000, 0x0000, 0x0000,   // 0x0C20 (3104) pixels
0x0000, 0x0000, 0x0000, 0x0000, 0x0000, 0x0000, 0x0000, 0x0000, 0x0000, 0x0000, 0x0000, 0x0000, 0x0000, 0x0000, 0x0000, 0x0000,   // 0x0C30 (3120) pixels
0x0000, 0x0000, 0x0000, 0x0000, 0x0000, 0x0000, 0x0000, 0x0000, 0x18C3, 0x8430, 0xFFFF, 0xFFFF, 0xFFFF, 0xFFFF, 0xFFFF, 0xFFFF,   // 0x0C40 (3136) pixels
0xFFFF, 0xFFFF, 0xFFFF, 0xFFFF, 0xFFFF, 0x9CF3, 0x0000, 0x0000, 0x0000, 0x0000, 0x0000, 0x0000, 0x0000, 0x0000, 0x0000, 0x0000,   // 0x0C50 (3152) pixels
0x0000, 0x0000, 0x0000, 0x0000, 0x0000, 0x0000, 0x0000, 0x0000, 0x0000, 0x0000, 0x0000, 0x0000, 0x0000, 0x0000, 0x0000, 0x0000,   // 0x0C60 (3168) pixels
0x0000, 0x0000, 0x0000, 0x0000, 0x0000, 0x0000, 0x0000, 0x0000, 0x0000, 0x0000, 0x0000, 0x0000, 0x0000, 0x0000, 0x0000, 0x0000,   // 0x0C70 (3184) pixels
0x0000, 0x0000, 0x0000, 0x0000, 0x0000, 0x0000, 0x0000, 0x0000, 0x0000, 0x0000, 0xAD55, 0xFFFF, 0xFFFF, 0xFFFF, 0xFFFF, 0xFFFF,   // 0x0C80 (3200) pixels
0xFFFF, 0xFFFF, 0xFFFF, 0xFFFF, 0xFFFF, 0x630C, 0x0000, 0x0000, 0x0000, 0x0000, 0x0000, 0x0000, 0x0000, 0x0000, 0x0000, 0x0000,   // 0x0C90 (3216) pixels
0x0000, 0x0000, 0x0000, 0x0000, 0x0000, 0x0000, 0x0000, 0x0000, 0x0000, 0x0000, 0x0000, 0x0000, 0x0000, 0x0000, 0x0000, 0x0000,   // 0x0CA0 (3232) pixels
0x0000, 0x0000, 0x0000, 0x0000, 0x0000, 0x0000, 0x0000, 0x0000, 0x0000, 0x0000, 0x0000, 0x0000, 0x0000, 0x0000, 0x0000, 0x0000,   // 0x0CB0 (3248) pixels
0x0000, 0x0000, 0x0000, 0x0000, 0x0000, 0x0000, 0x0000, 0x0000, 0x0000, 0x0000, 0x630C, 0xFFFF, 0xFFFF, 0xFFFF, 0xFFFF, 0xFFFF,   // 0x0CC0 (3264) pixels
0xFFFF, 0xFFFF, 0xFFFF, 0xFFFF, 0xFFFF, 0x7BEF, 0x0000, 0x0000, 0x0000, 0x0000, 0x0000, 0x0000, 0x0000, 0x0000, 0x0000, 0x0000,   // 0x0CD0 (3280) pixels
0x0000, 0x0000, 0x0000, 0x0000, 0x0000, 0x0000, 0x0000, 0x0000, 0x0000, 0x0000, 0x0000, 0x0000, 0x0000, 0x0000, 0x0000, 0x0000,   // 0x0CE0 (3296) pixels
0x0000, 0x0000, 0x0000, 0x0000, 0x0000, 0x0000, 0x0000, 0x0000, 0x0000, 0x0000, 0x0000, 0x0000, 0x0000, 0x0000, 0x0000, 0x0000,   // 0x0CF0 (3312) pixels
0x0000, 0x0000, 0x0000, 0x0000, 0x0000, 0x0000, 0x0000, 0x0000, 0x0000, 0x0000, 0x8430, 0xFFFF, 0xFFFF, 0xFFFF, 0xFFFF, 0xFFFF,   // 0x0D00 (3328) pixels
0xFFFF, 0xFFFF, 0xFFFF, 0xFFFF, 0xFFFF, 0xEF7D, 0x2965, 0x0000, 0x0000, 0x0000, 0x0000, 0x0000, 0x0000, 0x0000, 0x0000, 0x0000,   // 0x0D10 (3344) pixels
0x0000, 0x0000, 0x0000, 0x0000, 0x0000, 0x0000, 0x0000, 0x0000, 0x0000, 0x0000, 0x0000, 0x0000, 0x0000, 0x0000, 0x0000, 0x0000,   // 0x0D20 (3360) pixels
0x0000, 0x0000, 0x0000, 0x0000, 0x0000, 0x0000, 0x0000, 0x0000, 0x0000, 0x0000, 0x0000, 0x0000, 0x0000, 0x0000, 0x0000, 0x0000,   // 0x0D30 (3376) pixels
0x0000, 0x0000, 0x0000, 0x0000, 0x0000, 0x0000, 0x0000, 0x0000, 0x0000, 0x31A6, 0xF79E, 0xFFFF, 0xFFFF, 0xFFFF, 0xFFFF, 0xFFFF,   // 0x0D40 (3392) pixels
0xFFFF, 0xFFFF, 0xFFFF, 0xFFFF, 0xFFFF, 0xFFFF, 0xFFDF, 0xC638, 0xAD55, 0xAD55, 0xAD55, 0xAD55, 0xAD55, 0xAD55, 0xAD55, 0xAD55,   // 0x0D50 (3408) pixels
0x6B6D, 0x0000, 0x0000, 0x0000, 0x0000, 0x0000, 0x0000, 0x0000, 0x0000, 0x0000, 0x0000, 0x0000, 0x0000, 0x0000, 0x0000, 0x6B6D,   // 0x0D60 (3424) pixels
0xAD55, 0xAD55, 0xAD55, 0xAD55, 0xAD55, 0xAD55, 0xAD55, 0xAD55, 0xAD55, 0xAD55, 0xAD55, 0xAD55, 0xAD55, 0xAD55, 0xAD55, 0xAD55,   // 0x0D70 (3440) pixels
0xAD55, 0xAD55, 0xAD55, 0xAD55, 0xAD55, 0xAD55, 0xAD55, 0xAD55, 0xC638, 0xFFDF, 0xFFFF, 0xFFFF, 0xFFFF, 0xFFFF, 0xFFFF, 0xFFFF,   // 0x0D80 (3456) pixels
0xFFFF, 0xFFFF, 0xFFFF, 0xFFFF, 0xFFFF, 0xFFFF, 0xFFFF, 0xFFFF, 0xFFFF, 0xFFFF, 0xFFFF, 0xFFFF, 0xFFFF, 0xFFFF, 0xFFFF, 0xFFFF,   // 0x0D90 (3472) pixels
0xF79E, 0x10A2, 0x0000, 0x0000, 0x0000, 0x0000, 0x0000, 0x0000, 0x0000, 0x0000, 0x0000, 0x0000, 0x0000, 0x0000, 0x10A2, 0xF79E,   // 0x0DA0 (3488) pixels
0xFFFF, 0xFFFF, 0xFFFF, 0xFFFF, 0xFFFF, 0xFFFF, 0xFFFF, 0xFFFF, 0xFFFF, 0xFFFF, 0xFFFF, 0xFFFF, 0xFFFF, 0xFFFF, 0xFFFF, 0xFFFF,   // 0x0DB0 (3504) pixels
0xFFFF, 0xFFFF, 0xFFFF, 0xFFFF, 0xFFFF, 0xFFFF, 0xFFFF, 0xFFFF, 0xFFFF, 0xFFFF, 0xFFFF, 0xFFFF, 0xFFFF, 0xFFFF, 0xFFFF, 0xFFFF,   // 0x0DC0 (3520) pixels
0xFFFF, 0xFFFF, 0xFFFF, 0xFFFF, 0xFFFF, 0xFFFF, 0xFFFF, 0xFFFF, 0xFFFF, 0xFFFF, 0xFFFF, 0xFFFF, 0xFFFF, 0xFFFF, 0xFFFF, 0xFFFF,   // 0x0DD0 (3536) pixels
0xFFFF, 0xAD75, 0x0000, 0x0000, 0x0000, 0x0000, 0x0000, 0x0000, 0x0000, 0x0000, 0x0000, 0x0000, 0x0000, 0x0000, 0xAD75, 0xFFFF,   // 0x0DE0 (3552) pixels
0xFFFF, 0xFFFF, 0xFFFF, 0xFFFF, 0xFFFF, 0xFFFF, 0xFFFF, 0xFFFF, 0xFFFF, 0xFFFF, 0xFFFF, 0xFFFF, 0xFFFF, 0xFFFF, 0xFFFF, 0xFFFF,   // 0x0DF0 (3568) pixels
0xFFFF, 0xFFFF, 0xFFFF, 0xFFFF, 0xFFFF, 0xFFFF, 0xFFFF, 0xFFFF, 0xFFFF, 0xFFFF, 0xFFFF, 0xFFFF, 0xFFFF, 0xFFFF, 0xFFFF, 0xFFFF,   // 0x0E00 (3584) pixels
0xFFFF, 0xFFFF, 0xFFFF, 0xFFFF, 0xFFFF, 0xFFFF, 0xFFFF, 0xFFFF, 0xFFFF, 0xFFFF, 0xFFFF, 0xFFFF, 0xFFFF, 0xFFFF, 0xFFFF, 0xFFFF,   // 0x0E10 (3600) pixels
0xFFFF, 0xFFFF, 0x9492, 0x0000, 0x0000, 0x0000, 0x0000, 0x0000, 0x0000, 0x0000, 0x0000, 0x0000, 0x0000, 0x94B2, 0xFFFF, 0xFFFF,   // 0x0E20 (3616) pixels
0xFFFF, 0xFFFF, 0xFFFF, 0xFFFF, 0xFFFF, 0xFFFF, 0xFFFF, 0xFFFF, 0xFFFF, 0xFFFF, 0xFFFF, 0xFFFF, 0xFFFF, 0xFFFF, 0xFFFF, 0xFFFF,   // 0x0E30 (3632) pixels
0xFFFF, 0xFFFF, 0xFFFF, 0xFFFF, 0xFFFF, 0xFFFF, 0xFFFF, 0xFFFF, 0xFFFF, 0xFFFF, 0xFFFF, 0xFFFF, 0xFFFF, 0xFFFF, 0xFFFF, 0xFFFF,   // 0x0E40 (3648) pixels
0xFFFF, 0xFFFF, 0xFFFF, 0xFFFF, 0xFFFF, 0xFFFF, 0xFFFF, 0xFFFF, 0xFFFF, 0xFFFF, 0xFFFF, 0xFFFF, 0xFFFF, 0xFFFF, 0xFFFF, 0xFFFF,   // 0x0E50 (3664) pixels
0xFFFF, 0xFFFF, 0xFFFF, 0xBDF7, 0x2965, 0x0000, 0x0000, 0x0000, 0x0000, 0x0000, 0x0000, 0x2965, 0xC618, 0xFFFF, 0xFFFF, 0xFFFF,   // 0x0E60 (3680) pixels
0xFFFF, 0xFFFF, 0xFFFF, 0xFFFF, 0xFFFF, 0xFFFF, 0xFFFF, 0xFFFF, 0xFFFF, 0xFFFF, 0xFFFF, 0xFFFF, 0xFFFF, 0xFFFF, 0xFFFF, 0xFFFF,   // 0x0E70 (3696) pixels
0xFFFF, 0xFFFF, 0xFFFF, 0xFFFF, 0xFFFF, 0xFFFF, 0xFFFF, 0xFFFF, 0xFFFF, 0xFFFF, 0xFFFF, 0xFFFF, 0xFFFF, 0xFFFF, 0xFFFF, 0xFFFF,   // 0x0E80 (3712) pixels
0xFFFF, 0xFFFF, 0xFFFF, 0xFFFF, 0xFFFF, 0xFFFF, 0xFFFF, 0xFFFF, 0xFFFF, 0xFFFF, 0xFFFF, 0xFFFF, 0xFFFF, 0xFFFF, 0xFFFF, 0xFFFF,   // 0x0E90 (3728) pixels
0xFFFF, 0xFFFF, 0xFFFF, 0xFFFF, 0xFFFF, 0xC618, 0x7BEF, 0x5AEB, 0x5AEB, 0x7BEF, 0xC618, 0xFFFF, 0xFFFF, 0xFFFF, 0xFFFF, 0xFFFF,   // 0x0EA0 (3744) pixels
0xFFFF, 0xFFFF, 0xFFFF, 0xFFFF, 0xFFFF, 0xFFFF, 0xFFFF, 0xFFFF, 0xFFFF, 0xFFFF, 0xFFFF, 0xFFFF, 0xFFFF, 0xFFFF, 0xFFFF, 0xFFFF,   // 0x0EB0 (3760) pixels
0xFFFF, 0xFFFF, 0xFFFF, 0xFFFF, 0xFFFF, 0xFFFF, 0xFFFF, 0xFFFF, 0xFFFF, 0xFFFF, 0xFFFF, 0xFFFF, 0xFFFF, 0xFFFF, 0xFFFF, 0xFFFF,   // 0x0EC0 (3776) pixels
0xFFFF, 0xFFFF, 0xFFFF, 0xFFFF, 0xFFFF, 0xFFFF, 0xFFFF, 0xFFFF, 0xFFFF, 0xFFFF, 0xFFFF, 0xFFFF, 0xFFFF, 0xFFFF, 0xFFFF, 0xFFFF,   // 0x0ED0 (3792) pixels
0xFFFF, 0xFFFF, 0xFFFF, 0xFFFF, 0xFFFF, 0xFFFF, 0xFFFF, 0xFFFF, 0xFFFF, 0xFFFF, 0xFFFF, 0xFFFF, 0xFFFF, 0xFFFF, 0xFFFF, 0xFFFF,   // 0x0EE0 (3808) pixels
0xFFFF, 0xFFFF, 0xFFFF, 0xFFFF, 0xFFFF, 0xFFFF, 0xFFFF, 0xFFFF, 0xFFFF, 0xFFFF, 0xFFFF, 0xFFFF, 0xFFFF, 0xFFFF, 0xFFFF, 0xFFFF,   // 0x0EF0 (3824) pixels
0xFFFF, 0xFFFF, 0xFFFF, 0xFFFF, 0xFFFF, 0xFFFF, 0xFFFF, 0xFFFF, 0xFFFF, 0xFFFF, 0xFFFF, 0xFFFF, 0xFFFF, 0xFFFF, 0xFFFF, 0xFFFF,   // 0x0F00 (3840) pixels
0xFFFF, 0xFFFF, 0xFFFF, 0xFFFF, 0xFFFF, 0xFFFF, 0xFFFF, 0xFFFF, 0xFFFF, 0xFFFF, 0xFFFF, 0xFFFF, 0xFFFF, 0xFFFF, 0xFFFF, 0xFFFF,   // 0x0F10 (3856) pixels
0xFFFF, 0xFFFF, 0xFFFF, 0xFFFF, 0xFFFF, 0xFFFF, 0xFFFF, 0xFFFF, 0xFFFF, 0xFFFF, 0xFFFF, 0xFFFF, 0xFFFF, 0xFFFF, 0xFFFF, 0xFFFF,   // 0x0F20 (3872) pixels
0xFFFF, 0xFFFF, 0xFFFF, 0xFFFF, 0xFFFF, 0xFFFF, 0xFFFF, 0xFFFF, 0xFFFF, 0xFFFF, 0xFFFF, 0xFFFF, 0xFFFF, 0xFFFF, 0xFFFF, 0xFFFF,   // 0x0F30 (3888) pixels
0xFFFF, 0xFFFF, 0xFFFF, 0xFFFF, 0xFFFF, 0xFFFF, 0xFFFF, 0xFFFF, 0xFFFF, 0xFFFF, 0xFFFF, 0xFFFF, 0xFFFF, 0xFFFF, 0xFFFF, 0xFFFF,   // 0x0F40 (3904) pixels
0xFFFF, 0xFFFF, 0xFFFF, 0xFFFF, 0xFFFF, 0xFFFF, 0xFFFF, 0xFFFF, 0xFFFF, 0xFFFF, 0xFFFF, 0xFFFF, 0xFFFF, 0xFFFF, 0xFFFF, 0xFFFF,   // 0x0F50 (3920) pixels
0xFFFF, 0xFFFF, 0xFFFF, 0xFFFF, 0xFFFF, 0xFFFF, 0xFFFF, 0xFFFF, 0xFFFF, 0xFFFF, 0xFFFF, 0xFFFF, 0xFFFF, 0xFFFF, 0xFFFF, 0xFFFF,   // 0x0F60 (3936) pixels
0xFFFF, 0xFFFF, 0xFFFF, 0xFFFF, 0xFFFF, 0xFFFF, 0xFFFF, 0xFFFF, 0xFFFF, 0xFFFF, 0xFFFF, 0xFFFF, 0xFFFF, 0xFFFF, 0xFFFF, 0xFFFF,   // 0x0F70 (3952) pixels
0xFFFF, 0xFFFF, 0xFFFF, 0xFFFF, 0xFFFF, 0xFFFF, 0xFFFF, 0xFFFF, 0xFFFF, 0xFFFF, 0xFFFF, 0xFFFF, 0xFFFF, 0xFFFF, 0xFFFF, 0xFFFF,   // 0x0F80 (3968) pixels
0xFFFF, 0xFFFF, 0xFFFF, 0xFFFF, 0xFFFF, 0xFFFF, 0xFFFF, 0xFFFF, 0xFFFF, 0xFFFF, 0xFFFF, 0xFFFF, 0xFFFF, 0xFFFF, 0xFFFF, 0xFFFF,   // 0x0F90 (3984) pixels
0xFFFF, 0xFFFF, 0xFFFF, 0xFFFF, 0xFFFF, 0xFFFF, 0xFFFF, 0xFFFF, 0xFFFF, 0xFFFF, 0xFFFF, 0xFFFF, 0xFFFF, 0xFFFF, 0xFFFF, 0xFFFF,   // 0x0FA0 (4000) pixels
0xFFFF, 0xFFFF, 0xFFFF, 0xFFFF, 0xFFFF, 0xFFFF, 0xFFFF, 0xFFFF, 0xFFFF, 0xFFFF, 0xFFFF, 0xFFFF, 0xFFFF, 0xFFFF, 0xFFFF, 0xFFFF,   // 0x0FB0 (4016) pixels
0xFFFF, 0xFFFF, 0xFFFF, 0xFFFF, 0xFFFF, 0xFFFF, 0xFFFF, 0xFFFF, 0xFFFF, 0xFFFF, 0xFFFF, 0xFFFF, 0xFFFF, 0xFFFF, 0xFFFF, 0xFFFF,   // 0x0FC0 (4032) pixels
0xFFFF, 0xFFFF, 0xFFFF, 0xFFFF, 0xFFFF, 0xFFFF, 0xFFFF, 0xFFFF, 0xFFFF, 0xFFFF, 0xFFFF, 0xFFFF, 0xFFFF, 0xFFFF, 0xFFFF, 0xFFFF,   // 0x0FD0 (4048) pixels
0xFFFF, 0xFFFF, 0xFFFF, 0xFFFF, 0xFFFF, 0xFFFF, 0xFFFF, 0xFFFF, 0xFFFF, 0xFFFF, 0xFFFF, 0xFFFF, 0xFFFF, 0xFFFF, 0xFFFF, 0xFFFF,   // 0x0FE0 (4064) pixels
0xFFFF, 0xFFFF, 0xFFFF, 0xFFFF, 0xFFFF, 0xFFFF, 0xFFFF, 0xFFFF, 0xFFFF, 0xFFFF, 0xFFFF, 0xFFFF, 0xFFFF, 0xFFFF, 0xFFFF, 0xFFFF,   // 0x0FF0 (4080) pixels
0xFFFF, 0xFFFF, 0xFFFF, 0xFFFF, 0xFFFF, 0xFFFF, 0xFFFF, 0xFFFF, 0xFFFF, 0xFFFF, 0xFFFF, 0xFFFF, 0xFFFF, 0xFFFF, 0xFFFF, 0xFFFF,   // 0x1000 (4096) pixels
};

const uint16_t live_stream[4096] PROGMEM={
0x0000, 0x0000, 0x0000, 0x0000, 0x0000, 0x0000, 0x0000, 0x0000, 0x0000, 0x0000, 0x0000, 0x0000, 0x0000, 0x0000, 0x0000, 0x0000,   // 0x0010 (16) pixels
0x0000, 0x0000, 0x0000, 0x0000, 0x0000, 0x0000, 0x0000, 0x0000, 0x0000, 0x0000, 0x0000, 0x0000, 0x0000, 0x0000, 0x0000, 0x0000,   // 0x0020 (32) pixels
0x0000, 0x0000, 0x0000, 0x0000, 0x0000, 0x0000, 0x0000, 0x0000, 0x0000, 0x0000, 0x0000, 0x0000, 0x0000, 0x0000, 0x0000, 0x0000,   // 0x0030 (48) pixels
0x0000, 0x0000, 0x0000, 0x0000, 0x0000, 0x0000, 0x0000, 0x0000, 0x0000, 0x0000, 0x0000, 0x0000, 0x0000, 0x0000, 0x0000, 0x0000,   // 0x0040 (64) pixels
0x0000, 0x0000, 0x0000, 0x0000, 0x0000, 0x0000, 0x0000, 0x0000, 0x0000, 0x0000, 0x0000, 0x0000, 0x0000, 0x0000, 0x0000, 0x0000,   // 0x0050 (80) pixels
0x0000, 0x0000, 0x0000, 0x0000, 0x0000, 0x0000, 0x0000, 0x0000, 0x0000, 0x0000, 0x0000, 0x0000, 0x0000, 0x0000, 0x0000, 0x0000,   // 0x0060 (96) pixels
0x0000, 0x0000, 0x0000, 0x0000, 0x0000, 0x0000, 0x0000, 0x0000, 0x0000, 0x0000, 0x0000, 0x0000, 0x0000, 0x0000, 0x0000, 0x0000,   // 0x0070 (112) pixels
0x0000, 0x0000, 0x0000, 0x0000, 0x0000, 0x0000, 0x0000, 0x0000, 0x0000, 0x0000, 0x0000, 0x0000, 0x0000, 0x0000, 0x0000, 0x0000,   // 0x0080 (128) pixels
0x0000, 0x0000, 0x0000, 0x0000, 0x0000, 0x0000, 0x0000, 0x0000, 0x0000, 0x0000, 0x0000, 0x0000, 0x0000, 0x0000, 0x0000, 0x0000,   // 0x0090 (144) pixels
0x0000, 0x0000, 0x0000, 0x0000, 0x0000, 0x0000, 0x0000, 0x0000, 0x0000, 0x0000, 0x0000, 0x0000, 0x0000, 0x0000, 0x0000, 0x0000,   // 0x00A0 (160) pixels
0x0000, 0x0000, 0x0000, 0x0000, 0x0000, 0x0000, 0x0000, 0x0000, 0x0000, 0x0000, 0x0000, 0x0000, 0x0000, 0x0000, 0x0000, 0x0000,   // 0x00B0 (176) pixels
0x0000, 0x0000, 0x0000, 0x0000, 0x0000, 0x0000, 0x0000, 0x0000, 0x0000, 0x0000, 0x0000, 0x0000, 0x0000, 0x0000, 0x0000, 0x0000,   // 0x00C0 (192) pixels
0x0000, 0x0000, 0x0000, 0x0000, 0x0000, 0x0000, 0x0000, 0x0000, 0x0000, 0x0000, 0x0000, 0x0000, 0x0000, 0x0000, 0x0000, 0x0000,   // 0x00D0 (208) pixels
0x0000, 0x0000, 0x0000, 0x0000, 0x0000, 0x0000, 0x0000, 0x0000, 0x0000, 0x0000, 0x0000, 0x0000, 0x0000, 0x0000, 0x0000, 0x0000,   // 0x00E0 (224) pixels
0x0000, 0x0000, 0x0000, 0x0000, 0x0000, 0x0000, 0x0000, 0x0000, 0x0000, 0x0000, 0x0000, 0x0000, 0x0000, 0x0000, 0x0000, 0x0000,   // 0x00F0 (240) pixels
0x0000, 0x0000, 0x0000, 0x0000, 0x0000, 0x0000, 0x0000, 0x0000, 0x0000, 0x0000, 0x0000, 0x0000, 0x0000, 0x0000, 0x0000, 0x0000,   // 0x0100 (256) pixels
0x0000, 0x0000, 0x0000, 0x0000, 0x0000, 0x0000, 0x0000, 0x0000, 0x0000, 0x0000, 0x0000, 0x0000, 0x0000, 0x0000, 0x0000, 0x0000,   // 0x0110 (272) pixels
0x0000, 0x0000, 0x0000, 0x0000, 0x0000, 0x0000, 0x0000, 0x0000, 0x0000, 0x0000, 0x0000, 0x0000, 0x0000, 0x0000, 0x0000, 0x0000,   // 0x0120 (288) pixels
0x0000, 0x0000, 0x0000, 0x0000, 0x0000, 0x0000, 0x0000, 0x0000, 0x0000, 0x0000, 0x0000, 0x0000, 0x0000, 0x0000, 0x0000, 0x0000,   // 0x0130 (304) pixels
0x0000, 0x0000, 0x0000, 0x0000, 0x0000, 0x0000, 0x0000, 0x0000, 0x0000, 0x0000, 0x0000, 0x0000, 0x0000, 0x0000, 0x0000, 0x0000,   // 0x0140 (320) pixels
0x0000, 0x0000, 0x0000, 0x0000, 0x0000, 0x0000, 0x0000, 0x0000, 0x0000, 0x0000, 0x0000, 0x0000, 0x0000, 0x0000, 0x0000, 0x0000,   // 0x0150 (336) pixels
0x0000, 0x0000, 0x0000, 0x0000, 0x0000, 0x0000, 0x0000, 0x0000, 0x0000, 0x0000, 0x0000, 0x0000, 0x0000, 0x0000, 0x0000, 0x0000,   // 0x0160 (352) pixels
0x0000, 0x0000, 0x0000, 0x0000, 0x0000, 0x0000, 0x0000, 0x0000, 0x0000, 0x0000, 0x0000, 0x0000, 0x0000, 0x0000, 0x0000, 0x0000,   // 0x0170 (368) pixels
0x0000, 0x0000, 0x0000, 0x0000, 0x0000, 0x0000, 0x0000, 0x0000, 0x0000, 0x0000, 0x0000, 0x0000, 0x0000, 0x0000, 0x0000, 0x0000,   // 0x0180 (384) pixels
0x0000, 0x0000, 0x0000, 0x0000, 0x0000, 0x0000, 0x0000, 0x0000, 0x0000, 0x0000, 0x0000, 0x0000, 0x0000, 0x0000, 0x0000, 0x0000,   // 0x0190 (400) pixels
0x0000, 0x0000, 0x0000, 0x0000, 0x0000, 0x0000, 0x0000, 0x0000, 0x0000, 0x0000, 0x0000, 0x0000, 0x0000, 0x0000, 0x0000, 0x0000,   // 0x01A0 (416) pixels
0x0000, 0x0000, 0x0000, 0x0000, 0x0000, 0x0000, 0x0000, 0x0000, 0x0000, 0x0000, 0x0000, 0x0000, 0x0000, 0x0000, 0x0000, 0x0000,   // 0x01B0 (432) pixels
0x0000, 0x0000, 0x0000, 0x0000, 0x0000, 0x0000, 0x0000, 0x0000, 0x0000, 0x0000, 0x0000, 0x0000, 0x0000, 0x0000, 0x0000, 0x0000,   // 0x01C0 (448) pixels
0x0000, 0x0000, 0x0000, 0x0000, 0x0000, 0x0000, 0x0000, 0x0000, 0x0000, 0x0000, 0x0000, 0x0000, 0x0000, 0x0000, 0x0000, 0x0000,   // 0x01D0 (464) pixels
0x0000, 0x0000, 0x0000, 0x0000, 0x0000, 0x0000, 0x0000, 0x0000, 0x0000, 0x0000, 0x0000, 0x0000, 0x0000, 0x0000, 0x0000, 0x0000,   // 0x01E0 (480) pixels
0x0000, 0x0000, 0x0000, 0x0000, 0x0000, 0x0000, 0x0000, 0x0000, 0x0000, 0x0000, 0x0000, 0x0000, 0x0000, 0x0000, 0x0000, 0x0000,   // 0x01F0 (496) pixels
0x0000, 0x0000, 0x0000, 0x0000, 0x0000, 0x0000, 0x0000, 0x0000, 0x0000, 0x0000, 0x0000, 0x0000, 0x0000, 0x0000, 0x0000, 0x0000,   // 0x0200 (512) pixels
0x0000, 0x0000, 0x0000, 0x0000, 0x0000, 0x0000, 0x0000, 0x0000, 0x0000, 0x0000, 0x0000, 0x0000, 0x0000, 0x0000, 0x0000, 0x0000,   // 0x0210 (528) pixels
0x0000, 0x0000, 0x0000, 0x0000, 0x0000, 0x0000, 0x0000, 0x0000, 0x0000, 0x0000, 0x0000, 0x0000, 0x0000, 0x0000, 0x0000, 0x0000,   // 0x0220 (544) pixels
0x0000, 0x0000, 0x0000, 0x0000, 0x0000, 0x0000, 0x0000, 0x0000, 0x0000, 0x0000, 0x0000, 0x0000, 0x0000, 0x0000, 0x0000, 0x0000,   // 0x0230 (560) pixels
0x0000, 0x0000, 0x0000, 0x0000, 0x0000, 0x0000, 0x0000, 0x0000, 0x0000, 0x0000, 0x0000, 0x0000, 0x0000, 0x0000, 0x0000, 0x0000,   // 0x0240 (576) pixels
0x0000, 0x0000, 0x0000, 0x0000, 0x0000, 0x0000, 0x0000, 0x0000, 0x0000, 0x0000, 0x0000, 0x0000, 0x0000, 0x0000, 0x0000, 0x0000,   // 0x0250 (592) pixels
0x0000, 0x0000, 0x0000, 0x0000, 0x0000, 0x0000, 0x0000, 0x0000, 0x0000, 0x0000, 0x0000, 0x0000, 0x0000, 0x0000, 0x0000, 0x0000,   // 0x0260 (608) pixels
0x0000, 0x0000, 0x0000, 0x0000, 0x0000, 0x0000, 0x0000, 0x0000, 0x0000, 0x0000, 0x0000, 0x0000, 0x0000, 0x0000, 0x0000, 0x0000,   // 0x0270 (624) pixels
0x0000, 0x0000, 0x0000, 0x0000, 0x0000, 0x0000, 0x0000, 0x0000, 0x0000, 0x0000, 0x0000, 0x0000, 0x0000, 0x0000, 0x0000, 0x0000,   // 0x0280 (640) pixels
0x0000, 0x0000, 0x0000, 0x0000, 0x0000, 0x0000, 0x0000, 0x0000, 0x0000, 0x0000, 0x0000, 0x0000, 0x0000, 0x0000, 0x0000, 0x0000,   // 0x0290 (656) pixels
0x0000, 0x0000, 0x0000, 0x0000, 0x0000, 0x0000, 0x0000, 0x0000, 0x0000, 0x0000, 0x0000, 0x0000, 0x0000, 0x0000, 0x0000, 0x0000,   // 0x02A0 (672) pixels
0x0000, 0x0000, 0x0000, 0x0000, 0x0000, 0x0000, 0x0000, 0x0000, 0x0000, 0x0000, 0x0000, 0x0000, 0x0000, 0x0000, 0x0000, 0x0000,   // 0x02B0 (688) pixels
0x0000, 0x0000, 0x0000, 0x0000, 0x0000, 0x0000, 0x0000, 0x0000, 0x0000, 0x0000, 0x0000, 0x0000, 0x0000, 0x0000, 0x0000, 0x0000,   // 0x02C0 (704) pixels
0x0000, 0x0000, 0x0000, 0x0000, 0x0000, 0x0000, 0x0000, 0x0000, 0x0000, 0x0000, 0x0000, 0x0000, 0x0000, 0x0000, 0x0000, 0x0000,   // 0x02D0 (720) pixels
0x0000, 0x0000, 0x0000, 0x0000, 0x0000, 0x0000, 0x0000, 0x0000, 0x0000, 0x0000, 0x0000, 0x0000, 0x0000, 0x0000, 0x0000, 0x0000,   // 0x02E0 (736) pixels
0x0000, 0x0000, 0x0000, 0x0000, 0x0000, 0x0000, 0x0000, 0x0000, 0x0000, 0x0000, 0x0000, 0x0000, 0x0000, 0x0000, 0x0000, 0x0000,   // 0x02F0 (752) pixels
0x0000, 0x0000, 0x0000, 0x0000, 0x0000, 0x0000, 0x0000, 0x0000, 0x0000, 0x0000, 0x0000, 0x0000, 0x0000, 0x0000, 0x0000, 0x0000,   // 0x0300 (768) pixels
0x0000, 0x0000, 0x0000, 0x0000, 0x0000, 0x0000, 0x0000, 0x0000, 0x0000, 0x0000, 0x0000, 0x0000, 0x0000, 0x0000, 0x0000, 0x0000,   // 0x0310 (784) pixels
0x0000, 0x0000, 0x0000, 0x0000, 0x0000, 0x0000, 0x0000, 0x0000, 0x0000, 0x0000, 0x0000, 0x0000, 0x0000, 0x0000, 0x0000, 0x0000,   // 0x0320 (800) pixels
0x0000, 0x0000, 0x0000, 0x0000, 0x0000, 0x0000, 0x0000, 0x0000, 0x0000, 0x0000, 0x0000, 0x0000, 0x0000, 0x0000, 0x0000, 0x0000,   // 0x0330 (816) pixels
0x0000, 0x0000, 0x0000, 0x0000, 0x0000, 0x0000, 0x0000, 0x0000, 0x0000, 0x0000, 0x0000, 0x0000, 0x0000, 0x0000, 0x0000, 0x0000,   // 0x0340 (832) pixels
0x0000, 0x0000, 0x0000, 0x0000, 0x0000, 0x0000, 0x0000, 0x0000, 0x0000, 0x0000, 0x0000, 0x0000, 0x0000, 0x0000, 0x0000, 0x0000,   // 0x0350 (848) pixels
0x0000, 0x0000, 0x0000, 0x0000, 0x0000, 0x0000, 0x0000, 0x0000, 0x0000, 0x0000, 0x0000, 0x0000, 0x0000, 0x0000, 0x0000, 0x0000,   // 0x0360 (864) pixels
0x0000, 0x0000, 0x0000, 0x0000, 0x0000, 0x0000, 0x0000, 0x0000, 0x0000, 0x0000, 0x0000, 0x0000, 0x0000, 0x0000, 0x0000, 0x0000,   // 0x0370 (880) pixels
0x0000, 0x0000, 0x0000, 0x0000, 0x0000, 0x0000, 0x0000, 0x0000, 0x0000, 0x0000, 0x0000, 0x0000, 0x0000, 0x0000, 0x0000, 0x0000,   // 0x0380 (896) pixels
0x0000, 0x0000, 0x0000, 0x0000, 0x0000, 0x0000, 0x0000, 0x0000, 0x0000, 0x0000, 0x0000, 0x0000, 0x0000, 0x0000, 0x0000, 0x0000,   // 0x0390 (912) pixels
0x0000, 0x0000, 0x0000, 0x0000, 0x0000, 0x0000, 0x0000, 0x0000, 0x0000, 0x0000, 0x0000, 0x0000, 0x0000, 0x0000, 0x0000, 0x0000,   // 0x03A0 (928) pixels
0x0000, 0x0000, 0x0000, 0x0000, 0x0000, 0x0000, 0x0000, 0x0000, 0x0000, 0x0000, 0x0000, 0x0000, 0x0000, 0x0000, 0x0000, 0x0000,   // 0x03B0 (944) pixels
0x0000, 0x0000, 0x0000, 0x0000, 0x0000, 0x0000, 0x0000, 0x0000, 0x0000, 0x0000, 0x0000, 0x0000, 0x0000, 0x0000, 0x0000, 0x0000,   // 0x03C0 (960) pixels
0x0000, 0x0000, 0x0000, 0x0000, 0x0000, 0x0000, 0x0000, 0x0000, 0x0000, 0x0000, 0x0000, 0x0000, 0x0000, 0x0000, 0x0000, 0x0000,   // 0x03D0 (976) pixels
0x0000, 0x0000, 0x0000, 0x0000, 0x0000, 0x0000, 0x0000, 0x0000, 0x0000, 0x0000, 0x0000, 0x0000, 0x0000, 0x0000, 0x0000, 0x0000,   // 0x03E0 (992) pixels
0x0000, 0x0000, 0x0000, 0x0000, 0x0000, 0x0000, 0x0000, 0x0000, 0x0000, 0x0000, 0x0000, 0x0000, 0x0000, 0x0000, 0x0000, 0x0000,   // 0x03F0 (1008) pixels
0x0000, 0x0000, 0x0000, 0x0000, 0x0000, 0x0000, 0x0000, 0x0000, 0x0000, 0x0000, 0x0000, 0x0000, 0x0000, 0x0000, 0x0000, 0x0000,   // 0x0400 (1024) pixels
0x0000, 0x0000, 0x0000, 0x041F, 0x07E3, 0x07E3, 0x07E3, 0x07E3, 0x07E3, 0x07E3, 0x07E3, 0x07E3, 0x07E3, 0x07E3, 0x07E3, 0x07E3,   // 0x0410 (1040) pixels
0x07E3, 0x07E3, 0x07E3, 0x07E3, 0x07E3, 0x07E3, 0x07E3, 0x07E3, 0x07E3, 0x07E3, 0x07E3, 0x07E3, 0x07E3, 0x07E3, 0x07E3, 0x07E3,   // 0x0420 (1056) pixels
0x07E3, 0x07E3, 0x07E3, 0x07E3, 0x07E3, 0x07E3, 0x07E3, 0x07E3, 0x07E3, 0x07E3, 0x07E3, 0x07E3, 0x07E3, 0x07E3, 0x07E3, 0x07E3,   // 0x0430 (1072) pixels
0x07E3, 0x07E3, 0x07E3, 0x07E3, 0x07E3, 0x07E3, 0x07E3, 0x07E3, 0x07E3, 0x07E3, 0x07E3, 0x07E3, 0x041F, 0x0000, 0x0000, 0x0000,   // 0x0440 (1088) pixels
0x0000, 0x0000, 0x07E3, 0x07E3, 0x07E3, 0x07E3, 0x07E3, 0x07E3, 0x07E3, 0x07E3, 0x07E3, 0x07E3, 0x07E3, 0x07E3, 0x07E3, 0x07E3,   // 0x0450 (1104) pixels
0x07E3, 0x07E3, 0x07E3, 0x07E3, 0x07E3, 0x07E3, 0x07E3, 0x07E3, 0x07E3, 0x07E3, 0x07E3, 0x07E3, 0x07E3, 0x07E3, 0x07E3, 0x07E3,   // 0x0460 (1120) pixels
0x07E3, 0x07E3, 0x07E3, 0x07E3, 0x07E3, 0x07E3, 0x07E3, 0x07E3, 0x07E3, 0x07E3, 0x07E3, 0x07E3, 0x07E3, 0x07E3, 0x07E3, 0x07E3,   // 0x0470 (1136) pixels
0x07E3, 0x07E3, 0x07E3, 0x07E3, 0x07E3, 0x07E3, 0x07E3, 0x07E3, 0x07E3, 0x07E3, 0x07E3, 0x07E3, 0x07E3, 0x07E3, 0x0000, 0x0000,   // 0x0480 (1152) pixels
0x0000, 0x07E3, 0x07E3, 0x07E3, 0x07E3, 0x07E3, 0x07E3, 0x07E3, 0x07E3, 0x07E3, 0x07E3, 0x07E3, 0x07E3, 0x07E3, 0x07E3, 0x07E3,   // 0x0490 (1168) pixels
0x07E3, 0x07E3, 0x07E3, 0x07E3, 0x07E3, 0x07E3, 0x07E3, 0x07E3, 0x07E3, 0x07E3, 0x07E3, 0x07E3, 0x07E3, 0x07E3, 0x07E3, 0x07E3,   // 0x04A0 (1184) pixels
0x07E3, 0x07E3, 0x07E3, 0x07E3, 0x07E3, 0x07E3, 0x07E3, 0x07E3, 0x07E3, 0x07E3, 0x07E3, 0x07E3, 0x07E3, 0x07E3, 0x07E3, 0x07E3,   // 0x04B0 (1200) pixels
0x07E3, 0x07E3, 0x07E3, 0x07E3, 0x07E3, 0x07E3, 0x07E3, 0x07E3, 0x07E3, 0x07E3, 0x07E3, 0x07E3, 0x07E3, 0x07E3, 0x07E3, 0x0000,   // 0x04C0 (1216) pixels
0x041F, 0x07E3, 0x07E3, 0x07E3, 0x07E3, 0x07E3, 0x07E3, 0x07E3, 0x07E3, 0x07E3, 0x07E3, 0x07E3, 0x07E3, 0x07E3, 0x07E3, 0x07E3,   // 0x04D0 (1232) pixels
0x07E3, 0x07E3, 0x07E3, 0x07E3, 0x07E3, 0x07E3, 0x07E3, 0x07E3, 0x07E3, 0x07E3, 0x07E3, 0x07E3, 0x07E3, 0x07E3, 0x07E3, 0x07E3,   // 0x04E0 (1248) pixels
0x07E3, 0x07E3, 0x07E3, 0x07E3, 0x07E3, 0x07E3, 0x07E3, 0x07E3, 0x07E3, 0x07E3, 0x07E3, 0x07E3, 0x07E3, 0x07E3, 0x07E3, 0x07E3,   // 0x04F0 (1264) pixels
0x07E3, 0x07E3, 0x07E3, 0x07E3, 0x07E3, 0x07E3, 0x07E3, 0x07E3, 0x07E3, 0x07E3, 0x07E3, 0x07E3, 0x07E3, 0x07E3, 0x07E3, 0xF0C3,   // 0x0500 (1280) pixels
0x07E3, 0x07E3, 0x07E3, 0x07E3, 0x07E3, 0x07E3, 0x07E3, 0x07E3, 0x07E3, 0x07E3, 0x07E3, 0x07E3, 0x07E3, 0x07E3, 0x07E3, 0x07E3,   // 0x0510 (1296) pixels
0x07E3, 0x07E3, 0x07E3, 0x07E3, 0x07E3, 0x07E3, 0x07E3, 0x07E3, 0x07E3, 0x07E3, 0x07E3, 0x07E3, 0x07E3, 0x07E3, 0x07E3, 0x07E3,   // 0x0520 (1312) pixels
0x07E3, 0x07E3, 0x07E3, 0x07E3, 0x07E3, 0x07E3, 0x07E3, 0x07E3, 0x07E3, 0x07E3, 0x07E3, 0x07E3, 0x07E3, 0x07E3, 0x07E3, 0x07E3,   // 0x0530 (1328) pixels
0x07E3, 0x07E3, 0x07E3, 0x07E3, 0x07E3, 0x07E3, 0x07E3, 0x07E3, 0x07E3, 0x07E3, 0x07E3, 0x07E3, 0x07E3, 0x07E3, 0x07E3, 0x07E3,   // 0x0540 (1344) pixels
0x07E3, 0x07E3, 0x07E3, 0x07E3, 0x07E3, 0x07E3, 0x07E3, 0x07E3, 0x07E3, 0x07E3, 0x07E3, 0x07E3, 0x07E3, 0x07E3, 0x07E3, 0x07E3,   // 0x0550 (1360) pixels
0x07E3, 0x07E3, 0x07E3, 0x07E3, 0x07E3, 0x07E3, 0x07E3, 0x07E3, 0x07E3, 0x07E3, 0x07E3, 0x07E3, 0x07E3, 0x07E3, 0x07E3, 0x07E3,   // 0x0560 (1376) pixels
0x07E3, 0x07E3, 0x07E3, 0x07E3, 0x07E3, 0x07E3, 0x07E3, 0x07E3, 0x07E3, 0x07E3, 0x07E3, 0x07E3, 0x07E3, 0x07E3, 0x07E3, 0x07E3,   // 0x0570 (1392) pixels
0x07E3, 0x07E3, 0x07E3, 0x07E3, 0x07E3, 0x07E3, 0x07E3, 0x07E3, 0x07E3, 0x07E3, 0x07E3, 0x07E3, 0x07E3, 0x07E3, 0x07E3, 0x07E3,   // 0x0580 (1408) pixels
0x07E3, 0x07E3, 0x07E3, 0x07E3, 0x07E3, 0x07E3, 0x07E3, 0x07E3, 0x07E3, 0x07E3, 0x07E3, 0x07E3, 0x07E3, 0x07E3, 0x07E3, 0x07E3,   // 0x0590 (1424) pixels
0x07E3, 0x07E3, 0x07E3, 0x07E3, 0x07E3, 0x07E3, 0x07E3, 0x07E3, 0x07E3, 0x07E3, 0x07E3, 0x07E3, 0x07E3, 0x07E3, 0x07E3, 0x07E3,   // 0x05A0 (1440) pixels
0x07E3, 0x07E3, 0x07E3, 0x07E3, 0x07E3, 0x07E3, 0x07E3, 0x07E3, 0x07E3, 0x07E3, 0x07E3, 0x07E3, 0x07E3, 0x07E3, 0x07E3, 0x07E3,   // 0x05B0 (1456) pixels
0x07E3, 0x07E3, 0x07E3, 0x07E3, 0x07E3, 0x07E3, 0x07E3, 0x07E3, 0x07E3, 0x07E3, 0x07E3, 0x07E3, 0x07E3, 0x07E3, 0x07E3, 0x07E3,   // 0x05C0 (1472) pixels
0x07E3, 0x07E3, 0x07E3, 0x07E3, 0x07E3, 0x07E3, 0x07E3, 0x07E3, 0xFBCF, 0xFDB6, 0xF145, 0x07E3, 0x07E3, 0x07E3, 0x07E3, 0x07E3,   // 0x05D0 (1488) pixels
0x07E3, 0x07E3, 0x07E3, 0x07E3, 0x07E3, 0x07E3, 0x07E3, 0xF145, 0xFDB6, 0xFBCF, 0x07E3, 0x07E3, 0x07E3, 0x07E3, 0x07E3, 0x07E3,   // 0x05E0 (1504) pixels
0x07E3, 0x07E3, 0x07E3, 0x07E3, 0x07E3, 0x07E3, 0x07E3, 0x07E3, 0x07E3, 0x07E3, 0x07E3, 0x07E3, 0x07E3, 0x07E3, 0x07E3, 0x07E3,   // 0x05F0 (1520) pixels
0x07E3, 0x07E3, 0x07E3, 0x07E3, 0x07E3, 0x07E3, 0x07E3, 0x07E3, 0x07E3, 0x07E3, 0x07E3, 0x07E3, 0x07E3, 0x07E3, 0x07E3, 0x07E3,   // 0x0600 (1536) pixels
0x07E3, 0x07E3, 0x07E3, 0x07E3, 0x07E3, 0x07E3, 0x07E3, 0xFB0C, 0xFFFF, 0xFFFF, 0xF1C7, 0x07E3, 0x07E3, 0x07E3, 0x07E3, 0x07E3,   // 0x0610 (1552) pixels
0x07E3, 0x07E3, 0x07E3, 0x07E3, 0x07E3, 0x07E3, 0x07E3, 0xF1E7, 0xFFFF, 0xFFFF, 0xFB0C, 0x07E3, 0x07E3, 0x07E3, 0x07E3, 0x07E3,   // 0x0620 (1568) pixels
0x07E3, 0x07E3, 0x07E3, 0x07E3, 0x07E3, 0x07E3, 0x07E3, 0x07E3, 0x07E3, 0x07E3, 0x07E3, 0x07E3, 0x07E3, 0x07E3, 0x07E3, 0x07E3,   // 0x0630 (1584) pixels
0x07E3, 0x07E3, 0x07E3, 0x07E3, 0x07E3, 0x07E3, 0x07E3, 0x07E3, 0x07E3, 0x07E3, 0x07E3, 0x07E3, 0x07E3, 0x07E3, 0x07E3, 0x07E3,   // 0x0640 (1600) pixels
0x07E3, 0x07E3, 0x07E3, 0x07E3, 0x07E3, 0x07E3, 0xF1C7, 0xFFBE, 0xFFFF, 0xFC30, 0x07E3, 0x07E3, 0x07E3, 0x07E3, 0x07E3, 0x07E3,   // 0x0650 (1616) pixels
0x07E3, 0x07E3, 0x07E3, 0x07E3, 0x07E3, 0x07E3, 0x07E3, 0x07E3, 0xFC30, 0xFFFF, 0xFF9E, 0xF1A6, 0x07E3, 0x07E3, 0x07E3, 0x07E3,   // 0x0660 (1632) pixels
0x07E3, 0x07E3, 0x07E3, 0x07E3, 0x07E3, 0x07E3, 0x07E3, 0x07E3, 0x07E3, 0x07E3, 0x07E3, 0x07E3, 0x07E3, 0x07E3, 0x07E3, 0x07E3,   // 0x0670 (1648) pixels
0x07E3, 0x07E3, 0x07E3, 0x07E3, 0x07E3, 0x07E3, 0x07E3, 0x07E3, 0x07E3, 0x07E3, 0x07E3, 0x07E3, 0x07E3, 0x07E3, 0x07E3, 0x07E3,   // 0x0680 (1664) pixels
0x07E3, 0x07E3, 0x07E3, 0x07E3, 0x07E3, 0x07E3, 0xFD34, 0xFFFF, 0xFDB6, 0x07E3, 0x041F, 0xFDF7, 0xFE59, 0x07E3, 0x07E3, 0x07E3,   // 0x0690 (1680) pixels
0x07E3, 0x07E3, 0x07E3, 0x07E3, 0x07E3, 0xFE59, 0xFDF7, 0x041F, 0x07E3, 0xFDD7, 0xFFFF, 0xFD34, 0x07E3, 0x07E3, 0x07E3, 0x07E3,   // 0x06A0 (1696) pixels
0x07E3, 0x07E3, 0x07E3, 0x07E3, 0x07E3, 0x07E3, 0x07E3, 0x07E3, 0x07E3, 0x07E3, 0x07E3, 0x07E3, 0x07E3, 0x07E3, 0x07E3, 0x07E3,   // 0x06B0 (1712) pixels
0x07E3, 0x07E3, 0x07E3, 0x07E3, 0x07E3, 0x07E3, 0x07E3, 0x07E3, 0x07E3, 0x07E3, 0x07E3, 0x07E3, 0x07E3, 0x07E3, 0x07E3, 0x07E3,   // 0x06C0 (1728) pixels
0x07E3, 0x07E3, 0x07E3, 0x07E3, 0x07E3, 0xF1C7, 0xFFDF, 0xFFDF, 0xF1E7, 0x07E3, 0xFD14, 0xFFFF, 0xFF1C, 0x041F, 0x07E3, 0x07E3,   // 0x06D0 (1744) pixels
0x07E3, 0x07E3, 0x07E3, 0x07E3, 0x041F, 0xFF1C, 0xFFFF, 0xFD14, 0x07E3, 0xF1E7, 0xFFDF, 0xFFDF, 0xF1C7, 0x07E3, 0x07E3, 0x07E3,   // 0x06E0 (1760) pixels
0x07E3, 0x07E3, 0xFE79, 0xFE59, 0x07E3, 0x07E3, 0x07E3, 0x07E3, 0x07E3, 0xFE79, 0xFE59, 0x07E3, 0x07E3, 0xFE79, 0xFE79, 0x07E3,   // 0x06F0 (1776) pixels
0x07E3, 0xFE79, 0xFE59, 0x07E3, 0x07E3, 0xFE79, 0xFFFF, 0xFFFF, 0xFFFF, 0xFE59, 0x07E3, 0x07E3, 0x07E3, 0x07E3, 0x07E3, 0x07E3,   // 0x0700 (1792) pixels
0x07E3, 0x07E3, 0x07E3, 0x07E3, 0x07E3, 0xFBEF, 0xFFFF, 0xFD96, 0x07E3, 0xF228, 0xFFFF, 0xFFDF, 0xF249, 0x07E3, 0x07E3, 0x07E3,   // 0x0710 (1808) pixels
0x07E3, 0x07E3, 0x07E3, 0x07E3, 0x07E3, 0xF249, 0xFFDF, 0xFFFF, 0xF228, 0x07E3, 0xFDB6, 0xFFFF, 0xFBEF, 0x07E3, 0x07E3, 0x07E3,   // 0x0720 (1824) pixels
0x07E3, 0x07E3, 0xFFFF, 0xFFFF, 0x07E3, 0x07E3, 0x07E3, 0x07E3, 0x07E3, 0xFFFF, 0xFFFF, 0x07E3, 0x07E3, 0xFF5D, 0xFFFF, 0xF208,   // 0x0730 (1840) pixels
0xF208, 0xFFFF, 0xFF5D, 0x07E3, 0x07E3, 0xFFFF, 0xFFFF, 0xFFFF, 0xFFFF, 0xFE59, 0x07E3, 0x07E3, 0x07E3, 0x07E3, 0x07E3, 0x07E3,   // 0x0740 (1856) pixels
0x07E3, 0x07E3, 0x07E3, 0x07E3, 0x07E3, 0xFDF7, 0xFFFF, 0xFB6D, 0x07E3, 0xFCF3, 0xFFFF, 0xFCF3, 0x07E3, 0x07E3, 0x041F, 0xFCB2,   // 0x0750 (1872) pixels
0xFF5D, 0xFF5D, 0xFCB2, 0x041F, 0x07E3, 0x07E3, 0xFCF3, 0xFFFF, 0xFCF3, 0x07E3, 0xFB8E, 0xFFFF, 0xFDF7, 0x07E3, 0x07E3, 0x07E3,   // 0x0760 (1888) pixels
0x07E3, 0x07E3, 0xFFFF, 0xFFFF, 0x07E3, 0x07E3, 0x07E3, 0x07E3, 0x07E3, 0xFFFF, 0xFFFF, 0x07E3, 0x07E3, 0xFD96, 0xFFFF, 0xFBCF,   // 0x0770 (1904) pixels
0xFBCF, 0xFFFF, 0xFD96, 0x07E3, 0x07E3, 0xFFFF, 0xFFFF, 0x07E3, 0x07E3, 0x07E3, 0x07E3, 0x07E3, 0x07E3, 0x07E3, 0x07E3, 0x07E3,   // 0x0780 (1920) pixels
0x07E3, 0x07E3, 0x07E3, 0x07E3, 0x07E3, 0xFEFB, 0xFFFF, 0xF1E7, 0x07E3, 0xFEDB, 0xFFFF, 0xF269, 0x07E3, 0x07E3, 0xFCB2, 0xFFFF,   // 0x0790 (1936) pixels
0xFFFF, 0xFFFF, 0xFFFF, 0xFCB2, 0x07E3, 0x07E3, 0xF269, 0xFFFF, 0xFEDB, 0x07E3, 0xF208, 0xFFFF, 0xFEFB, 0x07E3, 0x07E3, 0x07E3,   // 0x07A0 (1952) pixels
0x07E3, 0x07E3, 0xFFFF, 0xFFFF, 0x07E3, 0x07E3, 0x07E3, 0x07E3, 0x07E3, 0xFFFF, 0xFFFF, 0x07E3, 0x07E3, 0xFBCF, 0xFFFF, 0xFD96,   // 0x07B0 (1968) pixels
0xFD96, 0xFFFF, 0xFBCF, 0x07E3, 0x07E3, 0xFFFF, 0xFFFF, 0x07E3, 0x07E3, 0x07E3, 0x07E3, 0x07E3, 0x07E3, 0x07E3, 0x07E3, 0x07E3,   // 0x07C0 (1984) pixels
0x07E3, 0x07E3, 0x07E3, 0x07E3, 0x07E3, 0xFFBE, 0xFFFF, 0xF145, 0x07E3, 0xFFBE, 0xFFFF, 0xF145, 0x07E3, 0x07E3, 0xFF5D, 0xFFFF,   // 0x07D0 (2000) pixels
0xFFFF, 0xFFFF, 0xFFFF, 0xFF5D, 0x07E3, 0x07E3, 0xF145, 0xFFFF, 0xFFBE, 0x07E3, 0xF145, 0xFFFF, 0xFFBE, 0x07E3, 0x07E3, 0x07E3,   // 0x07E0 (2016) pixels
0x07E3, 0x07E3, 0xFFFF, 0xFFFF, 0x07E3, 0x07E3, 0x07E3, 0x07E3, 0x07E3, 0xFFFF, 0xFFFF, 0x07E3, 0x07E3, 0xF208, 0xFFFF, 0xFF5D,   // 0x07F0 (2032) pixels
0xFF5D, 0xFFFF, 0xF208, 0x07E3, 0x07E3, 0xFFFF, 0xFFFF, 0xFFFF, 0xFFFF, 0xFE59, 0x07E3, 0x07E3, 0x07E3, 0x07E3, 0x07E3, 0x07E3,   // 0x0800 (2048) pixels
0x07E3, 0x07E3, 0x07E3, 0x07E3, 0x07E3, 0xFFBE, 0xFFFF, 0xF145, 0x07E3, 0xFFBE, 0xFFFF, 0xF145, 0x07E3, 0x07E3, 0xFF5D, 0xFFFF,   // 0x0810 (2064) pixels
0xFFFF, 0xFFFF, 0xFFFF, 0xFF3C, 0x07E3, 0x07E3, 0xF145, 0xFFFF, 0xFF9E, 0x07E3, 0xF145, 0xFFFF, 0xFF9E, 0x07E3, 0x07E3, 0x07E3,   // 0x0820 (2080) pixels
0x07E3, 0x07E3, 0xFFFF, 0xFFFF, 0x07E3, 0x07E3, 0x07E3, 0x07E3, 0x07E3, 0xFFFF, 0xFFFF, 0x07E3, 0x07E3, 0x07E3, 0xFF5D, 0xFFFF,   // 0x0830 (2096) pixels
0xFFFF, 0xFF5D, 0x07E3, 0x07E3, 0x07E3, 0xFFFF, 0xFFFF, 0xFFFF, 0xFFFF, 0xFE59, 0x07E3, 0x07E3, 0x07E3, 0x07E3, 0x07E3, 0x07E3,   // 0x0840 (2112) pixels
0x07E3, 0x07E3, 0x07E3, 0x07E3, 0x07E3, 0xFEFB, 0xFFFF, 0xF1E7, 0x07E3, 0xFEDB, 0xFFFF, 0xF269, 0x07E3, 0x07E3, 0xFCB2, 0xFFFF,   // 0x0850 (2128) pixels
0xFFFF, 0xFFFF, 0xFFFF, 0xFCB2, 0x07E3, 0x07E3, 0xF269, 0xFFFF, 0xFEDB, 0x07E3, 0xF208, 0xFFFF, 0xFEFB, 0x07E3, 0x07E3, 0x07E3,   // 0x0860 (2144) pixels
0x07E3, 0x07E3, 0xFFFF, 0xFFFF, 0x07E3, 0x07E3, 0x07E3, 0x07E3, 0x07E3, 0xFFFF, 0xFFFF, 0x07E3, 0x07E3, 0x07E3, 0xFD96, 0xFFFF,   // 0x0870 (2160) pixels
0xFFFF, 0xFD96, 0x07E3, 0x07E3, 0x07E3, 0xFFFF, 0xFFFF, 0x07E3, 0x07E3, 0x07E3, 0x07E3, 0x07E3, 0x07E3, 0x07E3, 0x07E3, 0x07E3,   // 0x0880 (2176) pixels
0x07E3, 0x07E3, 0x07E3, 0x07E3, 0x07E3, 0xFDF7, 0xFFFF, 0xFB6D, 0x07E3, 0xFCF3, 0xFFFF, 0xFCF3, 0x07E3, 0x07E3, 0x041F, 0xFCB2,   // 0x0890 (2192) pixels
0xFF5D, 0xFF5D, 0xFCB2, 0x041F, 0x07E3, 0x07E3, 0xFD14, 0xFFFF, 0xFCF3, 0x07E3, 0xFB8E, 0xFFFF, 0xFDF7, 0x07E3, 0x07E3, 0x07E3,   // 0x08A0 (2208) pixels
0x07E3, 0x07E3, 0xFFFF, 0xFFFF, 0x07E3, 0x07E3, 0x07E3, 0x07E3, 0x07E3, 0xFFFF, 0xFFFF, 0x07E3, 0x07E3, 0x07E3, 0xFBCF, 0xFFFF,   // 0x08B0 (2224) pixels
0xFFFF, 0xFBCF, 0x07E3, 0x07E3, 0x07E3, 0xFFFF, 0xFFFF, 0x07E3, 0x07E3, 0x07E3, 0x07E3, 0x07E3, 0x07E3, 0x07E3, 0x07E3, 0x07E3,   // 0x08C0 (2240) pixels
0x07E3, 0x07E3, 0x07E3, 0x07E3, 0x07E3, 0xFBEF, 0xFFFF, 0xFD96, 0x07E3, 0xF228, 0xFFFF, 0xFFDF, 0xF249, 0x07E3, 0x07E3, 0x07E3,   // 0x08D0 (2256) pixels
0x07E3, 0x07E3, 0x07E3, 0x07E3, 0x07E3, 0xF249, 0xFFDF, 0xFFFF, 0xF208, 0x07E3, 0xFDB6, 0xFFFF, 0xFBEF, 0x07E3, 0x07E3, 0x07E3,   // 0x08E0 (2272) pixels
0x07E3, 0x07E3, 0xFFFF, 0xFFFF, 0xFFFF, 0xFFFF, 0xFE59, 0x07E3, 0x07E3, 0xFFFF, 0xFFFF, 0x07E3, 0x07E3, 0x07E3, 0xF208, 0xFFFF,   // 0x08F0 (2288) pixels
0xFFFF, 0xF208, 0x07E3, 0x07E3, 0x07E3, 0xFFFF, 0xFFFF, 0xFFFF, 0xFFFF, 0xFE59, 0x07E3, 0x07E3, 0x07E3, 0x07E3, 0x07E3, 0x07E3,   // 0x0900 (2304) pixels
0x07E3, 0x07E3, 0x07E3, 0x07E3, 0x07E3, 0xF1C7, 0xFFDF, 0xFFDF, 0xF1E7, 0x07E3, 0xFD14, 0xFFFF, 0xFF1C, 0x041F, 0x07E3, 0x07E3,   // 0x0910 (2320) pixels
0x07E3, 0x07E3, 0x07E3, 0x07E3, 0x041F, 0xFF1C, 0xFFFF, 0xFCF3, 0x07E3, 0xF1E7, 0xFFDF, 0xFFDF, 0xF1C7, 0x07E3, 0x07E3, 0x07E3,   // 0x0920 (2336) pixels
0x07E3, 0x07E3, 0xFE59, 0xFFFF, 0xFFFF, 0xFFFF, 0xFE59, 0x07E3, 0x07E3, 0xFE59, 0xFE59, 0x07E3, 0x07E3, 0x07E3, 0x07E3, 0xFE38,   // 0x0930 (2352) pixels
0xFE38, 0x07E3, 0x07E3, 0x07E3, 0x07E3, 0xFE59, 0xFFFF, 0xFFFF, 0xFFFF, 0xFE59, 0x07E3, 0x07E3, 0x07E3, 0x07E3, 0x07E3, 0x07E3,   // 0x0940 (2368) pixels
0x07E3, 0x07E3, 0x07E3, 0x07E3, 0x07E3, 0x07E3, 0xFD34, 0xFFFF, 0xFDD7, 0x07E3, 0x041F, 0xFDF7, 0xFE38, 0x07E3, 0x07E3, 0x07E3,   // 0x0950 (2384) pixels
0x07E3, 0x07E3, 0x07E3, 0x07E3, 0x07E3, 0xFE59, 0xFDF7, 0x041F, 0x07E3, 0xFDD7, 0xFFFF, 0xFD14, 0x07E3, 0x07E3, 0x07E3, 0x07E3,   // 0x0960 (2400) pixels
0x07E3, 0x07E3, 0x07E3, 0x07E3, 0x07E3, 0x07E3, 0x07E3, 0x07E3, 0x07E3, 0x07E3, 0x07E3, 0x07E3, 0x07E3, 0x07E3, 0x07E3, 0x07E3,   // 0x0970 (2416) pixels
0x07E3, 0x07E3, 0x07E3, 0x07E3, 0x07E3, 0x07E3, 0x07E3, 0x07E3, 0x07E3, 0x07E3, 0x07E3, 0x07E3, 0x07E3, 0x07E3, 0x07E3, 0x07E3,   // 0x0980 (2432) pixels
0x07E3, 0x07E3, 0x07E3, 0x07E3, 0x07E3, 0x07E3, 0xF1A6, 0xFF9E, 0xFFFF, 0xFC30, 0x07E3, 0x07E3, 0x07E3, 0x07E3, 0x07E3, 0x07E3,   // 0x0990 (2448) pixels
0x07E3, 0x07E3, 0x07E3, 0x07E3, 0x07E3, 0x07E3, 0x07E3, 0x07E3, 0xFC30, 0xFFFF, 0xFF9E, 0xF1A6, 0x07E3, 0x07E3, 0x07E3, 0x07E3,   // 0x09A0 (2464) pixels
0x07E3, 0x07E3, 0x07E3, 0x07E3, 0x07E3, 0x07E3, 0x07E3, 0x07E3, 0x07E3, 0x07E3, 0x07E3, 0x07E3, 0x07E3, 0x07E3, 0x07E3, 0x07E3,   // 0x09B0 (2480) pixels
0x07E3, 0x07E3, 0x07E3, 0x07E3, 0x07E3, 0x07E3, 0x07E3, 0x07E3, 0x07E3, 0x07E3, 0x07E3, 0x07E3, 0x07E3, 0x07E3, 0x07E3, 0x07E3,   // 0x09C0 (2496) pixels
0x07E3, 0x07E3, 0x07E3, 0x07E3, 0x07E3, 0x07E3, 0x07E3, 0xFB0C, 0xFFFF, 0xFFFF, 0xF1C7, 0x07E3, 0x07E3, 0x07E3, 0x07E3, 0x07E3,   // 0x09D0 (2512) pixels
0x07E3, 0x07E3, 0x07E3, 0x07E3, 0x07E3, 0x07E3, 0x07E3, 0xF1E7, 0xFFFF, 0xFFFF, 0xFB0C, 0x07E3, 0x07E3, 0x07E3, 0x07E3, 0x07E3,   // 0x09E0 (2528) pixels
0x07E3, 0x07E3, 0x07E3, 0x07E3, 0x07E3, 0x07E3, 0x07E3, 0x07E3, 0x07E3, 0x07E3, 0x07E3, 0x07E3, 0x07E3, 0x07E3, 0x07E3, 0x07E3,   // 0x09F0 (2544) pixels
0x07E3, 0x07E3, 0x07E3, 0x07E3, 0x07E3, 0x07E3, 0x07E3, 0x07E3, 0x07E3, 0x07E3, 0x07E3, 0x07E3, 0x07E3, 0x07E3, 0x07E3, 0x07E3,   // 0x0A00 (2560) pixels
0x07E3, 0x07E3, 0x07E3, 0x07E3, 0x07E3, 0x07E3, 0x07E3, 0x07E3, 0xFBCF, 0xFDB6, 0xF124, 0x07E3, 0x07E3, 0x07E3, 0x07E3, 0x07E3,   // 0x0A10 (2576) pixels
0x07E3, 0x07E3, 0x07E3, 0x07E3, 0x07E3, 0x07E3, 0x07E3, 0xF145, 0xFDB6, 0xFBCF, 0x07E3, 0x07E3, 0x07E3, 0x07E3, 0x07E3, 0x07E3,   // 0x0A20 (2592) pixels
0x07E3, 0x07E3, 0x07E3, 0x07E3, 0x07E3, 0x07E3, 0x07E3, 0x07E3, 0x07E3, 0x07E3, 0x07E3, 0x07E3, 0x07E3, 0x07E3, 0x07E3, 0x07E3,   // 0x0A30 (2608) pixels
0x07E3, 0x07E3, 0x07E3, 0x07E3, 0x07E3, 0x07E3, 0x07E3, 0x07E3, 0x07E3, 0x07E3, 0x07E3, 0x07E3, 0x07E3, 0x07E3, 0x07E3, 0x07E3,   // 0x0A40 (2624) pixels
0x07E3, 0x07E3, 0x07E3, 0x07E3, 0x07E3, 0x07E3, 0x07E3, 0x07E3, 0x07E3, 0x07E3, 0x07E3, 0x07E3, 0x07E3, 0x07E3, 0x07E3, 0x07E3,   // 0x0A50 (2640) pixels
0x07E3, 0x07E3, 0x07E3, 0x07E3, 0x07E3, 0x07E3, 0x07E3, 0x07E3, 0x07E3, 0x07E3, 0x07E3, 0x07E3, 0x07E3, 0x07E3, 0x07E3, 0x07E3,   // 0x0A60 (2656) pixels
0x07E3, 0x07E3, 0x07E3, 0x07E3, 0x07E3, 0x07E3, 0x07E3, 0x07E3, 0x07E3, 0x07E3, 0x07E3, 0x07E3, 0x07E3, 0x07E3, 0x07E3, 0x07E3,   // 0x0A70 (2672) pixels
0x07E3, 0x07E3, 0x07E3, 0x07E3, 0x07E3, 0x07E3, 0x07E3, 0x07E3, 0x07E3, 0x07E3, 0x07E3, 0x07E3, 0x07E3, 0x07E3, 0x07E3, 0x07E3,   // 0x0A80 (2688) pixels
0x07E3, 0x07E3, 0x07E3, 0x07E3, 0x07E3, 0x07E3, 0x07E3, 0x07E3, 0x07E3, 0x07E3, 0x07E3, 0x07E3, 0x07E3, 0x07E3, 0x07E3, 0x07E3,   // 0x0A90 (2704) pixels
0x07E3, 0x07E3, 0x07E3, 0x07E3, 0x07E3, 0x07E3, 0x07E3, 0x07E3, 0x07E3, 0x07E3, 0x07E3, 0x07E3, 0x07E3, 0x07E3, 0x07E3, 0x07E3,   // 0x0AA0 (2720) pixels
0x07E3, 0x07E3, 0x07E3, 0x07E3, 0x07E3, 0x07E3, 0x07E3, 0x07E3, 0x07E3, 0x07E3, 0x07E3, 0x07E3, 0x07E3, 0x07E3, 0x07E3, 0x07E3,   // 0x0AB0 (2736) pixels
0x07E3, 0x07E3, 0x07E3, 0x07E3, 0x07E3, 0x07E3, 0x07E3, 0x07E3, 0x07E3, 0x07E3, 0x07E3, 0x07E3, 0x07E3, 0x07E3, 0x07E3, 0x07E3,   // 0x0AC0 (2752) pixels
0x07E3, 0x07E3, 0x07E3, 0x07E3, 0x07E3, 0x07E3, 0x07E3, 0x07E3, 0x07E3, 0x07E3, 0x07E3, 0x07E3, 0x07E3, 0x07E3, 0x07E3, 0x07E3,   // 0x0AD0 (2768) pixels
0x07E3, 0x07E3, 0x07E3, 0x07E3, 0x07E3, 0x07E3, 0x07E3, 0x07E3, 0x07E3, 0x07E3, 0x07E3, 0x07E3, 0x07E3, 0x07E3, 0x07E3, 0x07E3,   // 0x0AE0 (2784) pixels
0x07E3, 0x07E3, 0x07E3, 0x07E3, 0x07E3, 0x07E3, 0x07E3, 0x07E3, 0x07E3, 0x07E3, 0x07E3, 0x07E3, 0x07E3, 0x07E3, 0x07E3, 0x07E3,   // 0x0AF0 (2800) pixels
0x07E3, 0x07E3, 0x07E3, 0x07E3, 0x07E3, 0x07E3, 0x07E3, 0x07E3, 0x07E3, 0x07E3, 0x07E3, 0x07E3, 0x07E3, 0x07E3, 0x07E3, 0x07E3,   // 0x0B00 (2816) pixels
0x041F, 0x07E3, 0x07E3, 0x07E3, 0x07E3, 0x07E3, 0x07E3, 0x07E3, 0x07E3, 0x07E3, 0x07E3, 0x07E3, 0x07E3, 0x07E3, 0x07E3, 0x07E3,   // 0x0B10 (2832) pixels
0x07E3, 0x07E3, 0x07E3, 0x07E3, 0x07E3, 0x07E3, 0x07E3, 0x07E3, 0x07E3, 0x07E3, 0x07E3, 0x07E3, 0x07E3, 0x07E3, 0x07E3, 0x07E3,   // 0x0B20 (2848) pixels
0x07E3, 0x07E3, 0x07E3, 0x07E3, 0x07E3, 0x07E3, 0x07E3, 0x07E3, 0x07E3, 0x07E3, 0x07E3, 0x07E3, 0x07E3, 0x07E3, 0x07E3, 0x07E3,   // 0x0B30 (2864) pixels
0x07E3, 0x07E3, 0x07E3, 0x07E3, 0x07E3, 0x07E3, 0x07E3, 0x07E3, 0x07E3, 0x07E3, 0x07E3, 0x07E3, 0x07E3, 0x07E3, 0x07E3, 0xF0C3,   // 0x0B40 (2880) pixels
0x0000, 0x07E3, 0x07E3, 0x07E3, 0x07E3, 0x07E3, 0x07E3, 0x07E3, 0x07E3, 0x07E3, 0x07E3, 0x07E3, 0x07E3, 0x07E3, 0x07E3, 0x07E3,   // 0x0B50 (2896) pixels
0x07E3, 0x07E3, 0x07E3, 0x07E3, 0x07E3, 0x07E3, 0x07E3, 0x07E3, 0x07E3, 0x07E3, 0x07E3, 0x07E3, 0x07E3, 0x07E3, 0x07E3, 0x07E3,   // 0x0B60 (2912) pixels
0x07E3, 0x07E3, 0x07E3, 0x07E3, 0x07E3, 0x07E3, 0x07E3, 0x07E3, 0x07E3, 0x07E3, 0x07E3, 0x07E3, 0x07E3, 0x07E3, 0x07E3, 0x07E3,   // 0x0B70 (2928) pixels
0x07E3, 0x07E3, 0x07E3, 0x07E3, 0x07E3, 0x07E3, 0x07E3, 0x07E3, 0x07E3, 0x07E3, 0x07E3, 0x07E3, 0x07E3, 0x07E3, 0x07E3, 0x0000,   // 0x0B80 (2944) pixels
0x0000, 0x0000, 0x07E3, 0x07E3, 0x07E3, 0x07E3, 0x07E3, 0x07E3, 0x07E3, 0x07E3, 0x07E3, 0x07E3, 0x07E3, 0x07E3, 0x07E3, 0x07E3,   // 0x0B90 (2960) pixels
0x07E3, 0x07E3, 0x07E3, 0x07E3, 0x07E3, 0x07E3, 0x07E3, 0x07E3, 0x07E3, 0x07E3, 0x07E3, 0x07E3, 0x07E3, 0x07E3, 0x07E3, 0x07E3,   // 0x0BA0 (2976) pixels
0x07E3, 0x07E3, 0x07E3, 0x07E3, 0x07E3, 0x07E3, 0x07E3, 0x07E3, 0x07E3, 0x07E3, 0x07E3, 0x07E3, 0x07E3, 0x07E3, 0x07E3, 0x07E3,   // 0x0BB0 (2992) pixels
0x07E3, 0x07E3, 0x07E3, 0x07E3, 0x07E3, 0x07E3, 0x07E3, 0x07E3, 0x07E3, 0x07E3, 0x07E3, 0x07E3, 0x07E3, 0x07E3, 0x0000, 0x0000,   // 0x0BC0 (3008) pixels
0x0000, 0x0000, 0x0000, 0xF0C3, 0x07E3, 0x07E3, 0x07E3, 0x07E3, 0x07E3, 0x07E3, 0x07E3, 0x07E3, 0x07E3, 0x07E3, 0x07E3, 0x07E3,   // 0x0BD0 (3024) pixels
0x07E3, 0x07E3, 0x07E3, 0x07E3, 0x07E3, 0x07E3, 0x07E3, 0x07E3, 0x07E3, 0x07E3, 0x07E3, 0x07E3, 0x07E3, 0x07E3, 0x07E3, 0x07E3,   // 0x0BE0 (3040) pixels
0x07E3, 0x07E3, 0x07E3, 0x07E3, 0x07E3, 0x07E3, 0x07E3, 0x07E3, 0x07E3, 0x07E3, 0x07E3, 0x07E3, 0x07E3, 0x07E3, 0x07E3, 0x07E3,   // 0x0BF0 (3056) pixels
0x07E3, 0x07E3, 0x07E3, 0x07E3, 0x07E3, 0x07E3, 0x07E3, 0x07E3, 0x07E3, 0x07E3, 0x07E3, 0x07E3, 0xF0C3, 0x0000, 0x0000, 0x0000,   // 0x0C00 (3072) pixels
0x0000, 0x0000, 0x0000, 0x0000, 0x0000, 0x0000, 0x0000, 0x0000, 0x0000, 0x0000, 0x0000, 0x0000, 0x0000, 0x0000, 0x0000, 0x0000,   // 0x0C10 (3088) pixels
0x0000, 0x0000, 0x0000, 0x0000, 0x0000, 0x0000, 0x0000, 0x0000, 0x0000, 0x0000, 0x0000, 0x0000, 0x0000, 0x0000, 0x0000, 0x0000,   // 0x0C20 (3104) pixels
0x0000, 0x0000, 0x0000, 0x0000, 0x0000, 0x0000, 0x0000, 0x0000, 0x0000, 0x0000, 0x0000, 0x0000, 0x0000, 0x0000, 0x0000, 0x0000,   // 0x0C30 (3120) pixels
0x0000, 0x0000, 0x0000, 0x0000, 0x0000, 0x0000, 0x0000, 0x0000, 0x0000, 0x0000, 0x0000, 0x0000, 0x0000, 0x0000, 0x0000, 0x0000,   // 0x0C40 (3136) pixels
0x0000, 0x0000, 0x0000, 0x0000, 0x0000, 0x0000, 0x0000, 0x0000, 0x0000, 0x0000, 0x0000, 0x0000, 0x0000, 0x0000, 0x0000, 0x0000,   // 0x0C50 (3152) pixels
0x0000, 0x0000, 0x0000, 0x0000, 0x0000, 0x0000, 0x0000, 0x0000, 0x0000, 0x0000, 0x0000, 0x0000, 0x0000, 0x0000, 0x0000, 0x0000,   // 0x0C60 (3168) pixels
0x0000, 0x0000, 0x0000, 0x0000, 0x0000, 0x0000, 0x0000, 0x0000, 0x0000, 0x0000, 0x0000, 0x0000, 0x0000, 0x0000, 0x0000, 0x0000,   // 0x0C70 (3184) pixels
0x0000, 0x0000, 0x0000, 0x0000, 0x0000, 0x0000, 0x0000, 0x0000, 0x0000, 0x0000, 0x0000, 0x0000, 0x0000, 0x0000, 0x0000, 0x0000,   // 0x0C80 (3200) pixels
0x0000, 0x0000, 0x0000, 0x0000, 0x0000, 0x0000, 0x0000, 0x0000, 0x0000, 0x0000, 0x0000, 0x0000, 0x0000, 0x0000, 0x0000, 0x0000,   // 0x0C90 (3216) pixels
0x0000, 0x0000, 0x0000, 0x0000, 0x0000, 0x0000, 0x0000, 0x0000, 0x0000, 0x0000, 0x0000, 0x0000, 0x0000, 0x0000, 0x0000, 0x0000,   // 0x0CA0 (3232) pixels
0x0000, 0x0000, 0x0000, 0x0000, 0x0000, 0x0000, 0x0000, 0x0000, 0x0000, 0x0000, 0x0000, 0x0000, 0x0000, 0x0000, 0x0000, 0x0000,   // 0x0CB0 (3248) pixels
0x0000, 0x0000, 0x0000, 0x0000, 0x0000, 0x0000, 0x0000, 0x0000, 0x0000, 0x0000, 0x0000, 0x0000, 0x0000, 0x0000, 0x0000, 0x0000,   // 0x0CC0 (3264) pixels
0x0000, 0x0000, 0x0000, 0x0000, 0x0000, 0x0000, 0x0000, 0x0000, 0x0000, 0x0000, 0x0000, 0x0000, 0x0000, 0x0000, 0x0000, 0x0000,   // 0x0CD0 (3280) pixels
0x0000, 0x0000, 0x0000, 0x0000, 0x0000, 0x0000, 0x0000, 0x0000, 0x0000, 0x0000, 0x0000, 0x0000, 0x0000, 0x0000, 0x0000, 0x0000,   // 0x0CE0 (3296) pixels
0x0000, 0x0000, 0x0000, 0x0000, 0x0000, 0x0000, 0x0000, 0x0000, 0x0000, 0x0000, 0x0000, 0x0000, 0x0000, 0x0000, 0x0000, 0x0000,   // 0x0CF0 (3312) pixels
0x0000, 0x0000, 0x0000, 0x0000, 0x0000, 0x0000, 0x0000, 0x0000, 0x0000, 0x0000, 0x0000, 0x0000, 0x0000, 0x0000, 0x0000, 0x0000,   // 0x0D00 (3328) pixels
0x0000, 0x0000, 0x0000, 0x0000, 0x0000, 0x0000, 0x0000, 0x0000, 0x0000, 0x0000, 0x0000, 0x0000, 0x0000, 0x0000, 0x0000, 0x0000,   // 0x0D10 (3344) pixels
0x0000, 0x0000, 0x0000, 0x0000, 0x0000, 0x0000, 0x0000, 0x0000, 0x0000, 0x0000, 0x0000, 0x0000, 0x0000, 0x0000, 0x0000, 0x0000,   // 0x0D20 (3360) pixels
0x0000, 0x0000, 0x0000, 0x0000, 0x0000, 0x0000, 0x0000, 0x0000, 0x0000, 0x0000, 0x0000, 0x0000, 0x0000, 0x0000, 0x0000, 0x0000,   // 0x0D30 (3376) pixels
0x0000, 0x0000, 0x0000, 0x0000, 0x0000, 0x0000, 0x0000, 0x0000, 0x0000, 0x0000, 0x0000, 0x0000, 0x0000, 0x0000, 0x0000, 0x0000,   // 0x0D40 (3392) pixels
0x0000, 0x0000, 0x0000, 0x0000, 0x0000, 0x0000, 0x0000, 0x0000, 0x0000, 0x0000, 0x0000, 0x0000, 0x0000, 0x0000, 0x0000, 0x0000,   // 0x0D50 (3408) pixels
0x0000, 0x0000, 0x0000, 0x0000, 0x0000, 0x0000, 0x0000, 0x0000, 0x0000, 0x0000, 0x0000, 0x0000, 0x0000, 0x0000, 0x0000, 0x0000,   // 0x0D60 (3424) pixels
0x0000, 0x0000, 0x0000, 0x0000, 0x0000, 0x0000, 0x0000, 0x0000, 0x0000, 0x0000, 0x0000, 0x0000, 0x0000, 0x0000, 0x0000, 0x0000,   // 0x0D70 (3440) pixels
0x0000, 0x0000, 0x0000, 0x0000, 0x0000, 0x0000, 0x0000, 0x0000, 0x0000, 0x0000, 0x0000, 0x0000, 0x0000, 0x0000, 0x0000, 0x0000,   // 0x0D80 (3456) pixels
0x0000, 0x0000, 0x0000, 0x0000, 0x0000, 0x0000, 0x0000, 0x0000, 0x0000, 0x0000, 0x0000, 0x0000, 0x0000, 0x0000, 0x0000, 0x0000,   // 0x0D90 (3472) pixels
0x0000, 0x0000, 0x0000, 0x0000, 0x0000, 0x0000, 0x0000, 0x0000, 0x0000, 0x0000, 0x0000, 0x0000, 0x0000, 0x0000, 0x0000, 0x0000,   // 0x0DA0 (3488) pixels
0x0000, 0x0000, 0x0000, 0x0000, 0x0000, 0x0000, 0x0000, 0x0000, 0x0000, 0x0000, 0x0000, 0x0000, 0x0000, 0x0000, 0x0000, 0x0000,   // 0x0DB0 (3504) pixels
0x0000, 0x0000, 0x0000, 0x0000, 0x0000, 0x0000, 0x0000, 0x0000, 0x0000, 0x0000, 0x0000, 0x0000, 0x0000, 0x0000, 0x0000, 0x0000,   // 0x0DC0 (3520) pixels
0x0000, 0x0000, 0x0000, 0x0000, 0x0000, 0x0000, 0x0000, 0x0000, 0x0000, 0x0000, 0x0000, 0x0000, 0x0000, 0x0000, 0x0000, 0x0000,   // 0x0DD0 (3536) pixels
0x0000, 0x0000, 0x0000, 0x0000, 0x0000, 0x0000, 0x0000, 0x0000, 0x0000, 0x0000, 0x0000, 0x0000, 0x0000, 0x0000, 0x0000, 0x0000,   // 0x0DE0 (3552) pixels
0x0000, 0x0000, 0x0000, 0x0000, 0x0000, 0x0000, 0x0000, 0x0000, 0x0000, 0x0000, 0x0000, 0x0000, 0x0000, 0x0000, 0x0000, 0x0000,   // 0x0DF0 (3568) pixels
0x0000, 0x0000, 0x0000, 0x0000, 0x0000, 0x0000, 0x0000, 0x0000, 0x0000, 0x0000, 0x0000, 0x0000, 0x0000, 0x0000, 0x0000, 0x0000,   // 0x0E00 (3584) pixels
0x0000, 0x0000, 0x0000, 0x0000, 0x0000, 0x0000, 0x0000, 0x0000, 0x0000, 0x0000, 0x0000, 0x0000, 0x0000, 0x0000, 0x0000, 0x0000,   // 0x0E10 (3600) pixels
0x0000, 0x0000, 0x0000, 0x0000, 0x0000, 0x0000, 0x0000, 0x0000, 0x0000, 0x0000, 0x0000, 0x0000, 0x0000, 0x0000, 0x0000, 0x0000,   // 0x0E20 (3616) pixels
0x0000, 0x0000, 0x0000, 0x0000, 0x0000, 0x0000, 0x0000, 0x0000, 0x0000, 0x0000, 0x0000, 0x0000, 0x0000, 0x0000, 0x0000, 0x0000,   // 0x0E30 (3632) pixels
0x0000, 0x0000, 0x0000, 0x0000, 0x0000, 0x0000, 0x0000, 0x0000, 0x0000, 0x0000, 0x0000, 0x0000, 0x0000, 0x0000, 0x0000, 0x0000,   // 0x0E40 (3648) pixels
0x0000, 0x0000, 0x0000, 0x0000, 0x0000, 0x0000, 0x0000, 0x0000, 0x0000, 0x0000, 0x0000, 0x0000, 0x0000, 0x0000, 0x0000, 0x0000,   // 0x0E50 (3664) pixels
0x0000, 0x0000, 0x0000, 0x0000, 0x0000, 0x0000, 0x0000, 0x0000, 0x0000, 0x0000, 0x0000, 0x0000, 0x0000, 0x0000, 0x0000, 0x0000,   // 0x0E60 (3680) pixels
0x0000, 0x0000, 0x0000, 0x0000, 0x0000, 0x0000, 0x0000, 0x0000, 0x0000, 0x0000, 0x0000, 0x0000, 0x0000, 0x0000, 0x0000, 0x0000,   // 0x0E70 (3696) pixels
0x0000, 0x0000, 0x0000, 0x0000, 0x0000, 0x0000, 0x0000, 0x0000, 0x0000, 0x0000, 0x0000, 0x0000, 0x0000, 0x0000, 0x0000, 0x0000,   // 0x0E80 (3712) pixels
0x0000, 0x0000, 0x0000, 0x0000, 0x0000, 0x0000, 0x0000, 0x0000, 0x0000, 0x0000, 0x0000, 0x0000, 0x0000, 0x0000, 0x0000, 0x0000,   // 0x0E90 (3728) pixels
0x0000, 0x0000, 0x0000, 0x0000, 0x0000, 0x0000, 0x0000, 0x0000, 0x0000, 0x0000, 0x0000, 0x0000, 0x0000, 0x0000, 0x0000, 0x0000,   // 0x0EA0 (3744) pixels
0x0000, 0x0000, 0x0000, 0x0000, 0x0000, 0x0000, 0x0000, 0x0000, 0x0000, 0x0000, 0x0000, 0x0000, 0x0000, 0x0000, 0x0000, 0x0000,   // 0x0EB0 (3760) pixels
0x0000, 0x0000, 0x0000, 0x0000, 0x0000, 0x0000, 0x0000, 0x0000, 0x0000, 0x0000, 0x0000, 0x0000, 0x0000, 0x0000, 0x0000, 0x0000,   // 0x0EC0 (3776) pixels
0x0000, 0x0000, 0x0000, 0x0000, 0x0000, 0x0000, 0x0000, 0x0000, 0x0000, 0x0000, 0x0000, 0x0000, 0x0000, 0x0000, 0x0000, 0x0000,   // 0x0ED0 (3792) pixels
0x0000, 0x0000, 0x0000, 0x0000, 0x0000, 0x0000, 0x0000, 0x0000, 0x0000, 0x0000, 0x0000, 0x0000, 0x0000, 0x0000, 0x0000, 0x0000,   // 0x0EE0 (3808) pixels
0x0000, 0x0000, 0x0000, 0x0000, 0x0000, 0x0000, 0x0000, 0x0000, 0x0000, 0x0000, 0x0000, 0x0000, 0x0000, 0x0000, 0x0000, 0x0000,   // 0x0EF0 (3824) pixels
0x0000, 0x0000, 0x0000, 0x0000, 0x0000, 0x0000, 0x0000, 0x0000, 0x0000, 0x0000, 0x0000, 0x0000, 0x0000, 0x0000, 0x0000, 0x0000,   // 0x0F00 (3840) pixels
0x0000, 0x0000, 0x0000, 0x0000, 0x0000, 0x0000, 0x0000, 0x0000, 0x0000, 0x0000, 0x0000, 0x0000, 0x0000, 0x0000, 0x0000, 0x0000,   // 0x0F10 (3856) pixels
0x0000, 0x0000, 0x0000, 0x0000, 0x0000, 0x0000, 0x0000, 0x0000, 0x0000, 0x0000, 0x0000, 0x0000, 0x0000, 0x0000, 0x0000, 0x0000,   // 0x0F20 (3872) pixels
0x0000, 0x0000, 0x0000, 0x0000, 0x0000, 0x0000, 0x0000, 0x0000, 0x0000, 0x0000, 0x0000, 0x0000, 0x0000, 0x0000, 0x0000, 0x0000,   // 0x0F30 (3888) pixels
0x0000, 0x0000, 0x0000, 0x0000, 0x0000, 0x0000, 0x0000, 0x0000, 0x0000, 0x0000, 0x0000, 0x0000, 0x0000, 0x0000, 0x0000, 0x0000,   // 0x0F40 (3904) pixels
0x0000, 0x0000, 0x0000, 0x0000, 0x0000, 0x0000, 0x0000, 0x0000, 0x0000, 0x0000, 0x0000, 0x0000, 0x0000, 0x0000, 0x0000, 0x0000,   // 0x0F50 (3920) pixels
0x0000, 0x0000, 0x0000, 0x0000, 0x0000, 0x0000, 0x0000, 0x0000, 0x0000, 0x0000, 0x0000, 0x0000, 0x0000, 0x0000, 0x0000, 0x0000,   // 0x0F60 (3936) pixels
0x0000, 0x0000, 0x0000, 0x0000, 0x0000, 0x0000, 0x0000, 0x0000, 0x0000, 0x0000, 0x0000, 0x0000, 0x0000, 0x0000, 0x0000, 0x0000,   // 0x0F70 (3952) pixels
0x0000, 0x0000, 0x0000, 0x0000, 0x0000, 0x0000, 0x0000, 0x0000, 0x0000, 0x0000, 0x0000, 0x0000, 0x0000, 0x0000, 0x0000, 0x0000,   // 0x0F80 (3968) pixels
0x0000, 0x0000, 0x0000, 0x0000, 0x0000, 0x0000, 0x0000, 0x0000, 0x0000, 0x0000, 0x0000, 0x0000, 0x0000, 0x0000, 0x0000, 0x0000,   // 0x0F90 (3984) pixels
0x0000, 0x0000, 0x0000, 0x0000, 0x0000, 0x0000, 0x0000, 0x0000, 0x0000, 0x0000, 0x0000, 0x0000, 0x0000, 0x0000, 0x0000, 0x0000,   // 0x0FA0 (4000) pixels
0x0000, 0x0000, 0x0000, 0x0000, 0x0000, 0x0000, 0x0000, 0x0000, 0x0000, 0x0000, 0x0000, 0x0000, 0x0000, 0x0000, 0x0000, 0x0000,   // 0x0FB0 (4016) pixels
0x0000, 0x0000, 0x0000, 0x0000, 0x0000, 0x0000, 0x0000, 0x0000, 0x0000, 0x0000, 0x0000, 0x0000, 0x0000, 0x0000, 0x0000, 0x0000,   // 0x0FC0 (4032) pixels
0x0000, 0x0000, 0x0000, 0x0000, 0x0000, 0x0000, 0x0000, 0x0000, 0x0000, 0x0000, 0x0000, 0x0000, 0x0000, 0x0000, 0x0000, 0x0000,   // 0x0FD0 (4048) pixels
0x0000, 0x0000, 0x0000, 0x0000, 0x0000, 0x0000, 0x0000, 0x0000, 0x0000, 0x0000, 0x0000, 0x0000, 0x0000, 0x0000, 0x0000, 0x0000,   // 0x0FE0 (4064) pixels
0x0000, 0x0000, 0x0000, 0x0000, 0x0000, 0x0000, 0x0000, 0x0000, 0x0000, 0x0000, 0x0000, 0x0000, 0x0000, 0x0000, 0x0000, 0x0000,   // 0x0FF0 (4080) pixels
0x0000, 0x0000, 0x0000, 0x0000, 0x0000, 0x0000, 0x0000, 0x0000, 0x0000, 0x0000, 0x0000, 0x0000, 0x0000, 0x0000, 0x0000, 0x0000,   // 0x1000 (4096) pixels
};

const uint16_t short_app[4096] PROGMEM={
0xFFFF, 0xFFFF, 0xFFFF, 0xFFFF, 0xFFFF, 0xFFFF, 0xFFFF, 0xFFFF, 0xFFFF, 0xFFFF, 0xFFFF, 0xFFFF, 0xFFFF, 0xFFFF, 0xFFFF, 0xFFFF,   // 0x0010 (16) pixels
0xFFFF, 0xFFFF, 0xFFFF, 0xFFFF, 0xFFFF, 0xFFFF, 0xFFFF, 0xFFFF, 0xFFFF, 0xFFFF, 0xFFFF, 0xFFFF, 0xFFFF, 0xFFFF, 0xFFFF, 0xFFFF,   // 0x0020 (32) pixels
0xFFFF, 0xFFFF, 0xFFFF, 0xFFFF, 0xFFFF, 0xFFFF, 0xFFFF, 0xFFFF, 0xFFFF, 0xFFFF, 0xFFFF, 0xFFFF, 0xFFFF, 0xFFFF, 0xFFFF, 0xFFFF,   // 0x0030 (48) pixels
0xFFFF, 0xFFFF, 0xFFFF, 0xFFFF, 0xFFFF, 0xFFFF, 0xFFFF, 0xFFFF, 0xFFFF, 0xFFFF, 0xFFFF, 0xFFFF, 0xFFFF, 0xFFFF, 0xFFFF, 0xFFFF,   // 0x0040 (64) pixels
0xFFFF, 0xFFFF, 0xFFFF, 0xFFFF, 0xFFFF, 0xFFFF, 0xFFFF, 0xFFFF, 0xFFFF, 0xFFFF, 0xFFFF, 0xFFFF, 0xFFFF, 0xFFFF, 0xFFFF, 0xFFFF,   // 0x0050 (80) pixels
0xFFFF, 0xFFFF, 0xFFFF, 0xFFFF, 0xFFFF, 0xFFFF, 0xFFFF, 0xFFFF, 0xFFFF, 0xFFFF, 0xFFFF, 0xFFFF, 0xFFFF, 0xFFFF, 0xFFFF, 0xFFFF,   // 0x0060 (96) pixels
0xFFFF, 0xFFFF, 0xFFFF, 0xFFFF, 0xFFFF, 0xFFFF, 0xFFFF, 0xFFFF, 0xFFFF, 0xFFFF, 0xFFFF, 0xFFFF, 0xFFFF, 0xFFFF, 0xFFFF, 0xFFFF,   // 0x0070 (112) pixels
0xFFFF, 0xFFFF, 0xFFFF, 0xFFFF, 0xFFFF, 0xFFFF, 0xFFFF, 0xFFFF, 0xFFFF, 0xFFFF, 0xFFFF, 0xFFFF, 0xFFFF, 0xFFFF, 0xFFFF, 0xFFFF,   // 0x0080 (128) pixels
0xFFFF, 0xFFFF, 0xFFFF, 0xFFFF, 0xFFFF, 0xFFFF, 0xFFFF, 0xFFFF, 0xFFFF, 0xFFFF, 0xFFFF, 0xFFFF, 0xFFFF, 0xFFFF, 0xFFFF, 0xFFFF,   // 0x0090 (144) pixels
0xFFFF, 0xFFFF, 0xFFFF, 0xFFFF, 0xFFFF, 0xFFFF, 0xFFFF, 0xFFFF, 0xFFFF, 0xFFFF, 0xFFFF, 0xFFFF, 0xFFFF, 0xFFFF, 0xFFFF, 0xFFFF,   // 0x00A0 (160) pixels
0xFFFF, 0xFFFF, 0xFFFF, 0xFFFF, 0xFFFF, 0xFFFF, 0xFFFF, 0xFFFF, 0xFFFF, 0xFFFF, 0xFFFF, 0xFFFF, 0xFFFF, 0xDEFB, 0xB596, 0xB596,   // 0x00B0 (176) pixels
0xDEFB, 0xFFFF, 0xFFFF, 0xFFFF, 0xFFFF, 0xFFFF, 0xFFFF, 0xFFFF, 0xFFFF, 0xFFFF, 0xFFFF, 0xFFFF, 0xFFFF, 0xFFFF, 0xFFFF, 0xFFFF,   // 0x00C0 (192) pixels
0xFFFF, 0xFFFF, 0xFFFF, 0xFFFF, 0xFFFF, 0xFFFF, 0xFFFF, 0xFFFF, 0xFFFF, 0xFFFF, 0xFFFF, 0xFFFF, 0xFFFF, 0xFFFF, 0xFFFF, 0xFFFF,   // 0x00D0 (208) pixels
0xFFFF, 0xFFFF, 0xFFFF, 0xFFFF, 0xFFFF, 0xFFFF, 0xFFFF, 0xFFFF, 0xFFFF, 0xFFFF, 0xFFFF, 0xFFFF, 0xFFFF, 0xFFFF, 0xFFFF, 0xFFFF,   // 0x00E0 (224) pixels
0xFFFF, 0xFFFF, 0xFFFF, 0xFFFF, 0xFFFF, 0xFFFF, 0xFFFF, 0xFFFF, 0xFFFF, 0xFFFF, 0xFFFF, 0xCE59, 0x39C7, 0x0000, 0x0000, 0x0000,   // 0x00F0 (240) pixels
0x0000, 0x39C7, 0xCE59, 0xFFFF, 0xFFFF, 0xFFFF, 0xFFFF, 0xFFFF, 0xFFFF, 0xFFFF, 0xFFFF, 0xFFFF, 0xFFFF, 0xFFFF, 0xFFFF, 0xFFFF,   // 0x0100 (256) pixels
0xFFFF, 0xFFFF, 0xFFFF, 0xFFFF, 0xFFFF, 0xFFFF, 0xFFDF, 0x9492, 0x31A6, 0x0841, 0x0000, 0x0000, 0x0000, 0x0000, 0x0000, 0x0000,   // 0x0110 (272) pixels
0x0000, 0x0000, 0x0000, 0x0000, 0x0000, 0x0000, 0x0000, 0x0000, 0x0841, 0x31A6, 0x9492, 0xFFDF, 0xFFFF, 0xFFFF, 0xFFFF, 0xFFFF,   // 0x0120 (288) pixels
0xFFFF, 0xFFFF, 0xFFFF, 0xFFFF, 0xFFFF, 0xFFFF, 0xFFFF, 0xFFFF, 0xFFFF, 0xFFFF, 0xAD55, 0x0020, 0x0000, 0x0000, 0x0000, 0x0000,   // 0x0130 (304) pixels
0x0000, 0x0000, 0x0020, 0xAD55, 0xFFFF, 0xFFFF, 0xFFFF, 0xFFFF, 0xFFFF, 0xFFFF, 0xFFFF, 0xFFFF, 0xFFFF, 0xFFFF, 0xFFFF, 0xFFFF,   // 0x0140 (320) pixels
0xFFFF, 0xFFFF, 0xFFFF, 0xFFFF, 0xFFFF, 0xE73C, 0x3186, 0x0000, 0x0000, 0x0000, 0x0000, 0x0000, 0x0000, 0x0000, 0x0000, 0x0000,   // 0x0150 (336) pixels
0x0000, 0x0000, 0x0000, 0x0000, 0x0000, 0x0000, 0x0000, 0x0000, 0x0000, 0x0000, 0x0000, 0x3186, 0xE73C, 0xFFFF, 0xFFFF, 0xFFFF,   // 0x0160 (352) pixels
0xFFFF, 0xFFFF, 0xFFFF, 0xFFFF, 0xFFFF, 0xFFFF, 0xFFFF, 0xFFFF, 0xFFFF, 0xAD55, 0x0020, 0x0000, 0x0000, 0x0000, 0x0000, 0x0000,   // 0x0170 (368) pixels
0x0000, 0x0000, 0x0000, 0x0020, 0xAD55, 0xFFFF, 0xFFFF, 0xFFFF, 0xFFFF, 0xFFFF, 0xFFFF, 0xFFFF, 0xFFFF, 0xFFFF, 0xFFFF, 0xFFFF,   // 0x0180 (384) pixels
0xFFFF, 0xFFFF, 0xFFFF, 0xFFFF, 0xFFDF, 0x3186, 0x0000, 0x0000, 0x0000, 0x0000, 0x0000, 0x0000, 0x0000, 0x0000, 0x0000, 0x0000,   // 0x0190 (400) pixels
0x0000, 0x0000, 0x0000, 0x0000, 0x0000, 0x0000, 0x0000, 0x0000, 0x0000, 0x0000, 0x0000, 0x0000, 0x3186, 0xFFDF, 0xFFFF, 0xFFFF,   // 0x01A0 (416) pixels
0xFFFF, 0xFFFF, 0xFFFF, 0xFFFF, 0xFFFF, 0xFFFF, 0xFFFF, 0xFFFF, 0xAD55, 0x0020, 0x0000, 0x0000, 0x0000, 0x0000, 0x0000, 0x0000,   // 0x01B0 (432) pixels
0x0000, 0x0000, 0x0000, 0x0000, 0x0020, 0xAD55, 0xFFFF, 0xFFFF, 0xFFFF, 0xFFFF, 0xFFFF, 0xFFFF, 0xFFFF, 0xFFFF, 0xFFFF, 0xFFFF,   // 0x01C0 (448) pixels
0xFFFF, 0xFFFF, 0xFFFF, 0xFFFF, 0x9492, 0x0000, 0x0000, 0x0000, 0x0000, 0x0000, 0x0000, 0x0000, 0x0000, 0x0000, 0x0000, 0x0000,   // 0x01D0 (464) pixels
0x0000, 0x0000, 0x0000, 0x0000, 0x0000, 0x0000, 0x0000, 0x0000, 0x0000, 0x0000, 0x0000, 0x0000, 0x0000, 0x9492, 0xFFFF, 0xFFFF,   // 0x01E0 (480) pixels
0xFFFF, 0xFFFF, 0xFFFF, 0xFFFF, 0xFFFF, 0xFFFF, 0xFFFF, 0xAD55, 0x0020, 0x0000, 0x0000, 0x0000, 0x0000, 0x0000, 0x0000, 0x0000,   // 0x01F0 (496) pixels
0x0000, 0x0000, 0x0000, 0x0000, 0x0000, 0x0020, 0xAD55, 0xFFFF, 0xFFFF, 0xFFFF, 0xFFFF, 0xFFFF, 0xFFFF, 0xFFFF, 0xFFFF, 0xFFFF,   // 0x0200 (512) pixels
0xFFFF, 0xFFFF, 0xFFFF, 0xFFFF, 0x31A6, 0x0000, 0x0000, 0x0000, 0x0000, 0x0000, 0x0000, 0x0000, 0x0000, 0x0000, 0x0000, 0x0000,   // 0x0210 (528) pixels
0x0000, 0x0000, 0x0000, 0x0000, 0x0000, 0x0000, 0x0000, 0x0000, 0x0000, 0x0000, 0x0000, 0x0000, 0x0000, 0x39C7, 0xFFFF, 0xFFFF,   // 0x0220 (544) pixels
0xFFFF, 0xFFFF, 0xFFFF, 0xFFFF, 0xFFFF, 0xFFFF, 0xAD55, 0x0020, 0x0000, 0x0000, 0x0000, 0x0000, 0x0000, 0x0000, 0x0000, 0x0000,   // 0x0230 (560) pixels
0x0000, 0x0000, 0x0000, 0x0000, 0x0000, 0x0000, 0x0020, 0xAD55, 0xFFFF, 0xFFFF, 0xFFFF, 0xFFFF, 0xFFFF, 0xFFFF, 0xFFFF, 0xFFFF,   // 0x0240 (576) pixels
0xFFFF, 0xFFFF, 0xFFFF, 0xFFFF, 0x0861, 0x0000, 0x0000, 0x0000, 0x0000, 0x0000, 0x0000, 0x0000, 0x0000, 0x0000, 0x0000, 0x0000,   // 0x0250 (592) pixels
0x0000, 0x0000, 0x0000, 0x0000, 0x0000, 0x0000, 0x0000, 0x0000, 0x0000, 0x0000, 0x0000, 0x0000, 0x0000, 0x0861, 0xFFFF, 0xFFFF,   // 0x0260 (608) pixels
0xFFFF, 0xFFFF, 0xFFFF, 0xFFFF, 0xFFFF, 0xAD55, 0x0020, 0x0000, 0x0000, 0x0000, 0x0000, 0x0000, 0x0000, 0x0000, 0x0000, 0x0000,   // 0x0270 (624) pixels
0x0000, 0x0000, 0x0000, 0x0000, 0x0000, 0x0000, 0x0000, 0x0000, 0xA514, 0xFFFF, 0xFFFF, 0xFFFF, 0xFFFF, 0xFFFF, 0xFFFF, 0xFFFF,   // 0x0280 (640) pixels
0xFFFF, 0xFFFF, 0xFFFF, 0xFFFF, 0x0000, 0x0000, 0x0000, 0x0000, 0x0000, 0x0000, 0x0000, 0x0000, 0x0000, 0x0000, 0x0000, 0x0000,   // 0x0290 (656) pixels
0x0000, 0x0000, 0x0000, 0x0000, 0x0000, 0x0000, 0x0000, 0x0000, 0x0000, 0x0000, 0x0000, 0x0000, 0x0000, 0x0000, 0xFFFF, 0xFFFF,   // 0x02A0 (672) pixels
0xFFFF, 0xFFFF, 0xFFFF, 0xFFFF, 0xAD55, 0x0020, 0x0000, 0x0000, 0x0000, 0x0000, 0x0000, 0x0000, 0x0000, 0x0000, 0x0000, 0x0000,   // 0x02B0 (688) pixels
0x0000, 0x0000, 0x0000, 0x0000, 0x0000, 0x0000, 0x0000, 0x0000, 0x0000, 0xA514, 0xFFFF, 0xFFFF, 0xFFFF, 0xFFFF, 0xFFFF, 0xFFFF,   // 0x02C0 (704) pixels
0xFFFF, 0xFFFF, 0xFFFF, 0xFFFF, 0x0000, 0x0000, 0x0000, 0x0000, 0x0000, 0x0000, 0x0000, 0x0000, 0x0000, 0x0000, 0x0000, 0x0000,   // 0x02D0 (720) pixels
0x0000, 0x0000, 0x0000, 0x0000, 0x0000, 0x0000, 0x0000, 0x0000, 0x0000, 0x0000, 0x0000, 0x0000, 0x0000, 0x0000, 0xFFFF, 0xFFFF,   // 0x02E0 (736) pixels
0xFFFF, 0xFFFF, 0xFFFF, 0xAD55, 0x0020, 0x0000, 0x0000, 0x0000, 0x0000, 0x0000, 0x0000, 0x0000, 0x0000, 0x0000, 0x0000, 0x0000,   // 0x02F0 (752) pixels
0x0000, 0x0000, 0x0000, 0x0000, 0x0000, 0x0000, 0x0000, 0x0000, 0x0000, 0x0000, 0xA514, 0xFFFF, 0xFFFF, 0xFFFF, 0xFFFF, 0xFFFF,   // 0x0300 (768) pixels
0xFFFF, 0xFFFF, 0xFFFF, 0xFFFF, 0x0000, 0x0000, 0x0000, 0x0000, 0x0000, 0x0000, 0x0000, 0x0000, 0x0000, 0x0000, 0x0000, 0x0000,   // 0x0310 (784) pixels
0x0000, 0x0000, 0x0000, 0x0000, 0x0000, 0x0000, 0x0000, 0x0000, 0x0000, 0x0000, 0x0000, 0x0000, 0x0000, 0x0000, 0xFFFF, 0xFFFF,   // 0x0320 (800) pixels
0xFFFF, 0xFFFF, 0xAD55, 0x0020, 0x0000, 0x0000, 0x0000, 0x0000, 0x0000, 0x0000, 0x0000, 0x0000, 0x0000, 0x0000, 0x0000, 0x0000,   // 0x0330 (816) pixels
0x0000, 0x0000, 0x0000, 0x0000, 0x0000, 0x0000, 0x0000, 0x0000, 0x0000, 0x0000, 0x0020, 0xAD55, 0xFFFF, 0xFFFF, 0xFFFF, 0xFFFF,   // 0x0340 (832) pixels
0xFFFF, 0xFFFF, 0xFFFF, 0xFFFF, 0x0000, 0x0000, 0x0000, 0x0000, 0x0000, 0x0000, 0x0000, 0x0000, 0x0000, 0x0000, 0x0000, 0x0000,   // 0x0350 (848) pixels
0x0000, 0x0000, 0x0000, 0x0000, 0x0000, 0x0000, 0x0000, 0x0000, 0x0000, 0x0000, 0x0000, 0x0000, 0x0000, 0x0000, 0xFFFF, 0xFFFF,   // 0x0360 (864) pixels
0xFFFF, 0xCE59, 0x0020, 0x0000, 0x0000, 0x0000, 0x0000, 0x0000, 0x0000, 0x0000, 0x0000, 0x0000, 0x0000, 0x0000, 0x0000, 0x0000,   // 0x0370 (880) pixels
0x0000, 0x0000, 0x0000, 0x0000, 0x0000, 0x0000, 0x0000, 0x0000, 0x0000, 0x0000, 0x0000, 0x0020, 0xCE59, 0xFFFF, 0xFFFF, 0xFFFF,   // 0x0380 (896) pixels
0xFFFF, 0xFFFF, 0xFFFF, 0xFFFF, 0x0000, 0x0000, 0x0000, 0x0000, 0x0000, 0x0000, 0x0000, 0x0000, 0x0000, 0x0000, 0x0000, 0x0000,   // 0x0390 (912) pixels
0x0000, 0x0000, 0x0000, 0x0000, 0x0000, 0x0000, 0x0000, 0x0000, 0x0000, 0x0000, 0x0000, 0x0000, 0x0000, 0x0000, 0xFFFF, 0xFFFF,   // 0x03A0 (928) pixels
0xFFFF, 0x39C7, 0x0000, 0x0000, 0x0000, 0x0000, 0x0000, 0x0000, 0x0000, 0x0000, 0x0000, 0x0000, 0x0000, 0x0000, 0x0000, 0x0000,   // 0x03B0 (944) pixels
0x0000, 0x0000, 0x0000, 0x0000, 0x0000, 0x0000, 0x0000, 0x0000, 0x0000, 0x0000, 0x0000, 0x0000, 0x39C7, 0xFFFF, 0xFFFF, 0xFFFF,   // 0x03C0 (960) pixels
0xFFFF, 0xFFFF, 0xFFFF, 0xFFFF, 0x0000, 0x0000, 0x0000, 0x0000, 0x0000, 0x0000, 0x0000, 0x0000, 0x0000, 0x0000, 0x0000, 0x0000,   // 0x03D0 (976) pixels
0x0000, 0x0000, 0x0000, 0x0000, 0x0000, 0x0000, 0x0000, 0x0000, 0x0000, 0x0000, 0x0000, 0x0000, 0x0000, 0x0000, 0xFFFF, 0xFFFF,   // 0x03E0 (992) pixels
0xDEFB, 0x0000, 0x0000, 0x0000, 0x0000, 0x0000, 0x0000, 0x0000, 0x0000, 0x0000, 0x0000, 0x0000, 0x0000, 0x0000, 0x0000, 0x0000,   // 0x03F0 (1008) pixels
0x0000, 0x0000, 0x0000, 0x0000, 0x0000, 0x0000, 0x0000, 0x0000, 0x0000, 0x0000, 0x0000, 0x0000, 0x0000, 0xDEFB, 0xFFFF, 0xFFFF,   // 0x0400 (1024) pixels
0xFFFF, 0xFFFF, 0xFFFF, 0xFFFF, 0x0000, 0x0000, 0x0000, 0x0000, 0x0000, 0x0000, 0x0000, 0x0000, 0x0000, 0x0000, 0x0000, 0x0000,   // 0x0410 (1040) pixels
0x0000, 0x0000, 0x0000, 0x0000, 0x0000, 0x0000, 0x0000, 0x0000, 0x0000, 0x0000, 0x0000, 0x0000, 0x0000, 0x0000, 0xFFFF, 0xFFFF,   // 0x0420 (1056) pixels
0xB596, 0x0000, 0x0000, 0x0000, 0x0000, 0x0000, 0x0000, 0x0000, 0x0000, 0x0000, 0x0000, 0x0000, 0x0000, 0x0000, 0x0000, 0x0000,   // 0x0430 (1072) pixels
0x0000, 0x0000, 0x0000, 0x0000, 0x0000, 0x0000, 0x0000, 0x0000, 0x0000, 0x0000, 0x0000, 0x0000, 0x0000, 0xB5B6, 0xFFFF, 0xFFFF,   // 0x0440 (1088) pixels
0xFFFF, 0xFFFF, 0xFFFF, 0xFFFF, 0x0000, 0x0000, 0x0000, 0x0000, 0x0000, 0x0000, 0x0000, 0x0000, 0x0000, 0x0000, 0x0000, 0x0000,   // 0x0450 (1104) pixels
0x0000, 0x0000, 0x0000, 0x0000, 0x0000, 0x0000, 0x0000, 0x0000, 0x0000, 0x0000, 0x0000, 0x0000, 0x0000, 0x0000, 0xFFFF, 0xFFFF,   // 0x0460 (1120) pixels
0xB596, 0x0000, 0x0000, 0x0000, 0x0000, 0x0000, 0x0000, 0x0000, 0x0000, 0x0000, 0x0000, 0x0000, 0x0000, 0x0000, 0x0000, 0x0000,   // 0x0470 (1136) pixels
0x0000, 0x0000, 0x0000, 0x0000, 0x0000, 0x0000, 0x0000, 0x0000, 0x0000, 0x0000, 0x0000, 0x0000, 0x0000, 0xB5B6, 0xFFFF, 0xFFFF,   // 0x0480 (1152) pixels
0xFFFF, 0xFFFF, 0xFFFF, 0xFFFF, 0x0000, 0x0000, 0x0000, 0x0000, 0x0000, 0x0000, 0x0000, 0x0000, 0x0000, 0x0000, 0x0000, 0x0000,   // 0x0490 (1168) pixels
0x0000, 0x0000, 0x0000, 0x0000, 0x0000, 0x0000, 0x0000, 0x0000, 0x0000, 0x0000, 0x0000, 0x0000, 0x0000, 0x0000, 0xFFFF, 0xFFFF,   // 0x04A0 (1184) pixels
0xDEFB, 0x0000, 0x0000, 0x0000, 0x0000, 0x0000, 0x0000, 0x0000, 0x0000, 0x0000, 0x0000, 0x0000, 0x0000, 0x0000, 0x0000, 0x0000,   // 0x04B0 (1200) pixels
0x0000, 0x0000, 0x0000, 0x0000, 0x0000, 0x0000, 0x0000, 0x0000, 0x0000, 0x0000, 0x0000, 0x0000, 0x0000, 0xDEFB, 0xFFFF, 0xFFFF,   // 0x04C0 (1216) pixels
0xFFFF, 0xFFFF, 0xFFFF, 0xFFFF, 0x0000, 0x0000, 0x0000, 0x0000, 0x0000, 0x0000, 0x0000, 0x0000, 0x0000, 0x0000, 0x0000, 0x0000,   // 0x04D0 (1232) pixels
0x0000, 0x0000, 0x0000, 0x0000, 0x0000, 0x0000, 0x0000, 0x0000, 0x0000, 0x0000, 0x0000, 0x0000, 0x0000, 0x0000, 0xFFFF, 0xFFFF,   // 0x04E0 (1248) pixels
0xFFFF, 0x39C7, 0x0000, 0x0000, 0x0000, 0x0000, 0x0000, 0x0000, 0x0000, 0x0000, 0x0000, 0x0000, 0x0000, 0x0000, 0x0000, 0x0000,   // 0x04F0 (1264) pixels
0x0000, 0x0000, 0x0000, 0x0000, 0x0000, 0x0000, 0x0000, 0x0000, 0x0000, 0x0000, 0x0000, 0x0000, 0x39E7, 0xFFFF, 0xFFFF, 0xFFFF,   // 0x0500 (1280) pixels
0xFFFF, 0xFFFF, 0xFFFF, 0xFFFF, 0x0000, 0x0000, 0x0000, 0x0000, 0x0000, 0x0000, 0x0000, 0x0000, 0x0000, 0x0000, 0x0000, 0x0000,   // 0x0510 (1296) pixels
0x0000, 0x0000, 0x0000, 0x0000, 0x0000, 0x0000, 0x0000, 0x0000, 0x0000, 0x0000, 0x0000, 0x0000, 0x0000, 0x0000, 0xFFFF, 0xFFFF,   // 0x0520 (1312) pixels
0xFFFF, 0xCE59, 0x0020, 0x0000, 0x0000, 0x0000, 0x0000, 0x0000, 0x0000, 0x0000, 0x0000, 0x0000, 0x0000, 0x0000, 0x0000, 0x0000,   // 0x0530 (1328) pixels
0x0000, 0x0000, 0x0000, 0x0000, 0x0000, 0x0000, 0x0000, 0x0000, 0x0000, 0x0000, 0x0000, 0x0020, 0xCE59, 0xFFFF, 0xFFFF, 0xFFFF,   // 0x0540 (1344) pixels
0xFFFF, 0xFFFF, 0xFFFF, 0xFFFF, 0x0000, 0x0000, 0x0000, 0x0000, 0x0000, 0x0000, 0x0000, 0x0000, 0x0000, 0x0000, 0x0000, 0x0000,   // 0x0550 (1360) pixels
0x0000, 0x0000, 0x0000, 0x0000, 0x0000, 0x0000, 0x0000, 0x0000, 0x0000, 0x0000, 0x0000, 0x0000, 0x0000, 0x0000, 0xFFFF, 0xFFFF,   // 0x0560 (1376) pixels
0xFFFF, 0xFFFF, 0xAD55, 0x0020, 0x0000, 0x0000, 0x0000, 0x0000, 0x0000, 0x0000, 0x0000, 0x0000, 0x0000, 0x0000, 0x0000, 0x0000,   // 0x0570 (1392) pixels
0x0000, 0x0000, 0x0000, 0x0000, 0x0000, 0x0000, 0x0000, 0x0000, 0x0000, 0x0000, 0x0020, 0xAD55, 0xFFFF, 0xFFFF, 0xFFFF, 0xFFFF,   // 0x0580 (1408) pixels
0xFFFF, 0xFFFF, 0xFFFF, 0xFFFF, 0x0000, 0x0000, 0x0000, 0x0000, 0x0000, 0x0000, 0x0000, 0x0000, 0x0000, 0x0000, 0x0000, 0x0000,   // 0x0590 (1424) pixels
0x0000, 0x0000, 0x0000, 0x0000, 0x0000, 0x0000, 0x0000, 0x0000, 0x0000, 0x0000, 0x0000, 0x0000, 0x0000, 0x0000, 0xFFFF, 0xFFFF,   // 0x05A0 (1440) pixels
0xFFFF, 0xFFFF, 0xFFFF, 0xAD55, 0x0020, 0x0000, 0x0000, 0x0000, 0x0000, 0x0000, 0x0000, 0x0000, 0x0000, 0x0000, 0x0000, 0x0000,   // 0x05B0 (1456) pixels
0x0000, 0x0000, 0x0000, 0x0000, 0x0000, 0x0000, 0x0000, 0x0000, 0x0000, 0x0000, 0xA534, 0xFFFF, 0xFFFF, 0xFFFF, 0xFFFF, 0xFFFF,   // 0x05C0 (1472) pixels
0xFFFF, 0xFFFF, 0xFFFF, 0xFFFF, 0x0000, 0x0000, 0x0000, 0x0000, 0x0000, 0x0000, 0x0000, 0x0000, 0x0000, 0x0000, 0x0000, 0x0000,   // 0x05D0 (1488) pixels
0x0000, 0x0000, 0x0000, 0x0000, 0x0000, 0x0000, 0x0000, 0x0000, 0x0000, 0x0000, 0x0000, 0x0000, 0x0000, 0x0000, 0xFFFF, 0xFFFF,   // 0x05E0 (1504) pixels
0xFFFF, 0xFFFF, 0xFFFF, 0xFFFF, 0xAD55, 0x0020, 0x0000, 0x0000, 0x0000, 0x0000, 0x0000, 0x0000, 0x0000, 0x0000, 0x0000, 0x0000,   // 0x05F0 (1520) pixels
0x0000, 0x0000, 0x0000, 0x0000, 0x0000, 0x0000, 0x0000, 0x0000, 0x0000, 0xA534, 0xFFFF, 0xFFFF, 0xFFFF, 0xFFFF, 0xFFFF, 0xFFFF,   // 0x0600 (1536) pixels
0xFFFF, 0xFFFF, 0xFFFF, 0xFFFF, 0x0861, 0x0000, 0x0000, 0x0000, 0x0000, 0x0000, 0x0000, 0x0000, 0x0000, 0x0000, 0x0000, 0x0000,   // 0x0610 (1552) pixels
0x0000, 0x0000, 0x0000, 0x0000, 0x0000, 0x0000, 0x0000, 0x0000, 0x0000, 0x0000, 0x0000, 0x0000, 0x0000, 0x0861, 0xFFFF, 0xFFFF,   // 0x0620 (1568) pixels
0xFFFF, 0xFFFF, 0xFFFF, 0xFFFF, 0xFFFF, 0xAD55, 0x0020, 0x0000, 0x0000, 0x0000, 0x0000, 0x0000, 0x0000, 0x0000, 0x0000, 0x0000,   // 0x0630 (1584) pixels
0x0000, 0x0000, 0x0000, 0x0000, 0x0000, 0x0000, 0x0000, 0x0000, 0xA534, 0xFFFF, 0xFFFF, 0xFFFF, 0xFFFF, 0xFFFF, 0xFFFF, 0xFFFF,   // 0x0640 (1600) pixels
0xFFFF, 0xFFFF, 0xFFFF, 0xFFFF, 0x31A6, 0x0000, 0x0000, 0x0000, 0x0000, 0x0000, 0x0000, 0x0000, 0x0000, 0x0000, 0x0000, 0x0000,   // 0x0650 (1616) pixels
0x0000, 0x0000, 0x0000, 0x0000, 0x0000, 0x0000, 0x0000, 0x0000, 0x0000, 0x0000, 0x0000, 0x0000, 0x0000, 0x39C7, 0xFFFF, 0xFFFF,   // 0x0660 (1632) pixels
0xFFFF, 0xFFFF, 0xFFFF, 0xFFFF, 0xFFFF, 0xFFFF, 0xAD55, 0x0020, 0x0000, 0x0000, 0x0000, 0x0000, 0x0000, 0x0000, 0x0000, 0x0000,   // 0x0670 (1648) pixels
0x0000, 0x0000, 0x0000, 0x0000, 0x0000, 0x0000, 0x0020, 0xAD55, 0xFFFF, 0xFFFF, 0xFFFF, 0xFFFF, 0xFFFF, 0xFFFF, 0xFFFF, 0xFFFF,   // 0x0680 (1664) pixels
0xFFFF, 0xFFFF, 0xFFFF, 0xFFFF, 0x9492, 0x0000, 0x0000, 0x0000, 0x0000, 0x0000, 0x0000, 0x0000, 0x0000, 0x0000, 0x0000, 0x0000,   // 0x0690 (1680) pixels
0x0000, 0x0000, 0x0000, 0x0000, 0x0000, 0x0000, 0x0000, 0x0000, 0x0000, 0x0000, 0x0000, 0x0000, 0x0000, 0x94B2, 0xFFFF, 0xFFFF,   // 0x06A0 (1696) pixels
0xFFFF, 0xFFFF, 0xFFFF, 0xFFFF, 0xFFFF, 0xFFFF, 0xFFFF, 0xAD55, 0x0020, 0x0000, 0x0000, 0x0000, 0x0000, 0x0000, 0x0000, 0x0000,   // 0x06B0 (1712) pixels
0x0000, 0x0000, 0x0000, 0x0000, 0x0000, 0x0020, 0xAD55, 0xFFFF, 0xFFFF, 0xFFFF, 0xFFFF, 0xFFFF, 0xFFFF, 0xFFFF, 0xFFFF, 0xFFFF,   // 0x06C0 (1728) pixels
0xFFFF, 0xFFFF, 0xFFFF, 0xFFFF, 0xFFDF, 0x3186, 0x0000, 0x0000, 0x0000, 0x0000, 0x0000, 0x0000, 0x0000, 0x0000, 0x0000, 0x0000,   // 0x06D0 (1744) pixels
0x0000, 0x0000, 0x0000, 0x0000, 0x0000, 0x0000, 0x0000, 0x0000, 0x0000, 0x0000, 0x0000, 0x0000, 0x3186, 0xFFDF, 0xFFFF, 0xFFFF,   // 0x06E0 (1760) pixels
0xFFFF, 0xFFFF, 0xFFFF, 0xFFFF, 0xFFFF, 0xFFFF, 0xFFFF, 0xFFFF, 0xAD55, 0x0020, 0x0000, 0x0000, 0x0000, 0x0000, 0x0000, 0x0000,   // 0x06F0 (1776) pixels
0x0000, 0x0000, 0x0000, 0x0000, 0x0020, 0xAD55, 0xFFFF, 0xFFFF, 0xFFFF, 0xFFFF, 0xFFFF, 0xFFFF, 0xFFFF, 0xFFFF, 0xFFFF, 0xFFFF,   // 0x0700 (1792) pixels
0xFFFF, 0xFFFF, 0xFFFF, 0xFFFF, 0xFFFF, 0xE73C, 0x3186, 0x0000, 0x0000, 0x0000, 0x0000, 0x0000, 0x0000, 0x0000, 0x0000, 0x0000,   // 0x0710 (1808) pixels
0x0000, 0x0000, 0x0000, 0x0000, 0x0000, 0x0000, 0x0000, 0x0000, 0x0000, 0x0000, 0x0000, 0x3186, 0xE73C, 0xFFFF, 0xFFFF, 0xFFFF,   // 0x0720 (1824) pixels
0xFFFF, 0xFFFF, 0xFFFF, 0xFFFF, 0xFFFF, 0xFFFF, 0xFFFF, 0xFFFF, 0xFFFF, 0xAD55, 0x0020, 0x0000, 0x0000, 0x0000, 0x0000, 0x0000,   // 0x0730 (1840) pixels
0x0000, 0x0000, 0x0000, 0x0020, 0xAD55, 0xFFFF, 0xFFFF, 0xFFFF, 0xFFFF, 0xFFFF, 0xFFFF, 0xFFFF, 0xFFFF, 0xFFFF, 0xFFFF, 0xFFFF,   // 0x0740 (1856) pixels
0xFFFF, 0xFFFF, 0xFFFF, 0xFFFF, 0xFFFF, 0xFFFF, 0xFFDF, 0x9492, 0x39C7, 0x0861, 0x0000, 0x0000, 0x0000, 0x0000, 0x0000, 0x0000,   // 0x0750 (1872) pixels
0x0000, 0x0000, 0x0000, 0x0000, 0x0000, 0x0000, 0x0000, 0x0000, 0x0861, 0x39C7, 0x94B2, 0xFFDF, 0xFFFF, 0xFFFF, 0xFFFF, 0xFFFF,   // 0x0760 (1888) pixels
0xFFFF, 0xFFFF, 0xFFFF, 0xFFFF, 0xFFFF, 0xFFFF, 0xFFFF, 0xFFFF, 0xFFFF, 0xFFFF, 0xAD55, 0x0020, 0x0000, 0x0000, 0x0000, 0x0000,   // 0x0770 (1904) pixels
0x0000, 0x0000, 0x0020, 0xAD55, 0xFFFF, 0xFFFF, 0xFFFF, 0xFFFF, 0xFFFF, 0xFFFF, 0xFFFF, 0xFFFF, 0xFFFF, 0xFFFF, 0xFFFF, 0xFFFF,   // 0x0780 (1920) pixels
0xFFFF, 0xFFFF, 0xFFFF, 0xFFFF, 0xFFFF, 0xFFFF, 0xFFFF, 0xFFFF, 0xFFFF, 0xFFFF, 0xFFFF, 0xFFFF, 0xFFFF, 0xFFFF, 0xFFFF, 0xFFFF,   // 0x0790 (1936) pixels
0xFFFF, 0xFFFF, 0xFFFF, 0xFFFF, 0xFFFF, 0xFFFF, 0xFFFF, 0xFFFF, 0xFFFF, 0xFFFF, 0xFFFF, 0xFFFF, 0xFFFF, 0xFFFF, 0xFFFF, 0xFFFF,   // 0x07A0 (1952) pixels
0xFFFF, 0xFFFF, 0xFFFF, 0xFFFF, 0xFFFF, 0xFFFF, 0xFFFF, 0xFFFF, 0xFFFF, 0xFFFF, 0xFFFF, 0xCE59, 0x39C7, 0x0000, 0x0000, 0x0000,   // 0x07B0 (1968) pixels
0x0000, 0x39E7, 0xCE59, 0xFFFF, 0xFFFF, 0xFFFF, 0xFFFF, 0xFFFF, 0xFFFF, 0xFFFF, 0xFFFF, 0xFFFF, 0xFFFF, 0xFFFF, 0xFFFF, 0xFFFF,   // 0x07C0 (1984) pixels
0xFFFF, 0xFFFF, 0xFFFF, 0xFFFF, 0xFFFF, 0xFFFF, 0xFFFF, 0xFFFF, 0xFFFF, 0xFFFF, 0xFFFF, 0xFFFF, 0xFFFF, 0xFFFF, 0xFFFF, 0xFFFF,   // 0x07D0 (2000) pixels
0xFFFF, 0xFFFF, 0xFFFF, 0xFFFF, 0xFFFF, 0xFFFF, 0xFFFF, 0xFFFF, 0xFFFF, 0xFFFF, 0xFFFF, 0xFFFF, 0xFFFF, 0xFFFF, 0xFFFF, 0xFFFF,   // 0x07E0 (2016) pixels
0xFFFF, 0xFFFF, 0xFFFF, 0xFFFF, 0xFFFF, 0xFFFF, 0xFFFF, 0xFFFF, 0xFFFF, 0xFFFF, 0xFFFF, 0xFFFF, 0xFFFF, 0xDEFB, 0xB596, 0xB596,   // 0x07F0 (2032) pixels
0xDEFB, 0xFFFF, 0xFFFF, 0xFFFF, 0xFFFF, 0xFFFF, 0xFFFF, 0xFFFF, 0xFFFF, 0xFFFF, 0xFFFF, 0xFFFF, 0xFFFF, 0xFFFF, 0xFFFF, 0xFFFF,   // 0x0800 (2048) pixels
0xFFFF, 0xFFFF, 0xFFFF, 0xFFFF, 0xFFFF, 0xFFFF, 0xFFFF, 0xFFFF, 0xFFFF, 0xFFFF, 0xFFFF, 0xFFFF, 0xFFFF, 0xFFFF, 0xFFFF, 0xFFFF,   // 0x0810 (2064) pixels
0xFFFF, 0xFFFF, 0xFFFF, 0xFFFF, 0xFFFF, 0xFFFF, 0xFFFF, 0xFFFF, 0xFFFF, 0xFFFF, 0xFFFF, 0xFFFF, 0xFFFF, 0xFFFF, 0xFFFF, 0xFFFF,   // 0x0820 (2080) pixels
0xFFFF, 0xFFFF, 0xFFFF, 0xFFFF, 0xFFFF, 0xFFFF, 0xFFFF, 0xFFFF, 0xFFFF, 0xFFFF, 0xFFFF, 0xFFFF, 0xFFFF, 0xFFFF, 0xFFFF, 0xFFFF,   // 0x0830 (2096) pixels
0xFFFF, 0xFFFF, 0xFFFF, 0xFFFF, 0xFFFF, 0xFFFF, 0xFFFF, 0xFFFF, 0xFFFF, 0xFFFF, 0xFFFF, 0xFFFF, 0xFFFF, 0xFFFF, 0xFFFF, 0xFFFF,   // 0x0840 (2112) pixels
0xFFFF, 0xFFFF, 0xFFFF, 0xFFFF, 0xFFFF, 0xFFFF, 0xFFFF, 0xFFFF, 0xFFFF, 0xFFFF, 0xFFFF, 0xFFFF, 0xFFFF, 0xFFFF, 0xFFFF, 0xFFFF,   // 0x0850 (2128) pixels
0xFFFF, 0xFFFF, 0xFFFF, 0xFFFF, 0xFFFF, 0xFFFF, 0xFFFF, 0xFFFF, 0xFFFF, 0xFFFF, 0xFFFF, 0xFFFF, 0xFFFF, 0xFFFF, 0xFFFF, 0xFFFF,   // 0x0860 (2144) pixels
0xFFFF, 0xFFFF, 0xFFFF, 0xFFFF, 0xFFFF, 0xFFFF, 0xFFFF, 0xFFFF, 0xFFFF, 0xFFFF, 0xFFFF, 0xFFFF, 0xFFFF, 0xFFFF, 0xFFFF, 0xFFFF,   // 0x0870 (2160) pixels
0xFFFF, 0xFFFF, 0xFFFF, 0xFFFF, 0xFFFF, 0xFFFF, 0xFFFF, 0xFFFF, 0xFFFF, 0xFFFF, 0xFFFF, 0xFFFF, 0xFFFF, 0xFFFF, 0xFFFF, 0xFFFF,   // 0x0880 (2176) pixels
0xFFFF, 0xFFFF, 0xFFFF, 0xFFFF, 0xFFFF, 0xFFFF, 0xFFDF, 0x9492, 0x31A6, 0x0841, 0x0000, 0x0000, 0x0000, 0x0000, 0x0000, 0x0000,   // 0x0890 (2192) pixels
0x0000, 0x0000, 0x0000, 0x0000, 0x0000, 0x0000, 0x0000, 0x0000, 0x0841, 0x31A6, 0x9492, 0xFFDF, 0xFFFF, 0xFFFF, 0xFFFF, 0xFFFF,   // 0x08A0 (2208) pixels
0xFFFF, 0xFFFF, 0xFFFF, 0xFFFF, 0xFFDF, 0x9492, 0x31A6, 0x0841, 0x0000, 0x0000, 0x0000, 0x0000, 0x0000, 0x0000, 0x0000, 0x0000,   // 0x08B0 (2224) pixels
0x0000, 0x0000, 0x0000, 0x0000, 0x0000, 0x0000, 0x0841, 0x31A6, 0x9492, 0xFFDF, 0xFFFF, 0xFFFF, 0xFFFF, 0xFFFF, 0xFFFF, 0xFFFF,   // 0x08C0 (2240) pixels
0xFFFF, 0xFFFF, 0xFFFF, 0xFFFF, 0xFFFF, 0xE73C, 0x3186, 0x0000, 0x0000, 0x0000, 0x0000, 0x0000, 0x0000, 0x0000, 0x0000, 0x0000,   // 0x08D0 (2256) pixels
0x0000, 0x0000, 0x0000, 0x0000, 0x0000, 0x0000, 0x0000, 0x0000, 0x0000, 0x0000, 0x0000, 0x3186, 0xE73C, 0xFFFF, 0xFFFF, 0xFFFF,   // 0x08E0 (2272) pixels
0xFFFF, 0xFFFF, 0xFFFF, 0xE73C, 0x3186, 0x0000, 0x0000, 0x0000, 0x0000, 0x0000, 0x0000, 0x0000, 0x0000, 0x0000, 0x0000, 0x0000,   // 0x08F0 (2288) pixels
0x0000, 0x0000, 0x0000, 0x0000, 0x0000, 0x0000, 0x0000, 0x0000, 0x0000, 0x3186, 0xE73C, 0xFFFF, 0xFFFF, 0xFFFF, 0xFFFF, 0xFFFF,   // 0x0900 (2304) pixels
0xFFFF, 0xFFFF, 0xFFFF, 0xFFFF, 0xFFDF, 0x3186, 0x0000, 0x0000, 0x0000, 0x0000, 0x0000, 0x0000, 0x0000, 0x0000, 0x0000, 0x0000,   // 0x0910 (2320) pixels
0x0000, 0x0000, 0x0000, 0x0000, 0x0000, 0x0000, 0x0000, 0x0000, 0x0000, 0x0000, 0x0000, 0x0000, 0x3186, 0xFFDF, 0xFFFF, 0xFFFF,   // 0x0920 (2336) pixels
0xFFFF, 0xFFFF, 0xFFDF, 0x3186, 0x0000, 0x0000, 0x0000, 0x0000, 0x0000, 0x0000, 0x0000, 0x0000, 0x0000, 0x0000, 0x0000, 0x0000,   // 0x0930 (2352) pixels
0x0000, 0x0000, 0x0000, 0x0000, 0x0000, 0x0000, 0x0000, 0x0000, 0x0000, 0x0000, 0x3186, 0xFFDF, 0xFFFF, 0xFFFF, 0xFFFF, 0xFFFF,   // 0x0940 (2368) pixels
0xFFFF, 0xFFFF, 0xFFFF, 0xFFFF, 0x9492, 0x0000, 0x0000, 0x0000, 0x0000, 0x0000, 0x0000, 0x0000, 0x0000, 0x0000, 0x0000, 0x0000,   // 0x0950 (2384) pixels
0x0000, 0x0000, 0x0000, 0x0000, 0x0000, 0x0000, 0x0000, 0x0000, 0x0000, 0x0000, 0x0000, 0x0000, 0x0000, 0x9492, 0xFFFF, 0xFFFF,   // 0x0960 (2400) pixels
0xFFFF, 0xFFFF, 0x9492, 0x0000, 0x0000, 0x0000, 0x0000, 0x0000, 0x0000, 0x0000, 0x0000, 0x0000, 0x0000, 0x0000, 0x0000, 0x0000,   // 0x0970 (2416) pixels
0x0000, 0x0000, 0x0000, 0x0000, 0x0000, 0x0000, 0x0000, 0x0000, 0x0000, 0x0000, 0x0000, 0x9492, 0xFFFF, 0xFFFF, 0xFFFF, 0xFFFF,   // 0x0980 (2432) pixels
0xFFFF, 0xFFFF, 0xFFFF, 0xFFFF, 0x31A6, 0x0000, 0x0000, 0x0000, 0x0000, 0x0000, 0x0000, 0x0000, 0x0000, 0x0000, 0x0000, 0x0000,   // 0x0990 (2448) pixels
0x0000, 0x0000, 0x0000, 0x0000, 0x0000, 0x0000, 0x0000, 0x0000, 0x0000, 0x0000, 0x0000, 0x0000, 0x0000, 0x39C7, 0xFFFF, 0xFFFF,   // 0x09A0 (2464) pixels
0xFFFF, 0xFFFF, 0x31A6, 0x0000, 0x0000, 0x0000, 0x0000, 0x0000, 0x0000, 0x0000, 0x0000, 0x0000, 0x0000, 0x0000, 0x0000, 0x0000,   // 0x09B0 (2480) pixels
0x0000, 0x0000, 0x0000, 0x0000, 0x0000, 0x0000, 0x0000, 0x0000, 0x0000, 0x0000, 0x0000, 0x39C7, 0xFFFF, 0xFFFF, 0xFFFF, 0xFFFF,   // 0x09C0 (2496) pixels
0xFFFF, 0xFFFF, 0xFFFF, 0xFFFF, 0x0861, 0x0000, 0x0000, 0x0000, 0x0000, 0x0000, 0x0000, 0x0000, 0x0000, 0x0000, 0x0000, 0x0000,   // 0x09D0 (2512) pixels
0x0000, 0x0000, 0x0000, 0x0000, 0x0000, 0x0000, 0x0000, 0x0000, 0x0000, 0x0000, 0x0000, 0x0000, 0x0000, 0x0861, 0xFFFF, 0xFFFF,   // 0x09E0 (2528) pixels
0xFFFF, 0xFFFF, 0x0861, 0x0000, 0x0000, 0x0000, 0x0000, 0x0000, 0x0000, 0x0000, 0x0000, 0x0000, 0x0000, 0x0000, 0x0000, 0x0000,   // 0x09F0 (2544) pixels
0x0000, 0x0000, 0x0000, 0x0000, 0x0000, 0x0000, 0x0000, 0x0000, 0x0000, 0x0000, 0x0000, 0x0861, 0xFFFF, 0xFFFF, 0xFFFF, 0xFFFF,   // 0x0A00 (2560) pixels
0xFFFF, 0xFFFF, 0xFFFF, 0xFFFF, 0x0000, 0x0000, 0x0000, 0x0000, 0x0000, 0x0000, 0x0000, 0x0000, 0x0000, 0x0000, 0x0000, 0x0000,   // 0x0A10 (2576) pixels
0x0000, 0x0000, 0x0000, 0x0000, 0x0000, 0x0000, 0x0000, 0x0000, 0x0000, 0x0000, 0x0000, 0x0000, 0x0000, 0x0000, 0xFFFF, 0xFFFF,   // 0x0A20 (2592) pixels
0xFFFF, 0xFFFF, 0x0000, 0x0000, 0x0000, 0x0000, 0x0000, 0x0000, 0x0000, 0x0000, 0x0000, 0x0000, 0x0000, 0x0000, 0x0000, 0x0000,   // 0x0A30 (2608) pixels
0x0000, 0x0000, 0x0000, 0x0000, 0x0000, 0x0000, 0x0000, 0x0000, 0x0000, 0x0000, 0x0000, 0x0000, 0xFFFF, 0xFFFF, 0xFFFF, 0xFFFF,   // 0x0A40 (2624) pixels
0xFFFF, 0xFFFF, 0xFFFF, 0xFFFF, 0x0000, 0x0000, 0x0000, 0x0000, 0x0000, 0x0000, 0x0000, 0x0000, 0x0000, 0x0000, 0x0000, 0x0000,   // 0x0A50 (2640) pixels
0x0000, 0x0000, 0x0000, 0x0000, 0x0000, 0x0000, 0x0000, 0x0000, 0x0000, 0x0000, 0x0000, 0x0000, 0x0000, 0x0000, 0xFFFF, 0xFFFF,   // 0x0A60 (2656) pixels
0xFFFF, 0xFFFF, 0x0000, 0x0000, 0x0000, 0x0000, 0x0000, 0x0000, 0x0000, 0x0000, 0x0000, 0x0000, 0x0000, 0x0000, 0x0000, 0x0000,   // 0x0A70 (2672) pixels
0x0000, 0x0000, 0x0000, 0x0000, 0x0000, 0x0000, 0x0000, 0x0000, 0x0000, 0x0000, 0x0000, 0x0000, 0xFFFF, 0xFFFF, 0xFFFF, 0xFFFF,   // 0x0A80 (2688) pixels
0xFFFF, 0xFFFF, 0xFFFF, 0xFFFF, 0x0000, 0x0000, 0x0000, 0x0000, 0x0000, 0x0000, 0x0000, 0x0000, 0x0000, 0x0000, 0x0000, 0x0000,   // 0x0A90 (2704) pixels
0x0000, 0x0000, 0x0000, 0x0000, 0x0000, 0x0000, 0x0000, 0x0000, 0x0000, 0x0000, 0x0000, 0x0000, 0x0000, 0x0000, 0xFFFF, 0xFFFF,   // 0x0AA0 (2720) pixels
0xFFFF, 0xFFFF, 0x0000, 0x0000, 0x0000, 0x0000, 0x0000, 0x0000, 0x0000, 0x0000, 0x0000, 0x0000, 0x0000, 0x0000, 0x0000, 0x0000,   // 0x0AB0 (2736) pixels
0x0000, 0x0000, 0x0000, 0x0000, 0x0000, 0x0000, 0x0000, 0x0000, 0x0000, 0x0000, 0x0000, 0x0000, 0xFFFF, 0xFFFF, 0xFFFF, 0xFFFF,   // 0x0AC0 (2752) pixels
0xFFFF, 0xFFFF, 0xFFFF, 0xFFFF, 0x0000, 0x0000, 0x0000, 0x0000, 0x0000, 0x0000, 0x0000, 0x0000, 0x0000, 0x0000, 0x0000, 0x0000,   // 0x0AD0 (2768) pixels
0x0000, 0x0000, 0x0000, 0x0000, 0x0000, 0x0000, 0x0000, 0x0000, 0x0000, 0x0000, 0x0000, 0x0000, 0x0000, 0x0000, 0xFFFF, 0xFFFF,   // 0x0AE0 (2784) pixels
0xFFFF, 0xFFFF, 0x0000, 0x0000, 0x0000, 0x0000, 0x0000, 0x0000, 0x0000, 0x0000, 0x0000, 0x0000, 0x0000, 0x0000, 0x0000, 0x0000,   // 0x0AF0 (2800) pixels
0x0000, 0x0000, 0x0000, 0x0000, 0x0000, 0x0000, 0x0000, 0x0000, 0x0000, 0x0000, 0x0000, 0x0000, 0xFFFF, 0xFFFF, 0xFFFF, 0xFFFF,   // 0x0B00 (2816) pixels
0xFFFF, 0xFFFF, 0xFFFF, 0xFFFF, 0x0000, 0x0000, 0x0000, 0x0000, 0x0000, 0x0000, 0x0000, 0x0000, 0x0000, 0x0000, 0x0000, 0x0000,   // 0x0B10 (2832) pixels
0x0000, 0x0000, 0x0000, 0x0000, 0x0000, 0x0000, 0x0000, 0x0000, 0x0000, 0x0000, 0x0000, 0x0000, 0x0000, 0x0000, 0xFFFF, 0xFFFF,   // 0x0B20 (2848) pixels
0xFFFF, 0xFFFF, 0x0000, 0x0000, 0x0000, 0x0000, 0x0000, 0x0000, 0x0000, 0x0000, 0x0000, 0x0000, 0x0000, 0x0000, 0x0000, 0x0000,   // 0x0B30 (2864) pixels
0x0000, 0x0000, 0x0000, 0x0000, 0x0000, 0x0000, 0x0000, 0x0000, 0x0000, 0x0000, 0x0000, 0x0000, 0xFFFF, 0xFFFF, 0xFFFF, 0xFFFF,   // 0x0B40 (2880) pixels
0xFFFF, 0xFFFF, 0xFFFF, 0xFFFF, 0x0000, 0x0000, 0x0000, 0x0000, 0x0000, 0x0000, 0x0000, 0x0000, 0x0000, 0x0000, 0x0000, 0x0000,   // 0x0B50 (2896) pixels
0x0000, 0x0000, 0x0000, 0x0000, 0x0000, 0x0000, 0x0000, 0x0000, 0x0000, 0x0000, 0x0000, 0x0000, 0x0000, 0x0000, 0xFFFF, 0xFFFF,   // 0x0B60 (2912) pixels
0xFFFF, 0xFFFF, 0x0000, 0x0000, 0x0000, 0x0000, 0x0000, 0x0000, 0x0000, 0x0000, 0x0000, 0x0000, 0x0000, 0x0000, 0x0000, 0x0000,   // 0x0B70 (2928) pixels
0x0000, 0x0000, 0x0000, 0x0000, 0x0000, 0x0000, 0x0000, 0x0000, 0x0000, 0x0000, 0x0000, 0x0000, 0xFFFF, 0xFFFF, 0xFFFF, 0xFFFF,   // 0x0B80 (2944) pixels
0xFFFF, 0xFFFF, 0xFFFF, 0xFFFF, 0x0000, 0x0000, 0x0000, 0x0000, 0x0000, 0x0000, 0x0000, 0x0000, 0x0000, 0x0000, 0x0000, 0x0000,   // 0x0B90 (2960) pixels
0x0000, 0x0000, 0x0000, 0x0000, 0x0000, 0x0000, 0x0000, 0x0000, 0x0000, 0x0000, 0x0000, 0x0000, 0x0000, 0x0000, 0xFFFF, 0xFFFF,   // 0x0BA0 (2976) pixels
0xFFFF, 0xFFFF, 0x0000, 0x0000, 0x0000, 0x0000, 0x0000, 0x0000, 0x0000, 0x0000, 0x0000, 0x0000, 0x0000, 0x0000, 0x0000, 0x0000,   // 0x0BB0 (2992) pixels
0x0000, 0x0000, 0x0000, 0x0000, 0x0000, 0x0000, 0x0000, 0x0000, 0x0000, 0x0000, 0x0000, 0x0000, 0xFFFF, 0xFFFF, 0xFFFF, 0xFFFF,   // 0x0BC0 (3008) pixels
0xFFFF, 0xFFFF, 0xFFFF, 0xFFFF, 0x0000, 0x0000, 0x0000, 0x0000, 0x0000, 0x0000, 0x0000, 0x0000, 0x0000, 0x0000, 0x0000, 0x0000,   // 0x0BD0 (3024) pixels
0x0000, 0x0000, 0x0000, 0x0000, 0x0000, 0x0000, 0x0000, 0x0000, 0x0000, 0x0000, 0x0000, 0x0000, 0x0000, 0x0000, 0xFFFF, 0xFFFF,   // 0x0BE0 (3040) pixels
0xFFFF, 0xFFFF, 0x0000, 0x0000, 0x0000, 0x0000, 0x0000, 0x0000, 0x0000, 0x0000, 0x0000, 0x0000, 0x0000, 0x0000, 0x0000, 0x0000,   // 0x0BF0 (3056) pixels
0x0000, 0x0000, 0x0000, 0x0000, 0x0000, 0x0000, 0x0000, 0x0000, 0x0000, 0x0000, 0x0000, 0x0000, 0xFFFF, 0xFFFF, 0xFFFF, 0xFFFF,   // 0x0C00 (3072) pixels
0xFFFF, 0xFFFF, 0xFFFF, 0xFFFF, 0x0000, 0x0000, 0x0000, 0x0000, 0x0000, 0x0000, 0x0000, 0x0000, 0x0000, 0x0000, 0x0000, 0x0000,   // 0x0C10 (3088) pixels
0x0000, 0x0000, 0x0000, 0x0000, 0x0000, 0x0000, 0x0000, 0x0000, 0x0000, 0x0000, 0x0000, 0x0000, 0x0000, 0x0000, 0xFFFF, 0xFFFF,   // 0x0C20 (3104) pixels
0xFFFF, 0xFFFF, 0x0000, 0x0000, 0x0000, 0x0000, 0x0000, 0x0000, 0x0000, 0x0000, 0x0000, 0x0000, 0x0000, 0x0000, 0x0000, 0x0000,   // 0x0C30 (3120) pixels
0x0000, 0x0000, 0x0000, 0x0000, 0x0000, 0x0000, 0x0000, 0x0000, 0x0000, 0x0000, 0x0000, 0x0000, 0xFFFF, 0xFFFF, 0xFFFF, 0xFFFF,   // 0x0C40 (3136) pixels
0xFFFF, 0xFFFF, 0xFFFF, 0xFFFF, 0x0000, 0x0000, 0x0000, 0x0000, 0x0000, 0x0000, 0x0000, 0x0000, 0x0000, 0x0000, 0x0000, 0x0000,   // 0x0C50 (3152) pixels
0x0000, 0x0000, 0x0000, 0x0000, 0x0000, 0x0000, 0x0000, 0x0000, 0x0000, 0x0000, 0x0000, 0x0000, 0x0000, 0x0000, 0xFFFF, 0xFFFF,   // 0x0C60 (3168) pixels
0xFFFF, 0xFFFF, 0x0000, 0x0000, 0x0000, 0x0000, 0x0000, 0x0000, 0x0000, 0x0000, 0x0000, 0x0000, 0x0000, 0x0000, 0x0000, 0x0000,   // 0x0C70 (3184) pixels
0x0000, 0x0000, 0x0000, 0x0000, 0x0000, 0x0000, 0x0000, 0x0000, 0x0000, 0x0000, 0x0000, 0x0000, 0xFFFF, 0xFFFF, 0xFFFF, 0xFFFF,   // 0x0C80 (3200) pixels
0xFFFF, 0xFFFF, 0xFFFF, 0xFFFF, 0x0000, 0x0000, 0x0000, 0x0000, 0x0000, 0x0000, 0x0000, 0x0000, 0x0000, 0x0000, 0x0000, 0x0000,   // 0x0C90 (3216) pixels
0x0000, 0x0000, 0x0000, 0x0000, 0x0000, 0x0000, 0x0000, 0x0000, 0x0000, 0x0000, 0x0000, 0x0000, 0x0000, 0x0000, 0xFFFF, 0xFFFF,   // 0x0CA0 (3232) pixels
0xFFFF, 0xFFFF, 0x0000, 0x0000, 0x0000, 0x0000, 0x0000, 0x0000, 0x0000, 0x0000, 0x0000, 0x0000, 0x0000, 0x0000, 0x0000, 0x0000,   // 0x0CB0 (3248) pixels
0x0000, 0x0000, 0x0000, 0x0000, 0x0000, 0x0000, 0x0000, 0x0000, 0x0000, 0x0000, 0x0000, 0x0000, 0xFFFF, 0xFFFF, 0xFFFF, 0xFFFF,   // 0x0CC0 (3264) pixels
0xFFFF, 0xFFFF, 0xFFFF, 0xFFFF, 0x0000, 0x0000, 0x0000, 0x0000, 0x0000, 0x0000, 0x0000, 0x0000, 0x0000, 0x0000, 0x0000, 0x0000,   // 0x0CD0 (3280) pixels
0x0000, 0x0000, 0x0000, 0x0000, 0x0000, 0x0000, 0x0000, 0x0000, 0x0000, 0x0000, 0x0000, 0x0000, 0x0000, 0x0000, 0xFFFF, 0xFFFF,   // 0x0CE0 (3296) pixels
0xFFFF, 0xFFFF, 0x0000, 0x0000, 0x0000, 0x0000, 0x0000, 0x0000, 0x0000, 0x0000, 0x0000, 0x0000, 0x0000, 0x0000, 0x0000, 0x0000,   // 0x0CF0 (3312) pixels
0x0000, 0x0000, 0x0000, 0x0000, 0x0000, 0x0000, 0x0000, 0x0000, 0x0000, 0x0000, 0x0000, 0x0000, 0xFFFF, 0xFFFF, 0xFFFF, 0xFFFF,   // 0x0D00 (3328) pixels
0xFFFF, 0xFFFF, 0xFFFF, 0xFFFF, 0x0000, 0x0000, 0x0000, 0x0000, 0x0000, 0x0000, 0x0000, 0x0000, 0x0000, 0x0000, 0x0000, 0x0000,   // 0x0D10 (3344) pixels
0x0000, 0x0000, 0x0000, 0x0000, 0x0000, 0x0000, 0x0000, 0x0000, 0x0000, 0x0000, 0x0000, 0x0000, 0x0000, 0x0000, 0xFFFF, 0xFFFF,   // 0x0D20 (3360) pixels
0xFFFF, 0xFFFF, 0x0000, 0x0000, 0x0000, 0x0000, 0x0000, 0x0000, 0x0000, 0x0000, 0x0000, 0x0000, 0x0000, 0x0000, 0x0000, 0x0000,   // 0x0D30 (3376) pixels
0x0000, 0x0000, 0x0000, 0x0000, 0x0000, 0x0000, 0x0000, 0x0000, 0x0000, 0x0000, 0x0000, 0x0000, 0xFFFF, 0xFFFF, 0xFFFF, 0xFFFF,   // 0x0D40 (3392) pixels
0xFFFF, 0xFFFF, 0xFFFF, 0xFFFF, 0x0000, 0x0000, 0x0000, 0x0000, 0x0000, 0x0000, 0x0000, 0x0000, 0x0000, 0x0000, 0x0000, 0x0000,   // 0x0D50 (3408) pixels
0x0000, 0x0000, 0x0000, 0x0000, 0x0000, 0x0000, 0x0000, 0x0000, 0x0000, 0x0000, 0x0000, 0x0000, 0x0000, 0x0000, 0xFFFF, 0xFFFF,   // 0x0D60 (3424) pixels
0xFFFF, 0xFFFF, 0x0000, 0x0000, 0x0000, 0x0000, 0x0000, 0x0000, 0x0000, 0x0000, 0x0000, 0x0000, 0x0000, 0x0000, 0x0000, 0x0000,   // 0x0D70 (3440) pixels
0x0000, 0x0000, 0x0000, 0x0000, 0x0000, 0x0000, 0x0000, 0x0000, 0x0000, 0x0000, 0x0000, 0x0000, 0xFFFF, 0xFFFF, 0xFFFF, 0xFFFF,   // 0x0D80 (3456) pixels
0xFFFF, 0xFFFF, 0xFFFF, 0xFFFF, 0x0861, 0x0000, 0x0000, 0x0000, 0x0000, 0x0000, 0x0000, 0x0000, 0x0000, 0x0000, 0x0000, 0x0000,   // 0x0D90 (3472) pixels
0x0000, 0x0000, 0x0000, 0x0000, 0x0000, 0x0000, 0x0000, 0x0000, 0x0000, 0x0000, 0x0000, 0x0000, 0x0000, 0x0861, 0xFFFF, 0xFFFF,   // 0x0DA0 (3488) pixels
0xFFFF, 0xFFFF, 0x0861, 0x0000, 0x0000, 0x0000, 0x0000, 0x0000, 0x0000, 0x0000, 0x0000, 0x0000, 0x0000, 0x0000, 0x0000, 0x0000,   // 0x0DB0 (3504) pixels
0x0000, 0x0000, 0x0000, 0x0000, 0x0000, 0x0000, 0x0000, 0x0000, 0x0000, 0x0000, 0x0000, 0x0861, 0xFFFF, 0xFFFF, 0xFFFF, 0xFFFF,   // 0x0DC0 (3520) pixels
0xFFFF, 0xFFFF, 0xFFFF, 0xFFFF, 0x31A6, 0x0000, 0x0000, 0x0000, 0x0000, 0x0000, 0x0000, 0x0000, 0x0000, 0x0000, 0x0000, 0x0000,   // 0x0DD0 (3536) pixels
0x0000, 0x0000, 0x0000, 0x0000, 0x0000, 0x0000, 0x0000, 0x0000, 0x0000, 0x0000, 0x0000, 0x0000, 0x0000, 0x39C7, 0xFFFF, 0xFFFF,   // 0x0DE0 (3552) pixels
0xFFFF, 0xFFFF, 0x31A6, 0x0000, 0x0000, 0x0000, 0x0000, 0x0000, 0x0000, 0x0000, 0x0000, 0x0000, 0x0000, 0x0000, 0x0000, 0x0000,   // 0x0DF0 (3568) pixels
0x0000, 0x0000, 0x0000, 0x0000, 0x0000, 0x0000, 0x0000, 0x0000, 0x0000, 0x0000, 0x0000, 0x39C7, 0xFFFF, 0xFFFF, 0xFFFF, 0xFFFF,   // 0x0E00 (3584) pixels
0xFFFF, 0xFFFF, 0xFFFF, 0xFFFF, 0x9492, 0x0000, 0x0000, 0x0000, 0x0000, 0x0000, 0x0000, 0x0000, 0x0000, 0x0000, 0x0000, 0x0000,   // 0x0E10 (3600) pixels
0x0000, 0x0000, 0x0000, 0x0000, 0x0000, 0x0000, 0x0000, 0x0000, 0x0000, 0x0000, 0x0000, 0x0000, 0x0000, 0x94B2, 0xFFFF, 0xFFFF,   // 0x0E20 (3616) pixels
0xFFFF, 0xFFFF, 0x9492, 0x0000, 0x0000, 0x0000, 0x0000, 0x0000, 0x0000, 0x0000, 0x0000, 0x0000, 0x0000, 0x0000, 0x0000, 0x0000,   // 0x0E30 (3632) pixels
0x0000, 0x0000, 0x0000, 0x0000, 0x0000, 0x0000, 0x0000, 0x0000, 0x0000, 0x0000, 0x0000, 0x94B2, 0xFFFF, 0xFFFF, 0xFFFF, 0xFFFF,   // 0x0E40 (3648) pixels
0xFFFF, 0xFFFF, 0xFFFF, 0xFFFF, 0xFFDF, 0x3186, 0x0000, 0x0000, 0x0000, 0x0000, 0x0000, 0x0000, 0x0000, 0x0000, 0x0000, 0x0000,   // 0x0E50 (3664) pixels
0x0000, 0x0000, 0x0000, 0x0000, 0x0000, 0x0000, 0x0000, 0x0000, 0x0000, 0x0000, 0x0000, 0x0000, 0x3186, 0xFFDF, 0xFFFF, 0xFFFF,   // 0x0E60 (3680) pixels
0xFFFF, 0xFFFF, 0xFFDF, 0x3186, 0x0000, 0x0000, 0x0000, 0x0000, 0x0000, 0x0000, 0x0000, 0x0000, 0x0000, 0x0000, 0x0000, 0x0000,   // 0x0E70 (3696) pixels
0x0000, 0x0000, 0x0000, 0x0000, 0x0000, 0x0000, 0x0000, 0x0000, 0x0000, 0x0000, 0x3186, 0xFFDF, 0xFFFF, 0xFFFF, 0xFFFF, 0xFFFF,   // 0x0E80 (3712) pixels
0xFFFF, 0xFFFF, 0xFFFF, 0xFFFF, 0xFFFF, 0xE73C, 0x3186, 0x0000, 0x0000, 0x0000, 0x0000, 0x0000, 0x0000, 0x0000, 0x0000, 0x0000,   // 0x0E90 (3728) pixels
0x0000, 0x0000, 0x0000, 0x0000, 0x0000, 0x0000, 0x0000, 0x0000, 0x0000, 0x0000, 0x0000, 0x3186, 0xE73C, 0xFFFF, 0xFFFF, 0xFFFF,   // 0x0EA0 (3744) pixels
0xFFFF, 0xFFFF, 0xFFFF, 0xE73C, 0x3186, 0x0000, 0x0000, 0x0000, 0x0000, 0x0000, 0x0000, 0x0000, 0x0000, 0x0000, 0x0000, 0x0000,   // 0x0EB0 (3760) pixels
0x0000, 0x0000, 0x0000, 0x0000, 0x0000, 0x0000, 0x0000, 0x0000, 0x0000, 0x3186, 0xE73C, 0xFFFF, 0xFFFF, 0xFFFF, 0xFFFF, 0xFFFF,   // 0x0EC0 (3776) pixels
0xFFFF, 0xFFFF, 0xFFFF, 0xFFFF, 0xFFFF, 0xFFFF, 0xFFDF, 0x9492, 0x39C7, 0x0861, 0x0000, 0x0000, 0x0000, 0x0000, 0x0000, 0x0000,   // 0x0ED0 (3792) pixels
0x0000, 0x0000, 0x0000, 0x0000, 0x0000, 0x0000, 0x0000, 0x0000, 0x0861, 0x39C7, 0x94B2, 0xFFDF, 0xFFFF, 0xFFFF, 0xFFFF, 0xFFFF,   // 0x0EE0 (3808) pixels
0xFFFF, 0xFFFF, 0xFFFF, 0xFFFF, 0xFFDF, 0x9492, 0x39C7, 0x0861, 0x0000, 0x0000, 0x0000, 0x0000, 0x0000, 0x0000, 0x0000, 0x0000,   // 0x0EF0 (3824) pixels
0x0000, 0x0000, 0x0000, 0x0000, 0x0000, 0x0000, 0x0861, 0x39C7, 0x94B2, 0xFFDF, 0xFFFF, 0xFFFF, 0xFFFF, 0xFFFF, 0xFFFF, 0xFFFF,   // 0x0F00 (3840) pixels
0xFFFF, 0xFFFF, 0xFFFF, 0xFFFF, 0xFFFF, 0xFFFF, 0xFFFF, 0xFFFF, 0xFFFF, 0xFFFF, 0xFFFF, 0xFFFF, 0xFFFF, 0xFFFF, 0xFFFF, 0xFFFF,   // 0x0F10 (3856) pixels
0xFFFF, 0xFFFF, 0xFFFF, 0xFFFF, 0xFFFF, 0xFFFF, 0xFFFF, 0xFFFF, 0xFFFF, 0xFFFF, 0xFFFF, 0xFFFF, 0xFFFF, 0xFFFF, 0xFFFF, 0xFFFF,   // 0x0F20 (3872) pixels
0xFFFF, 0xFFFF, 0xFFFF, 0xFFFF, 0xFFFF, 0xFFFF, 0xFFFF, 0xFFFF, 0xFFFF, 0xFFFF, 0xFFFF, 0xFFFF, 0xFFFF, 0xFFFF, 0xFFFF, 0xFFFF,   // 0x0F30 (3888) pixels
0xFFFF, 0xFFFF, 0xFFFF, 0xFFFF, 0xFFFF, 0xFFFF, 0xFFFF, 0xFFFF, 0xFFFF, 0xFFFF, 0xFFFF, 0xFFFF, 0xFFFF, 0xFFFF, 0xFFFF, 0xFFFF,   // 0x0F40 (3904) pixels
0xFFFF, 0xFFFF, 0xFFFF, 0xFFFF, 0xFFFF, 0xFFFF, 0xFFFF, 0xFFFF, 0xFFFF, 0xFFFF, 0xFFFF, 0xFFFF, 0xFFFF, 0xFFFF, 0xFFFF, 0xFFFF,   // 0x0F50 (3920) pixels
0xFFFF, 0xFFFF, 0xFFFF, 0xFFFF, 0xFFFF, 0xFFFF, 0xFFFF, 0xFFFF, 0xFFFF, 0xFFFF, 0xFFFF, 0xFFFF, 0xFFFF, 0xFFFF, 0xFFFF, 0xFFFF,   // 0x0F60 (3936) pixels
0xFFFF, 0xFFFF, 0xFFFF, 0xFFFF, 0xFFFF, 0xFFFF, 0xFFFF, 0xFFFF, 0xFFFF, 0xFFFF, 0xFFFF, 0xFFFF, 0xFFFF, 0xFFFF, 0xFFFF, 0xFFFF,   // 0x0F70 (3952) pixels
0xFFFF, 0xFFFF, 0xFFFF, 0xFFFF, 0xFFFF, 0xFFFF, 0xFFFF, 0xFFFF, 0xFFFF, 0xFFFF, 0xFFFF, 0xFFFF, 0xFFFF, 0xFFFF, 0xFFFF, 0xFFFF,   // 0x0F80 (3968) pixels
0xFFFF, 0xFFFF, 0xFFFF, 0xFFFF, 0xFFFF, 0xFFFF, 0xFFFF, 0xFFFF, 0xFFFF, 0xFFFF, 0xFFFF, 0xFFFF, 0xFFFF, 0xFFFF, 0xFFFF, 0xFFFF,   // 0x0F90 (3984) pixels
0xFFFF, 0xFFFF, 0xFFFF, 0xFFFF, 0xFFFF, 0xFFFF, 0xFFFF, 0xFFFF, 0xFFFF, 0xFFFF, 0xFFFF, 0xFFFF, 0xFFFF, 0xFFFF, 0xFFFF, 0xFFFF,   // 0x0FA0 (4000) pixels
0xFFFF, 0xFFFF, 0xFFFF, 0xFFFF, 0xFFFF, 0xFFFF, 0xFFFF, 0xFFFF, 0xFFFF, 0xFFFF, 0xFFFF, 0xFFFF, 0xFFFF, 0xFFFF, 0xFFFF, 0xFFFF,   // 0x0FB0 (4016) pixels
0xFFFF, 0xFFFF, 0xFFFF, 0xFFFF, 0xFFFF, 0xFFFF, 0xFFFF, 0xFFFF, 0xFFFF, 0xFFFF, 0xFFFF, 0xFFFF, 0xFFFF, 0xFFFF, 0xFFFF, 0xFFFF,   // 0x0FC0 (4032) pixels
0xFFFF, 0xFFFF, 0xFFFF, 0xFFFF, 0xFFFF, 0xFFFF, 0xFFFF, 0xFFFF, 0xFFFF, 0xFFFF, 0xFFFF, 0xFFFF, 0xFFFF, 0xFFFF, 0xFFFF, 0xFFFF,   // 0x0FD0 (4048) pixels
0xFFFF, 0xFFFF, 0xFFFF, 0xFFFF, 0xFFFF, 0xFFFF, 0xFFFF, 0xFFFF, 0xFFFF, 0xFFFF, 0xFFFF, 0xFFFF, 0xFFFF, 0xFFFF, 0xFFFF, 0xFFFF,   // 0x0FE0 (4064) pixels
0xFFFF, 0xFFFF, 0xFFFF, 0xFFFF, 0xFFFF, 0xFFFF, 0xFFFF, 0xFFFF, 0xFFFF, 0xFFFF, 0xFFFF, 0xFFFF, 0xFFFF, 0xFFFF, 0xFFFF, 0xFFFF,   // 0x0FF0 (4080) pixels
0xFFFF, 0xFFFF, 0xFFFF, 0xFFFF, 0xFFFF, 0xFFFF, 0xFFFF, 0xFFFF, 0xFFFF, 0xFFFF, 0xFFFF, 0xFFFF, 0xFFFF, 0xFFFF, 0xFFFF, 0xFFFF,   // 0x1000 (4096) pixels
};
