2025-12-04 23:07:00,874 - INFO - ==================================================
2025-12-04 23:07:00,875 - INFO - Cheap Deck Controller Starting
2025-12-04 23:07:00,875 - INFO - ==================================================
2025-12-04 23:07:00,875 - INFO - Connecting to COM8 at 9600 baud...
2025-12-04 23:07:00,877 - INFO - Serial connection established
2025-12-04 23:07:00,877 - INFO - Initializing audio control...
2025-12-04 23:07:00,882 - INFO - Audio control initialized
2025-12-04 23:07:00,882 - INFO - Starting main loop...
2025-12-04 23:07:20,433 - INFO - Received command: Action: NEXT
2025-12-04 23:07:20,543 - INFO - Pressed key: l
2025-12-04 23:07:21,234 - INFO - Received command: Action: DEF
2025-12-04 23:07:21,339 - INFO - Pressed hotkey: ctrl+shift+alt+d
2025-12-04 23:07:22,292 - INFO - Received command: Action: DEF
2025-12-04 23:07:22,397 - INFO - Pressed hotkey: ctrl+shift+alt+d
2025-12-04 23:07:25,679 - INFO - Received command: Action: open_sliders
2025-12-04 23:07:25,680 - WARNING - No configuration found for button: open_sliders
2025-12-04 23:07:26,773 - INFO - Received command: Analog pin A8 raw value: 572 -> slider_1:55
2025-12-04 23:07:26,780 - INFO - Brave Browser volume set to 55%
2025-12-04 23:07:26,851 - INFO - Received command: Analog pin A9 raw value: 449 -> slider_2:43
2025-12-04 23:07:26,859 - INFO - Setting Discord.exe volume to 43%
2025-12-04 23:07:26,860 - INFO - Setting Discord.exe volume to 43%
2025-12-04 23:07:26,861 - INFO - Discord volume set to 43%
2025-12-04 23:07:26,929 - INFO - Received command: Analog pin A10 raw value: 389 -> slider_3:38
2025-12-04 23:07:26,935 - INFO - Setting system volume to 38%
2025-12-04 23:07:26,937 - INFO - System volume set to 38%
2025-12-04 23:07:27,003 - INFO - Received command: Analog pin A8 raw value: 253 -> slider_1:24
2025-12-04 23:07:27,008 - INFO - Brave Browser volume set to 24%
2025-12-04 23:07:27,081 - INFO - Received command: Analog pin A9 raw value: 306 -> slider_2:29
2025-12-04 23:07:27,086 - INFO - Setting Discord.exe volume to 29%
2025-12-04 23:07:27,087 - INFO - Setting Discord.exe volume to 29%
2025-12-04 23:07:27,087 - INFO - Discord volume set to 29%
2025-12-04 23:07:27,154 - INFO - Received command: Analog pin A10 raw value: 322 -> slider_3:31
2025-12-04 23:07:27,161 - INFO - Setting system volume to 31%
2025-12-04 23:07:27,162 - INFO - System volume set to 31%
2025-12-04 23:07:27,227 - INFO - Received command: Analog pin A8 raw value: 206 -> slider_1:20
2025-12-04 23:07:27,237 - INFO - Brave Browser volume set to 20%
2025-12-04 23:07:27,301 - INFO - Received command: Analog pin A9 raw value: 255 -> slider_2:24
2025-12-04 23:07:27,309 - INFO - Setting Discord.exe volume to 24%
2025-12-04 23:07:27,309 - INFO - Setting Discord.exe volume to 24%
2025-12-04 23:07:27,310 - INFO - Discord volume set to 24%
2025-12-04 23:07:27,375 - INFO - Received command: Analog pin A10 raw value: 287 -> slider_3:28
2025-12-04 23:07:27,379 - INFO - Setting system volume to 28%
2025-12-04 23:07:27,380 - INFO - System volume set to 28%
2025-12-04 23:07:27,445 - INFO - Received command: Analog pin A8 raw value: 185 -> slider_1:18
2025-12-04 23:07:27,449 - INFO - Brave Browser volume set to 18%
2025-12-04 23:07:27,519 - INFO - Received command: Analog pin A9 raw value: 228 -> slider_2:22
2025-12-04 23:07:27,525 - INFO - Setting Discord.exe volume to 22%
2025-12-04 23:07:27,525 - INFO - Setting Discord.exe volume to 22%
2025-12-04 23:07:27,527 - INFO - Discord volume set to 22%
2025-12-04 23:07:27,593 - INFO - Received command: Analog pin A10 raw value: 263 -> slider_3:25
2025-12-04 23:07:27,599 - INFO - Setting system volume to 25%
2025-12-04 23:07:27,600 - INFO - System volume set to 25%
2025-12-04 23:07:27,662 - INFO - Received command: Analog pin A8 raw value: 174 -> slider_1:17
2025-12-04 23:07:27,669 - INFO - Brave Browser volume set to 17%
2025-12-04 23:07:27,736 - INFO - Received command: Analog pin A9 raw value: 207 -> slider_2:20
2025-12-04 23:07:27,741 - INFO - Setting Discord.exe volume to 20%
2025-12-04 23:07:27,742 - INFO - Setting Discord.exe volume to 20%
2025-12-04 23:07:27,742 - INFO - Discord volume set to 20%
2025-12-04 23:07:27,809 - INFO - Received command: Analog pin A10 raw value: 249 -> slider_3:24
2025-12-04 23:07:27,817 - INFO - Setting system volume to 24%
2025-12-04 23:07:27,818 - INFO - System volume set to 24%
2025-12-04 23:07:27,879 - INFO - Received command: Analog pin A8 raw value: 161 -> slider_1:15
2025-12-04 23:07:27,886 - INFO - Brave Browser volume set to 15%
2025-12-04 23:07:27,949 - INFO - Received command: Analog pin A9 raw value: 196 -> slider_2:19
2025-12-04 23:07:27,954 - INFO - Setting Discord.exe volume to 19%
2025-12-04 23:07:27,955 - INFO - Setting Discord.exe volume to 19%
2025-12-04 23:07:27,955 - INFO - Discord volume set to 19%
2025-12-04 23:07:28,023 - INFO - Received command: Analog pin A10 raw value: 237 -> slider_3:23
2025-12-04 23:07:28,028 - INFO - Setting system volume to 23%
2025-12-04 23:07:28,029 - INFO - System volume set to 23%
2025-12-04 23:07:28,092 - INFO - Received command: Analog pin A8 raw value: 151 -> slider_1:14
2025-12-04 23:07:28,097 - INFO - Brave Browser volume set to 14%
2025-12-04 23:07:28,162 - INFO - Received command: Analog pin A10 raw value: 223 -> slider_3:21
2025-12-04 23:07:28,169 - INFO - Setting system volume to 21%
2025-12-04 23:07:28,170 - INFO - System volume set to 21%
2025-12-04 23:07:28,231 - INFO - Received command: Analog pin A8 raw value: 137 -> slider_1:13
2025-12-04 23:07:28,237 - INFO - Brave Browser volume set to 13%
2025-12-04 23:07:28,309 - INFO - Received command: Analog pin A9 raw value: 303 -> slider_2:29
2025-12-04 23:07:28,314 - INFO - Setting Discord.exe volume to 29%
2025-12-04 23:07:28,315 - INFO - Setting Discord.exe volume to 29%
2025-12-04 23:07:28,316 - INFO - Discord volume set to 29%
2025-12-04 23:07:28,374 - INFO - Received command: Analog pin A10 raw value: 116 -> slider_3:11
2025-12-04 23:07:28,380 - INFO - Setting system volume to 11%
2025-12-04 23:07:28,381 - INFO - System volume set to 11%
2025-12-04 23:07:28,448 - INFO - Received command: Analog pin A8 raw value: 259 -> slider_1:25
2025-12-04 23:07:28,453 - INFO - Brave Browser volume set to 25%
2025-12-04 23:07:28,530 - INFO - Received command: Analog pin A9 raw value: 438 -> slider_2:42
2025-12-04 23:07:28,536 - INFO - Setting Discord.exe volume to 42%
2025-12-04 23:07:28,537 - INFO - Setting Discord.exe volume to 42%
2025-12-04 23:07:28,537 - INFO - Discord volume set to 42%
2025-12-04 23:07:28,604 - INFO - Received command: Analog pin A10 raw value: 363 -> slider_3:35
2025-12-04 23:07:28,609 - INFO - Setting system volume to 35%
2025-12-04 23:07:28,609 - INFO - System volume set to 35%
2025-12-04 23:07:28,674 - INFO - Received command: Analog pin A8 raw value: 111 -> slider_1:10
2025-12-04 23:07:28,680 - INFO - Brave Browser volume set to 10%
2025-12-04 23:07:28,743 - INFO - Received command: Analog pin A9 raw value: 204 -> slider_2:19
2025-12-04 23:07:28,749 - INFO - Setting Discord.exe volume to 19%
2025-12-04 23:07:28,750 - INFO - Setting Discord.exe volume to 19%
2025-12-04 23:07:28,751 - INFO - Discord volume set to 19%
2025-12-04 23:07:28,817 - INFO - Received command: Analog pin A10 raw value: 247 -> slider_3:24
2025-12-04 23:07:28,822 - INFO - Setting system volume to 24%
2025-12-04 23:07:28,823 - INFO - System volume set to 24%
2025-12-04 23:07:28,887 - INFO - Received command: Analog pin A8 raw value: 148 -> slider_1:14
2025-12-04 23:07:28,892 - INFO - Brave Browser volume set to 14%
2025-12-04 23:07:28,956 - INFO - Received command: Analog pin A9 raw value: 175 -> slider_2:17
2025-12-04 23:07:28,963 - INFO - Setting Discord.exe volume to 17%
2025-12-04 23:07:28,964 - INFO - Setting Discord.exe volume to 17%
2025-12-04 23:07:28,965 - INFO - Discord volume set to 17%
2025-12-04 23:07:29,030 - INFO - Received command: Analog pin A10 raw value: 233 -> slider_3:22
2025-12-04 23:07:29,037 - INFO - Setting system volume to 22%
2025-12-04 23:07:29,038 - INFO - System volume set to 22%
2025-12-04 23:07:29,100 - INFO - Received command: Analog pin A8 raw value: 127 -> slider_1:12
2025-12-04 23:07:29,106 - INFO - Brave Browser volume set to 12%
2025-12-04 23:07:29,169 - INFO - Received command: Analog pin A9 raw value: 188 -> slider_2:18
2025-12-04 23:07:29,176 - INFO - Setting Discord.exe volume to 18%
2025-12-04 23:07:29,176 - INFO - Setting Discord.exe volume to 18%
2025-12-04 23:07:29,178 - INFO - Discord volume set to 18%
2025-12-04 23:07:29,243 - INFO - Received command: Analog pin A10 raw value: 210 -> slider_3:20
2025-12-04 23:07:29,249 - INFO - Setting system volume to 20%
2025-12-04 23:07:29,250 - INFO - System volume set to 20%
2025-12-04 23:07:29,313 - INFO - Received command: Analog pin A8 raw value: 148 -> slider_1:14
2025-12-04 23:07:29,317 - INFO - Brave Browser volume set to 14%
2025-12-04 23:07:29,382 - INFO - Received command: Analog pin A9 raw value: 163 -> slider_2:15
2025-12-04 23:07:29,388 - INFO - Setting Discord.exe volume to 15%
2025-12-04 23:07:29,388 - INFO - Setting Discord.exe volume to 15%
2025-12-04 23:07:29,389 - INFO - Discord volume set to 15%
2025-12-04 23:07:29,452 - INFO - Received command: Analog pin A10 raw value: 225 -> slider_3:21
2025-12-04 23:07:29,456 - INFO - Setting system volume to 21%
2025-12-04 23:07:29,457 - INFO - System volume set to 21%
2025-12-04 23:07:29,522 - INFO - Received command: Analog pin A8 raw value: 135 -> slider_1:13
2025-12-04 23:07:29,527 - INFO - Brave Browser volume set to 13%
2025-12-04 23:07:29,591 - INFO - Received command: Analog pin A9 raw value: 184 -> slider_2:17
2025-12-04 23:07:29,596 - INFO - Setting Discord.exe volume to 17%
2025-12-04 23:07:29,596 - INFO - Setting Discord.exe volume to 17%
2025-12-04 23:07:29,597 - INFO - Discord volume set to 17%
2025-12-04 23:07:29,661 - INFO - Received command: Analog pin A10 raw value: 202 -> slider_3:19
2025-12-04 23:07:29,667 - INFO - Setting system volume to 19%
2025-12-04 23:07:29,668 - INFO - System volume set to 19%
2025-12-04 23:07:29,731 - INFO - Received command: Analog pin A8 raw value: 150 -> slider_1:14
2025-12-04 23:07:29,735 - INFO - Brave Browser volume set to 14%
2025-12-04 23:07:29,800 - INFO - Received command: Analog pin A9 raw value: 159 -> slider_2:15
2025-12-04 23:07:29,805 - INFO - Setting Discord.exe volume to 15%
2025-12-04 23:07:29,806 - INFO - Setting Discord.exe volume to 15%
2025-12-04 23:07:29,807 - INFO - Discord volume set to 15%
2025-12-04 23:07:29,874 - INFO - Received command: Analog pin A10 raw value: 223 -> slider_3:21
2025-12-04 23:07:29,878 - INFO - Setting system volume to 21%
2025-12-04 23:07:29,879 - INFO - System volume set to 21%
2025-12-04 23:07:29,939 - INFO - Received command: Analog pin A8 raw value: 132 -> slider_1:12
2025-12-04 23:07:29,943 - INFO - Brave Browser volume set to 12%
2025-12-04 23:07:30,008 - INFO - Received command: Analog pin A9 raw value: 182 -> slider_2:17
2025-12-04 23:07:30,013 - INFO - Setting Discord.exe volume to 17%
2025-12-04 23:07:30,014 - INFO - Setting Discord.exe volume to 17%
2025-12-04 23:07:30,014 - INFO - Discord volume set to 17%
2025-12-04 23:07:30,083 - INFO - Received command: Analog pin A10 raw value: 202 -> slider_3:19
2025-12-04 23:07:30,087 - INFO - Setting system volume to 19%
2025-12-04 23:07:30,088 - INFO - System volume set to 19%
2025-12-04 23:07:30,152 - INFO - Received command: Analog pin A8 raw value: 147 -> slider_1:14
2025-12-04 23:07:30,157 - INFO - Brave Browser volume set to 14%
2025-12-04 23:07:30,222 - INFO - Received command: Analog pin A9 raw value: 158 -> slider_2:15
2025-12-04 23:07:30,227 - INFO - Setting Discord.exe volume to 15%
2025-12-04 23:07:30,228 - INFO - Setting Discord.exe volume to 15%
2025-12-04 23:07:30,228 - INFO - Discord volume set to 15%
2025-12-04 23:07:30,292 - INFO - Received command: Analog pin A10 raw value: 221 -> slider_3:21
2025-12-04 23:07:30,297 - INFO - Setting system volume to 21%
2025-12-04 23:07:30,297 - INFO - System volume set to 21%
2025-12-04 23:07:30,361 - INFO - Received command: Analog pin A8 raw value: 130 -> slider_1:12
2025-12-04 23:07:30,367 - INFO - Brave Browser volume set to 12%
2025-12-04 23:07:30,430 - INFO - Received command: Analog pin A9 raw value: 181 -> slider_2:17
2025-12-04 23:07:30,436 - INFO - Setting Discord.exe volume to 17%
2025-12-04 23:07:30,437 - INFO - Setting Discord.exe volume to 17%
2025-12-04 23:07:30,438 - INFO - Discord volume set to 17%
2025-12-04 23:07:30,500 - INFO - Received command: Analog pin A10 raw value: 202 -> slider_3:19
2025-12-04 23:07:30,505 - INFO - Setting system volume to 19%
2025-12-04 23:07:30,506 - INFO - System volume set to 19%
2025-12-04 23:07:30,570 - INFO - Received command: Analog pin A8 raw value: 147 -> slider_1:14
2025-12-04 23:07:30,574 - INFO - Brave Browser volume set to 14%
2025-12-04 23:07:30,640 - INFO - Received command: Analog pin A9 raw value: 158 -> slider_2:15
2025-12-04 23:07:30,645 - INFO - Setting Discord.exe volume to 15%
2025-12-04 23:07:30,646 - INFO - Setting Discord.exe volume to 15%
2025-12-04 23:07:30,647 - INFO - Discord volume set to 15%
2025-12-04 23:07:30,713 - INFO - Received command: Analog pin A10 raw value: 219 -> slider_3:21
2025-12-04 23:07:30,721 - INFO - Setting system volume to 21%
2025-12-04 23:07:30,722 - INFO - System volume set to 21%
2025-12-04 23:07:30,783 - INFO - Received command: Analog pin A8 raw value: 129 -> slider_1:12
2025-12-04 23:07:30,794 - INFO - Brave Browser volume set to 12%
2025-12-04 23:07:30,848 - INFO - Received command: Analog pin A9 raw value: 181 -> slider_2:17
2025-12-04 23:07:30,854 - INFO - Setting Discord.exe volume to 17%
2025-12-04 23:07:30,854 - INFO - Setting Discord.exe volume to 17%
2025-12-04 23:07:30,857 - INFO - Discord volume set to 17%
2025-12-04 23:07:30,922 - INFO - Received command: Analog pin A10 raw value: 201 -> slider_3:19
2025-12-04 23:07:30,933 - INFO - Setting system volume to 19%
2025-12-04 23:07:30,935 - INFO - System volume set to 19%
2025-12-04 23:07:30,992 - INFO - Received command: Analog pin A8 raw value: 145 -> slider_1:14
2025-12-04 23:07:31,000 - INFO - Brave Browser volume set to 14%
2025-12-04 23:07:31,061 - INFO - Received command: Analog pin A9 raw value: 158 -> slider_2:15
2025-12-04 23:07:31,067 - INFO - Setting Discord.exe volume to 15%
2025-12-04 23:07:31,067 - INFO - Setting Discord.exe volume to 15%
2025-12-04 23:07:31,068 - INFO - Discord volume set to 15%
2025-12-04 23:07:31,131 - INFO - Received command: Analog pin A10 raw value: 218 -> slider_3:21
2025-12-04 23:07:31,137 - INFO - Setting system volume to 21%
2025-12-04 23:07:31,138 - INFO - System volume set to 21%
2025-12-04 23:07:31,201 - INFO - Received command: Analog pin A8 raw value: 128 -> slider_1:12
2025-12-04 23:07:31,208 - INFO - Brave Browser volume set to 12%
2025-12-04 23:07:31,271 - INFO - Received command: Analog pin A9 raw value: 182 -> slider_2:17
2025-12-04 23:07:31,276 - INFO - Setting Discord.exe volume to 17%
2025-12-04 23:07:31,276 - INFO - Setting Discord.exe volume to 17%
2025-12-04 23:07:31,277 - INFO - Discord volume set to 17%
2025-12-04 23:07:31,340 - INFO - Received command: Analog pin A10 raw value: 200 -> slider_3:19
2025-12-04 23:07:31,346 - INFO - Setting system volume to 19%
2025-12-04 23:07:31,347 - INFO - System volume set to 19%
2025-12-04 23:07:31,410 - INFO - Received command: Analog pin A8 raw value: 147 -> slider_1:14
2025-12-04 23:07:31,414 - INFO - Brave Browser volume set to 14%
2025-12-04 23:07:31,479 - INFO - Received command: Analog pin A9 raw value: 153 -> slider_2:14
2025-12-04 23:07:31,487 - INFO - Setting Discord.exe volume to 14%
2025-12-04 23:07:31,487 - INFO - Setting Discord.exe volume to 14%
2025-12-04 23:07:31,488 - INFO - Discord volume set to 14%
2025-12-04 23:07:31,549 - INFO - Received command: Analog pin A10 raw value: 215 -> slider_3:21
2025-12-04 23:07:31,554 - INFO - Setting system volume to 21%
2025-12-04 23:07:31,556 - INFO - System volume set to 21%
2025-12-04 23:07:31,619 - INFO - Received command: Analog pin A8 raw value: 130 -> slider_1:12
2025-12-04 23:07:31,623 - INFO - Brave Browser volume set to 12%
2025-12-04 23:07:31,688 - INFO - Received command: Analog pin A9 raw value: 184 -> slider_2:17
2025-12-04 23:07:31,693 - INFO - Setting Discord.exe volume to 17%
2025-12-04 23:07:31,694 - INFO - Setting Discord.exe volume to 17%
2025-12-04 23:07:31,695 - INFO - Discord volume set to 17%
2025-12-04 23:07:31,762 - INFO - Received command: Analog pin A10 raw value: 211 -> slider_3:20
2025-12-04 23:07:31,768 - INFO - Setting system volume to 20%
2025-12-04 23:07:31,769 - INFO - System volume set to 20%
2025-12-04 23:07:31,832 - INFO - Received command: Analog pin A9 raw value: 115 -> slider_2:11
2025-12-04 23:07:31,838 - INFO - Setting Discord.exe volume to 11%
2025-12-04 23:07:31,838 - INFO - Setting Discord.exe volume to 11%
2025-12-04 23:07:31,839 - INFO - Discord volume set to 11%
2025-12-04 23:07:31,901 - INFO - Received command: Analog pin A10 raw value: 193 -> slider_3:18
2025-12-04 23:07:31,906 - INFO - Setting system volume to 18%
2025-12-04 23:07:31,907 - INFO - System volume set to 18%
2025-12-04 23:07:31,970 - INFO - Received command: Analog pin A8 raw value: 110 -> slider_1:10
2025-12-04 23:07:31,976 - INFO - Brave Browser volume set to 10%
2025-12-04 23:07:32,040 - INFO - Received command: Analog pin A9 raw value: 160 -> slider_2:15
2025-12-04 23:07:32,047 - INFO - Setting Discord.exe volume to 15%
2025-12-04 23:07:32,047 - INFO - Setting Discord.exe volume to 15%
2025-12-04 23:07:32,048 - INFO - Discord volume set to 15%
2025-12-04 23:07:32,110 - INFO - Received command: Analog pin A10 raw value: 198 -> slider_3:19
2025-12-04 23:07:32,114 - INFO - Setting system volume to 19%
2025-12-04 23:07:32,115 - INFO - System volume set to 19%
2025-12-04 23:07:32,180 - INFO - Received command: Analog pin A8 raw value: 129 -> slider_1:12
2025-12-04 23:07:32,188 - INFO - Brave Browser volume set to 12%
2025-12-04 23:07:32,249 - INFO - Received command: Analog pin A10 raw value: 180 -> slider_3:17
2025-12-04 23:07:32,254 - INFO - Setting system volume to 17%
2025-12-04 23:07:32,255 - INFO - System volume set to 17%
2025-12-04 23:07:32,314 - INFO - Received command: Analog pin A8 raw value: 116 -> slider_1:11
2025-12-04 23:07:32,320 - INFO - Brave Browser volume set to 11%
2025-12-04 23:07:32,385 - INFO - Received command: Analog pin A9 raw value: 167 -> slider_2:16
2025-12-04 23:07:32,392 - INFO - Setting Discord.exe volume to 16%
2025-12-04 23:07:32,393 - INFO - Setting Discord.exe volume to 16%
2025-12-04 23:07:32,394 - INFO - Discord volume set to 16%
2025-12-04 23:07:32,454 - INFO - Received command: Analog pin A10 raw value: 167 -> slider_3:16
2025-12-04 23:07:32,461 - INFO - Setting system volume to 16%
2025-12-04 23:07:32,462 - INFO - System volume set to 16%
2025-12-04 23:07:32,524 - INFO - Received command: Analog pin A8 raw value: 134 -> slider_1:13
2025-12-04 23:07:32,530 - INFO - Brave Browser volume set to 13%
2025-12-04 23:07:32,593 - INFO - Received command: Analog pin A9 raw value: 131 -> slider_2:12
2025-12-04 23:07:32,599 - INFO - Setting Discord.exe volume to 12%
2025-12-04 23:07:32,600 - INFO - Setting Discord.exe volume to 12%
2025-12-04 23:07:32,601 - INFO - Discord volume set to 12%
2025-12-04 23:07:32,663 - INFO - Received command: Analog pin A10 raw value: 197 -> slider_3:19
2025-12-04 23:07:32,667 - INFO - Setting system volume to 19%
2025-12-04 23:07:32,669 - INFO - System volume set to 19%
2025-12-04 23:07:32,733 - INFO - Received command: Analog pin A8 raw value: 110 -> slider_1:10
2025-12-04 23:07:32,738 - INFO - Brave Browser volume set to 10%
2025-12-04 23:07:32,802 - INFO - Received command: Analog pin A9 raw value: 164 -> slider_2:16
2025-12-04 23:07:32,810 - INFO - Setting Discord.exe volume to 16%
2025-12-04 23:07:32,812 - INFO - Setting Discord.exe volume to 16%
2025-12-04 23:07:32,813 - INFO - Discord volume set to 16%
2025-12-04 23:07:32,872 - INFO - Received command: Analog pin A10 raw value: 166 -> slider_3:16
2025-12-04 23:07:32,877 - INFO - Setting system volume to 16%
2025-12-04 23:07:32,878 - INFO - System volume set to 16%
2025-12-04 23:07:32,941 - INFO - Received command: Analog pin A8 raw value: 132 -> slider_1:12
2025-12-04 23:07:32,947 - INFO - Brave Browser volume set to 12%
2025-12-04 23:07:33,011 - INFO - Received command: Analog pin A9 raw value: 136 -> slider_2:13
2025-12-04 23:07:33,017 - INFO - Setting Discord.exe volume to 13%
2025-12-04 23:07:33,017 - INFO - Setting Discord.exe volume to 13%
2025-12-04 23:07:33,018 - INFO - Discord volume set to 13%
2025-12-04 23:07:33,080 - INFO - Received command: Analog pin A10 raw value: 174 -> slider_3:17
2025-12-04 23:07:33,088 - INFO - Setting system volume to 17%
2025-12-04 23:07:33,089 - INFO - System volume set to 17%
2025-12-04 23:07:33,147 - INFO - Received command: Analog pin A9 raw value: 108 -> slider_2:10
2025-12-04 23:07:33,152 - INFO - Setting Discord.exe volume to 10%
2025-12-04 23:07:33,152 - INFO - Setting Discord.exe volume to 10%
2025-12-04 23:07:33,153 - INFO - Discord volume set to 10%
2025-12-04 23:07:33,216 - INFO - Received command: Analog pin A10 raw value: 134 -> slider_3:13
2025-12-04 23:07:33,220 - INFO - Setting system volume to 13%
2025-12-04 23:07:33,221 - INFO - System volume set to 13%
2025-12-04 23:07:33,285 - INFO - Received command: Analog pin A8 raw value: 134 -> slider_1:13
2025-12-04 23:07:33,291 - INFO - Brave Browser volume set to 13%
2025-12-04 23:07:33,351 - INFO - Received command: Analog pin A9 raw value: 117 -> slider_2:11
2025-12-04 23:07:33,359 - INFO - Setting Discord.exe volume to 11%
2025-12-04 23:07:33,359 - INFO - Setting Discord.exe volume to 11%
2025-12-04 23:07:33,360 - INFO - Discord volume set to 11%
2025-12-04 23:07:33,421 - INFO - Received command: Analog pin A10 raw value: 179 -> slider_3:17
2025-12-04 23:07:33,428 - INFO - Setting system volume to 17%
2025-12-04 23:07:33,429 - INFO - System volume set to 17%
2025-12-04 23:07:33,490 - INFO - Received command: Analog pin A8 raw value: 103 -> slider_1:10
2025-12-04 23:07:33,496 - INFO - Brave Browser volume set to 10%
2025-12-04 23:07:33,560 - INFO - Received command: Analog pin A9 raw value: 143 -> slider_2:13
2025-12-04 23:07:33,565 - INFO - Setting Discord.exe volume to 13%
2025-12-04 23:07:33,565 - INFO - Setting Discord.exe volume to 13%
2025-12-04 23:07:33,566 - INFO - Discord volume set to 13%
2025-12-04 23:07:33,626 - INFO - Received command: Analog pin A8 raw value: 101 -> slider_1:9
2025-12-04 23:07:33,631 - INFO - Brave Browser volume set to 9%
2025-12-04 23:07:33,695 - INFO - Received command: Analog pin A9 raw value: 105 -> slider_2:10
2025-12-04 23:07:33,700 - INFO - Setting Discord.exe volume to 10%
2025-12-04 23:07:33,700 - INFO - Setting Discord.exe volume to 10%
2025-12-04 23:07:33,701 - INFO - Discord volume set to 10%
2025-12-04 23:07:33,764 - INFO - Received command: Analog pin A10 raw value: 168 -> slider_3:16
2025-12-04 23:07:33,770 - INFO - Setting system volume to 16%
2025-12-04 23:07:33,771 - INFO - System volume set to 16%
2025-12-04 23:07:33,830 - INFO - Received command: Analog pin A9 raw value: 84 -> slider_2:8
2025-12-04 23:07:33,836 - INFO - Setting Discord.exe volume to 8%
2025-12-04 23:07:33,837 - INFO - Setting Discord.exe volume to 8%
2025-12-04 23:07:33,837 - INFO - Discord volume set to 8%
2025-12-04 23:07:33,900 - INFO - Received command: Analog pin A10 raw value: 141 -> slider_3:13
2025-12-04 23:07:33,904 - INFO - Setting system volume to 13%
2025-12-04 23:07:33,906 - INFO - System volume set to 13%
2025-12-04 23:07:33,964 - INFO - Received command: Analog pin A8 raw value: 114 -> slider_1:11
2025-12-04 23:07:33,970 - INFO - Brave Browser volume set to 11%
2025-12-04 23:07:34,035 - INFO - Received command: Analog pin A9 raw value: 103 -> slider_2:10
2025-12-04 23:07:34,040 - INFO - Setting Discord.exe volume to 10%
2025-12-04 23:07:34,040 - INFO - Setting Discord.exe volume to 10%
2025-12-04 23:07:34,041 - INFO - Discord volume set to 10%
2025-12-04 23:07:34,105 - INFO - Received command: Analog pin A10 raw value: 167 -> slider_3:16
2025-12-04 23:07:34,112 - INFO - Setting system volume to 16%
2025-12-04 23:07:34,113 - INFO - System volume set to 16%
2025-12-04 23:07:34,170 - INFO - Received command: Analog pin A8 raw value: 83 -> slider_1:8
2025-12-04 23:07:34,176 - INFO - Brave Browser volume set to 8%
2025-12-04 23:07:34,236 - INFO - Received command: Analog pin A9 raw value: 120 -> slider_2:11
2025-12-04 23:07:34,242 - INFO - Setting Discord.exe volume to 11%
2025-12-04 23:07:34,242 - INFO - Setting Discord.exe volume to 11%
2025-12-04 23:07:34,243 - INFO - Discord volume set to 11%
2025-12-04 23:07:34,306 - INFO - Received command: Analog pin A10 raw value: 162 -> slider_3:15
2025-12-04 23:07:34,311 - INFO - Setting system volume to 15%
2025-12-04 23:07:34,312 - INFO - System volume set to 15%
2025-12-04 23:07:34,371 - INFO - Received command: Analog pin A9 raw value: 71 -> slider_2:6
2025-12-04 23:07:34,377 - INFO - Setting Discord.exe volume to 6%
2025-12-04 23:07:34,377 - INFO - Setting Discord.exe volume to 6%
2025-12-04 23:07:34,378 - INFO - Discord volume set to 6%
2025-12-04 23:07:34,474 - INFO - Received command: Analog pin A9 raw value: 72 -> slider_2:7
2025-12-04 23:07:34,481 - INFO - Setting Discord.exe volume to 7%
2025-12-04 23:07:34,482 - INFO - Setting Discord.exe volume to 7%
2025-12-04 23:07:34,483 - INFO - Discord volume set to 7%
2025-12-04 23:07:34,543 - INFO - Received command: Analog pin A10 raw value: 143 -> slider_3:13
2025-12-04 23:07:34,548 - INFO - Setting system volume to 13%
2025-12-04 23:07:34,549 - INFO - System volume set to 13%
2025-12-04 23:07:34,604 - INFO - Received command: Analog pin A8 raw value: 81 -> slider_1:7
2025-12-04 23:07:34,610 - INFO - Brave Browser volume set to 7%
2025-12-04 23:07:34,670 - INFO - Received command: Analog pin A9 raw value: 97 -> slider_2:9
2025-12-04 23:07:34,677 - INFO - Setting Discord.exe volume to 9%
2025-12-04 23:07:34,678 - INFO - Setting Discord.exe volume to 9%
2025-12-04 23:07:34,678 - INFO - Discord volume set to 9%
2025-12-04 23:07:34,740 - INFO - Received command: Analog pin A8 raw value: 110 -> slider_1:10
2025-12-04 23:07:34,744 - INFO - Brave Browser volume set to 10%
2025-12-04 23:07:34,809 - INFO - Received command: Analog pin A9 raw value: 122 -> slider_2:11
2025-12-04 23:07:34,815 - INFO - Setting Discord.exe volume to 11%
2025-12-04 23:07:34,816 - INFO - Setting Discord.exe volume to 11%
2025-12-04 23:07:34,817 - INFO - Discord volume set to 11%
2025-12-04 23:07:34,875 - INFO - Received command: Analog pin A10 raw value: 108 -> slider_3:10
2025-12-04 23:07:34,882 - INFO - Setting system volume to 10%
2025-12-04 23:07:34,884 - INFO - System volume set to 10%
2025-12-04 23:07:34,944 - INFO - Received command: Analog pin A8 raw value: 116 -> slider_1:11
2025-12-04 23:07:34,950 - INFO - Brave Browser volume set to 11%
2025-12-04 23:07:35,009 - INFO - Received command: Analog pin A9 raw value: 102 -> slider_2:9
2025-12-04 23:07:35,014 - INFO - Setting Discord.exe volume to 9%
2025-12-04 23:07:35,015 - INFO - Setting Discord.exe volume to 9%
2025-12-04 23:07:35,015 - INFO - Discord volume set to 9%
2025-12-04 23:07:35,076 - INFO - Received command: Analog pin A10 raw value: 113 -> slider_3:11
2025-12-04 23:07:35,080 - INFO - Setting system volume to 11%
2025-12-04 23:07:35,083 - INFO - System volume set to 11%
2025-12-04 23:07:35,145 - INFO - Received command: Analog pin A9 raw value: 107 -> slider_2:10
2025-12-04 23:07:35,151 - INFO - Setting Discord.exe volume to 10%
2025-12-04 23:07:35,151 - INFO - Setting Discord.exe volume to 10%
2025-12-04 23:07:35,152 - INFO - Discord volume set to 10%
2025-12-04 23:07:35,211 - INFO - Received command: Analog pin A10 raw value: 99 -> slider_3:9
2025-12-04 23:07:35,217 - INFO - Setting system volume to 9%
2025-12-04 23:07:35,218 - INFO - System volume set to 9%
2025-12-04 23:07:35,280 - INFO - Received command: Analog pin A8 raw value: 105 -> slider_1:10
2025-12-04 23:07:35,285 - INFO - Brave Browser volume set to 10%
2025-12-04 23:07:35,350 - INFO - Received command: Analog pin A9 raw value: 128 -> slider_2:12
2025-12-04 23:07:35,354 - INFO - Setting Discord.exe volume to 12%
2025-12-04 23:07:35,354 - INFO - Setting Discord.exe volume to 12%
2025-12-04 23:07:35,356 - INFO - Discord volume set to 12%
2025-12-04 23:07:35,416 - INFO - Received command: Analog pin A10 raw value: 111 -> slider_3:10
2025-12-04 23:07:35,421 - INFO - Setting system volume to 10%
2025-12-04 23:07:35,422 - INFO - System volume set to 10%
2025-12-04 23:07:35,484 - INFO - Received command: Analog pin A8 raw value: 121 -> slider_1:11
2025-12-04 23:07:35,489 - INFO - Brave Browser volume set to 11%
2025-12-04 23:07:35,554 - INFO - Received command: Analog pin A9 raw value: 109 -> slider_2:10
2025-12-04 23:07:35,560 - INFO - Setting Discord.exe volume to 10%
2025-12-04 23:07:35,560 - INFO - Setting Discord.exe volume to 10%
2025-12-04 23:07:35,561 - INFO - Discord volume set to 10%
2025-12-04 23:07:35,620 - INFO - Received command: Analog pin A10 raw value: 131 -> slider_3:12
2025-12-04 23:07:35,626 - INFO - Setting system volume to 12%
2025-12-04 23:07:35,628 - INFO - System volume set to 12%
2025-12-04 23:07:35,686 - INFO - Received command: Analog pin A8 raw value: 86 -> slider_1:8
2025-12-04 23:07:35,690 - INFO - Brave Browser volume set to 8%
2025-12-04 23:07:35,751 - INFO - Received command: Analog pin A9 raw value: 94 -> slider_2:9
2025-12-04 23:07:35,757 - INFO - Setting Discord.exe volume to 9%
2025-12-04 23:07:35,758 - INFO - Setting Discord.exe volume to 9%
2025-12-04 23:07:35,759 - INFO - Discord volume set to 9%
2025-12-04 23:07:35,821 - INFO - Received command: Analog pin A8 raw value: 103 -> slider_1:10
2025-12-04 23:07:35,826 - INFO - Brave Browser volume set to 10%
2025-12-04 23:07:35,890 - INFO - Received command: Analog pin A9 raw value: 103 -> slider_2:10
2025-12-04 23:07:35,895 - INFO - Setting Discord.exe volume to 10%
2025-12-04 23:07:35,896 - INFO - Setting Discord.exe volume to 10%
2025-12-04 23:07:35,896 - INFO - Discord volume set to 10%
2025-12-04 23:07:35,952 - INFO - Received command: Analog pin A10 raw value: 60 -> slider_3:5
2025-12-04 23:07:35,957 - INFO - Setting system volume to 5%
2025-12-04 23:07:35,957 - INFO - System volume set to 5%
2025-12-04 23:07:36,018 - INFO - Received command: Analog pin A8 raw value: 59 -> slider_1:5
2025-12-04 23:07:36,025 - INFO - Brave Browser volume set to 5%
2025-12-04 23:07:36,083 - INFO - Received command: Analog pin A9 raw value: 39 -> slider_2:3
2025-12-04 23:07:36,093 - INFO - Setting Discord.exe volume to 3%
2025-12-04 23:07:36,093 - INFO - Setting Discord.exe volume to 3%
2025-12-04 23:07:36,094 - INFO - Discord volume set to 3%
2025-12-04 23:07:36,144 - INFO - Received command: Analog pin A10 raw value: 41 -> slider_3:4
2025-12-04 23:07:36,151 - INFO - Setting system volume to 4%
2025-12-04 23:07:36,153 - INFO - System volume set to 4%
2025-12-04 23:07:36,210 - INFO - Received command: Analog pin A8 raw value: 64 -> slider_1:6
2025-12-04 23:07:36,218 - INFO - Brave Browser volume set to 6%
2025-12-04 23:07:36,276 - INFO - Received command: Analog pin A9 raw value: 60 -> slider_2:5
2025-12-04 23:07:36,284 - INFO - Setting Discord.exe volume to 5%
2025-12-04 23:07:36,284 - INFO - Setting Discord.exe volume to 5%
2025-12-04 23:07:36,285 - INFO - Discord volume set to 5%
2025-12-04 23:07:36,341 - INFO - Received command: Analog pin A10 raw value: 31 -> slider_3:3
2025-12-04 23:07:36,348 - INFO - Setting system volume to 3%
2025-12-04 23:07:36,349 - INFO - System volume set to 3%
2025-12-04 23:07:36,402 - INFO - Received command: Analog pin A8 raw value: 32 -> slider_1:3
2025-12-04 23:07:36,407 - INFO - Brave Browser volume set to 3%
2025-12-04 23:07:36,468 - INFO - Received command: Analog pin A9 raw value: 82 -> slider_2:8
2025-12-04 23:07:36,472 - INFO - Setting Discord.exe volume to 8%
2025-12-04 23:07:36,472 - INFO - Setting Discord.exe volume to 8%
2025-12-04 23:07:36,473 - INFO - Discord volume set to 8%
2025-12-04 23:07:36,538 - INFO - Received command: Analog pin A10 raw value: 102 -> slider_3:9
2025-12-04 23:07:36,542 - INFO - Setting system volume to 9%
2025-12-04 23:07:36,544 - INFO - System volume set to 9%
2025-12-04 23:07:36,599 - INFO - Received command: Analog pin A8 raw value: 81 -> slider_1:7
2025-12-04 23:07:36,603 - INFO - Brave Browser volume set to 7%
2025-12-04 23:07:36,669 - INFO - Received command: Analog pin A9 raw value: 133 -> slider_2:13
2025-12-04 23:07:36,676 - INFO - Setting Discord.exe volume to 13%
2025-12-04 23:07:36,676 - INFO - Setting Discord.exe volume to 13%
2025-12-04 23:07:36,677 - INFO - Discord volume set to 13%
2025-12-04 23:07:36,739 - INFO - Received command: Analog pin A10 raw value: 145 -> slider_3:14
2025-12-04 23:07:36,745 - INFO - Setting system volume to 14%
2025-12-04 23:07:36,746 - INFO - System volume set to 14%
2025-12-04 23:07:36,804 - INFO - Received command: Analog pin A8 raw value: 94 -> slider_1:9
2025-12-04 23:07:36,809 - INFO - Brave Browser volume set to 9%
2025-12-04 23:07:36,873 - INFO - Received command: Analog pin A9 raw value: 126 -> slider_2:12
2025-12-04 23:07:36,879 - INFO - Setting Discord.exe volume to 12%
2025-12-04 23:07:36,880 - INFO - Setting Discord.exe volume to 12%
2025-12-04 23:07:36,881 - INFO - Discord volume set to 12%
2025-12-04 23:07:36,943 - INFO - Received command: Analog pin A10 raw value: 105 -> slider_3:10
2025-12-04 23:07:36,947 - INFO - Setting system volume to 10%
2025-12-04 23:07:36,949 - INFO - System volume set to 10%
2025-12-04 23:07:37,013 - INFO - Received command: Analog pin A8 raw value: 103 -> slider_1:10
2025-12-04 23:07:37,019 - INFO - Brave Browser volume set to 10%
2025-12-04 23:07:37,078 - INFO - Received command: Analog pin A9 raw value: 118 -> slider_2:11
2025-12-04 23:07:37,083 - INFO - Setting Discord.exe volume to 11%
2025-12-04 23:07:37,084 - INFO - Setting Discord.exe volume to 11%
2025-12-04 23:07:37,084 - INFO - Discord volume set to 11%
2025-12-04 23:07:37,143 - INFO - Received command: Analog pin A10 raw value: 88 -> slider_3:8
2025-12-04 23:07:37,150 - INFO - Setting system volume to 8%
2025-12-04 23:07:37,151 - INFO - System volume set to 8%
2025-12-04 23:07:37,205 - INFO - Received command: Analog pin A8 raw value: 34 -> slider_1:3
2025-12-04 23:07:37,210 - INFO - Brave Browser volume set to 3%
2025-12-04 23:07:37,271 - INFO - Received command: Analog pin A9 raw value: 12 -> slider_2:1
2025-12-04 23:07:37,277 - INFO - Setting Discord.exe volume to 1%
2025-12-04 23:07:37,277 - INFO - Setting Discord.exe volume to 1%
2025-12-04 23:07:37,277 - INFO - Discord volume set to 1%
2025-12-04 23:07:37,332 - INFO - Received command: Analog pin A10 raw value: 0 -> slider_3:0
2025-12-04 23:07:37,337 - INFO - Setting system volume to 0%
2025-12-04 23:07:37,338 - INFO - System volume set to 0%
2025-12-04 23:07:37,398 - INFO - Received command: Analog pin A8 raw value: 21 -> slider_1:2
2025-12-04 23:07:37,402 - INFO - Brave Browser volume set to 2%
2025-12-04 23:07:37,496 - INFO - Received command: Analog pin A8 raw value: 43 -> slider_1:4
2025-12-04 23:07:37,501 - INFO - Brave Browser volume set to 4%
2025-12-04 23:07:37,594 - INFO - Received command: Analog pin A9 raw value: 33 -> slider_2:3
2025-12-04 23:07:37,599 - INFO - Setting Discord.exe volume to 3%
2025-12-04 23:07:37,600 - INFO - Setting Discord.exe volume to 3%
2025-12-04 23:07:37,601 - INFO - Discord volume set to 3%
2025-12-04 23:07:37,697 - INFO - Received command: Analog pin A10 raw value: 26 -> slider_3:2
2025-12-04 23:07:37,701 - INFO - Setting system volume to 2%
2025-12-04 23:07:37,704 - INFO - System volume set to 2%
2025-12-04 23:07:37,795 - INFO - Received command: Analog pin A8 raw value: 58 -> slider_1:5
2025-12-04 23:07:37,800 - INFO - Brave Browser volume set to 5%
2025-12-04 23:07:37,860 - INFO - Received command: Analog pin A9 raw value: 60 -> slider_2:5
2025-12-04 23:07:37,866 - INFO - Setting Discord.exe volume to 5%
2025-12-04 23:07:37,867 - INFO - Setting Discord.exe volume to 5%
2025-12-04 23:07:37,867 - INFO - Discord volume set to 5%
2025-12-04 23:07:37,926 - INFO - Received command: Analog pin A10 raw value: 52 -> slider_3:5
2025-12-04 23:07:37,931 - INFO - Setting system volume to 5%
2025-12-04 23:07:37,932 - INFO - System volume set to 5%
2025-12-04 23:07:37,992 - INFO - Received command: Analog pin A8 raw value: 89 -> slider_1:8
2025-12-04 23:07:37,997 - INFO - Brave Browser volume set to 8%
2025-12-04 23:07:38,061 - INFO - Received command: Analog pin A9 raw value: 113 -> slider_2:11
2025-12-04 23:07:38,067 - INFO - Setting Discord.exe volume to 11%
2025-12-04 23:07:38,067 - INFO - Setting Discord.exe volume to 11%
2025-12-04 23:07:38,067 - INFO - Discord volume set to 11%
2025-12-04 23:07:38,127 - INFO - Received command: Analog pin A10 raw value: 115 -> slider_3:11
2025-12-04 23:07:38,131 - INFO - Setting system volume to 11%
2025-12-04 23:07:38,132 - INFO - System volume set to 11%
2025-12-04 23:07:38,196 - INFO - Received command: Analog pin A8 raw value: 109 -> slider_1:10
2025-12-04 23:07:38,202 - INFO - Brave Browser volume set to 10%
2025-12-04 23:07:38,262 - INFO - Received command: Analog pin A9 raw value: 102 -> slider_2:9
2025-12-04 23:07:38,267 - INFO - Setting Discord.exe volume to 9%
2025-12-04 23:07:38,269 - INFO - Setting Discord.exe volume to 9%
2025-12-04 23:07:38,269 - INFO - Discord volume set to 9%
2025-12-04 23:07:38,327 - INFO - Received command: Analog pin A10 raw value: 90 -> slider_3:8
2025-12-04 23:07:38,334 - INFO - Setting system volume to 8%
2025-12-04 23:07:38,334 - INFO - System volume set to 8%
2025-12-04 23:07:38,389 - INFO - Received command: Analog pin A8 raw value: 35 -> slider_1:3
2025-12-04 23:07:38,396 - INFO - Brave Browser volume set to 3%
2025-12-04 23:07:38,454 - INFO - Received command: Analog pin A9 raw value: 8 -> slider_2:0
2025-12-04 23:07:38,462 - INFO - Setting Discord.exe volume to 0%
2025-12-04 23:07:38,462 - INFO - Setting Discord.exe volume to 0%
2025-12-04 23:07:38,463 - INFO - Discord volume set to 0%
2025-12-04 23:07:38,516 - INFO - Received command: Analog pin A10 raw value: 0 -> slider_3:0
2025-12-04 23:07:38,521 - INFO - Setting system volume to 0%
2025-12-04 23:07:38,523 - INFO - System volume set to 0%
2025-12-04 23:07:38,582 - INFO - Received command: Analog pin A8 raw value: 3 -> slider_1:0
2025-12-04 23:07:38,588 - INFO - Brave Browser volume set to 0%
2025-12-04 23:07:38,643 - INFO - Received command: Analog pin A9 raw value: 73 -> slider_2:7
2025-12-04 23:07:38,650 - INFO - Setting Discord.exe volume to 7%
2025-12-04 23:07:38,650 - INFO - Setting Discord.exe volume to 7%
2025-12-04 23:07:38,651 - INFO - Discord volume set to 7%
2025-12-04 23:07:38,709 - INFO - Received command: Analog pin A8 raw value: 40 -> slider_1:3
2025-12-04 23:07:38,714 - INFO - Brave Browser volume set to 3%
2025-12-04 23:07:38,774 - INFO - Received command: Analog pin A9 raw value: 82 -> slider_2:8
2025-12-04 23:07:38,780 - INFO - Setting Discord.exe volume to 8%
2025-12-04 23:07:38,780 - INFO - Setting Discord.exe volume to 8%
2025-12-04 23:07:38,780 - INFO - Discord volume set to 8%
2025-12-04 23:07:38,844 - INFO - Received command: Analog pin A10 raw value: 120 -> slider_3:11
2025-12-04 23:07:38,850 - INFO - Setting system volume to 11%
2025-12-04 23:07:38,852 - INFO - System volume set to 11%
2025-12-04 23:07:38,909 - INFO - Received command: Analog pin A8 raw value: 92 -> slider_1:8
2025-12-04 23:07:38,915 - INFO - Brave Browser volume set to 8%
2025-12-04 23:07:38,975 - INFO - Received command: Analog pin A10 raw value: 101 -> slider_3:9
2025-12-04 23:07:38,980 - INFO - Setting system volume to 9%
2025-12-04 23:07:38,983 - INFO - System volume set to 9%
2025-12-04 23:07:39,044 - INFO - Received command: Analog pin A8 raw value: 115 -> slider_1:11
2025-12-04 23:07:39,053 - INFO - Brave Browser volume set to 11%
2025-12-04 23:07:39,110 - INFO - Received command: Analog pin A9 raw value: 132 -> slider_2:12
2025-12-04 23:07:39,118 - INFO - Setting Discord.exe volume to 12%
2025-12-04 23:07:39,119 - INFO - Setting Discord.exe volume to 12%
2025-12-04 23:07:39,119 - INFO - Discord volume set to 12%
2025-12-04 23:07:39,180 - INFO - Received command: Analog pin A10 raw value: 130 -> slider_3:12
2025-12-04 23:07:39,185 - INFO - Setting system volume to 12%
2025-12-04 23:07:39,187 - INFO - System volume set to 12%
2025-12-04 23:07:39,249 - INFO - Received command: Analog pin A8 raw value: 109 -> slider_1:10
2025-12-04 23:07:39,253 - INFO - Brave Browser volume set to 10%
2025-12-04 23:07:39,315 - INFO - Received command: Analog pin A9 raw value: 96 -> slider_2:9
2025-12-04 23:07:39,322 - INFO - Setting Discord.exe volume to 9%
2025-12-04 23:07:39,322 - INFO - Setting Discord.exe volume to 9%
2025-12-04 23:07:39,322 - INFO - Discord volume set to 9%
2025-12-04 23:07:39,384 - INFO - Received command: Analog pin A10 raw value: 144 -> slider_3:14
2025-12-04 23:07:39,390 - INFO - Setting system volume to 14%
2025-12-04 23:07:39,392 - INFO - System volume set to 14%
2025-12-04 23:07:39,449 - INFO - Received command: Analog pin A8 raw value: 92 -> slider_1:8
2025-12-04 23:07:39,454 - INFO - Brave Browser volume set to 8%
2025-12-04 23:07:39,516 - INFO - Received command: Analog pin A10 raw value: 117 -> slider_3:11
2025-12-04 23:07:39,521 - INFO - Setting system volume to 11%
2025-12-04 23:07:39,522 - INFO - System volume set to 11%
2025-12-04 23:07:39,584 - INFO - Received command: Analog pin A8 raw value: 107 -> slider_1:10
2025-12-04 23:07:39,589 - INFO - Brave Browser volume set to 10%
2025-12-04 23:07:39,655 - INFO - Received command: Analog pin A9 raw value: 107 -> slider_2:10
2025-12-04 23:07:39,660 - INFO - Setting Discord.exe volume to 10%
2025-12-04 23:07:39,661 - INFO - Setting Discord.exe volume to 10%
2025-12-04 23:07:39,661 - INFO - Discord volume set to 10%
2025-12-04 23:07:39,720 - INFO - Received command: Analog pin A10 raw value: 129 -> slider_3:12
2025-12-04 23:07:39,725 - INFO - Setting system volume to 12%
2025-12-04 23:07:39,726 - INFO - System volume set to 12%
2025-12-04 23:07:39,790 - INFO - Received command: Analog pin A10 raw value: 122 -> slider_3:11
2025-12-04 23:07:39,795 - INFO - Setting system volume to 11%
2025-12-04 23:07:39,796 - INFO - System volume set to 11%
2025-12-04 23:07:39,884 - INFO - Received command: Analog pin A9 raw value: 94 -> slider_2:9
2025-12-04 23:07:39,889 - INFO - Setting Discord.exe volume to 9%
2025-12-04 23:07:39,890 - INFO - Setting Discord.exe volume to 9%
2025-12-04 23:07:39,890 - INFO - Discord volume set to 9%
2025-12-04 23:07:39,953 - INFO - Received command: Analog pin A10 raw value: 125 -> slider_3:12
2025-12-04 23:07:39,959 - INFO - Setting system volume to 12%
2025-12-04 23:07:39,960 - INFO - System volume set to 12%
2025-12-04 23:07:40,019 - INFO - Received command: Analog pin A8 raw value: 99 -> slider_1:9
2025-12-04 23:07:40,024 - INFO - Brave Browser volume set to 9%
2025-12-04 23:07:40,089 - INFO - Received command: Analog pin A9 raw value: 145 -> slider_2:14
2025-12-04 23:07:40,094 - INFO - Setting Discord.exe volume to 14%
2025-12-04 23:07:40,095 - INFO - Setting Discord.exe volume to 14%
2025-12-04 23:07:40,095 - INFO - Discord volume set to 14%
2025-12-04 23:07:40,154 - INFO - Received command: Analog pin A8 raw value: 72 -> slider_1:7
2025-12-04 23:07:40,160 - INFO - Brave Browser volume set to 7%
2025-12-04 23:07:40,224 - INFO - Received command: Analog pin A9 raw value: 125 -> slider_2:12
2025-12-04 23:07:40,231 - INFO - Setting Discord.exe volume to 12%
2025-12-04 23:07:40,231 - INFO - Setting Discord.exe volume to 12%
2025-12-04 23:07:40,232 - INFO - Discord volume set to 12%
2025-12-04 23:07:40,294 - INFO - Received command: Analog pin A10 raw value: 153 -> slider_3:14
2025-12-04 23:07:40,302 - INFO - Setting system volume to 14%
2025-12-04 23:07:40,303 - INFO - System volume set to 14%
2025-12-04 23:07:40,359 - INFO - Received command: Analog pin A8 raw value: 69 -> slider_1:6
2025-12-04 23:07:40,366 - INFO - Brave Browser volume set to 6%
2025-12-04 23:07:40,428 - INFO - Received command: Analog pin A9 raw value: 140 -> slider_2:13
2025-12-04 23:07:40,438 - INFO - Setting Discord.exe volume to 13%
2025-12-04 23:07:40,438 - INFO - Setting Discord.exe volume to 13%
2025-12-04 23:07:40,438 - INFO - Discord volume set to 13%
2025-12-04 23:07:40,494 - INFO - Received command: Analog pin A10 raw value: 143 -> slider_3:13
2025-12-04 23:07:40,501 - INFO - Setting system volume to 13%
2025-12-04 23:07:40,501 - INFO - System volume set to 13%
2025-12-04 23:07:40,564 - INFO - Received command: Analog pin A8 raw value: 105 -> slider_1:10
2025-12-04 23:07:40,570 - INFO - Brave Browser volume set to 10%
2025-12-04 23:07:40,634 - INFO - Received command: Analog pin A9 raw value: 132 -> slider_2:12
2025-12-04 23:07:40,638 - INFO - Setting Discord.exe volume to 12%
2025-12-04 23:07:40,638 - INFO - Setting Discord.exe volume to 12%
2025-12-04 23:07:40,639 - INFO - Discord volume set to 12%
2025-12-04 23:07:40,699 - INFO - Received command: Analog pin A10 raw value: 131 -> slider_3:12
2025-12-04 23:07:40,704 - INFO - Setting system volume to 12%
2025-12-04 23:07:40,706 - INFO - System volume set to 12%
2025-12-04 23:07:40,769 - INFO - Received command: Analog pin A9 raw value: 104 -> slider_2:10
2025-12-04 23:07:40,774 - INFO - Setting Discord.exe volume to 10%
2025-12-04 23:07:40,776 - INFO - Setting Discord.exe volume to 10%
2025-12-04 23:07:40,776 - INFO - Discord volume set to 10%
2025-12-04 23:07:40,839 - INFO - Received command: Analog pin A10 raw value: 120 -> slider_3:11
2025-12-04 23:07:40,844 - INFO - Setting system volume to 11%
2025-12-04 23:07:40,845 - INFO - System volume set to 11%
2025-12-04 23:07:40,904 - INFO - Received command: Analog pin A8 raw value: 97 -> slider_1:9
2025-12-04 23:07:40,909 - INFO - Brave Browser volume set to 9%
2025-12-04 23:07:40,973 - INFO - Received command: Analog pin A9 raw value: 130 -> slider_2:12
2025-12-04 23:07:40,980 - INFO - Setting Discord.exe volume to 12%
2025-12-04 23:07:40,980 - INFO - Setting Discord.exe volume to 12%
2025-12-04 23:07:40,981 - INFO - Discord volume set to 12%
2025-12-04 23:07:41,034 - INFO - Received command: Analog pin A8 raw value: 51 -> slider_1:4
2025-12-04 23:07:41,040 - INFO - Brave Browser volume set to 4%
2025-12-04 23:07:41,105 - INFO - Received command: Analog pin A9 raw value: 112 -> slider_2:10
2025-12-04 23:07:41,109 - INFO - Setting Discord.exe volume to 10%
2025-12-04 23:07:41,110 - INFO - Setting Discord.exe volume to 10%
2025-12-04 23:07:41,110 - INFO - Discord volume set to 10%
2025-12-04 23:07:41,174 - INFO - Received command: Analog pin A10 raw value: 145 -> slider_3:14
2025-12-04 23:07:41,180 - INFO - Setting system volume to 14%
2025-12-04 23:07:41,181 - INFO - System volume set to 14%
2025-12-04 23:07:41,236 - INFO - Received command: Analog pin A8 raw value: 56 -> slider_1:5
2025-12-04 23:07:41,241 - INFO - Brave Browser volume set to 5%
2025-12-04 23:07:41,306 - INFO - Received command: Analog pin A10 raw value: 128 -> slider_3:12
2025-12-04 23:07:41,310 - INFO - Setting system volume to 12%
2025-12-04 23:07:41,311 - INFO - System volume set to 12%
2025-12-04 23:07:41,371 - INFO - Received command: Analog pin A8 raw value: 33 -> slider_1:3
2025-12-04 23:07:41,377 - INFO - Brave Browser volume set to 3%
2025-12-04 23:07:41,436 - INFO - Received command: Analog pin A9 raw value: 68 -> slider_2:6
2025-12-04 23:07:41,441 - INFO - Setting Discord.exe volume to 6%
2025-12-04 23:07:41,442 - INFO - Setting Discord.exe volume to 6%
2025-12-04 23:07:41,442 - INFO - Discord volume set to 6%
2025-12-04 23:07:41,506 - INFO - Received command: Analog pin A10 raw value: 133 -> slider_3:13
2025-12-04 23:07:41,512 - INFO - Setting system volume to 13%
2025-12-04 23:07:41,513 - INFO - System volume set to 13%
2025-12-04 23:07:41,568 - INFO - Received command: Analog pin A8 raw value: 59 -> slider_1:5
2025-12-04 23:07:41,573 - INFO - Brave Browser volume set to 5%
2025-12-04 23:07:41,633 - INFO - Received command: Analog pin A10 raw value: 92 -> slider_3:8
2025-12-04 23:07:41,639 - INFO - Setting system volume to 8%
2025-12-04 23:07:41,647 - INFO - System volume set to 8%
2025-12-04 23:07:41,699 - INFO - Received command: Analog pin A8 raw value: 71 -> slider_1:6
2025-12-04 23:07:41,703 - INFO - Brave Browser volume set to 6%
2025-12-04 23:07:41,768 - INFO - Received command: Analog pin A9 raw value: 123 -> slider_2:12
2025-12-04 23:07:41,773 - INFO - Setting Discord.exe volume to 12%
2025-12-04 23:07:41,774 - INFO - Setting Discord.exe volume to 12%
2025-12-04 23:07:41,774 - INFO - Discord volume set to 12%
2025-12-04 23:07:41,838 - INFO - Received command: Analog pin A10 raw value: 112 -> slider_3:10
2025-12-04 23:07:41,842 - INFO - Setting system volume to 10%
2025-12-04 23:07:41,844 - INFO - System volume set to 10%
2025-12-04 23:07:41,903 - INFO - Received command: Analog pin A8 raw value: 90 -> slider_1:8
2025-12-04 23:07:41,907 - INFO - Brave Browser volume set to 8%
2025-12-04 23:07:41,973 - INFO - Received command: Analog pin A9 raw value: 135 -> slider_2:13
2025-12-04 23:07:41,978 - INFO - Setting Discord.exe volume to 13%
2025-12-04 23:07:41,979 - INFO - Setting Discord.exe volume to 13%
2025-12-04 23:07:41,980 - INFO - Discord volume set to 13%
2025-12-04 23:07:42,042 - INFO - Received command: Analog pin A10 raw value: 123 -> slider_3:12
2025-12-04 23:07:42,048 - INFO - Setting system volume to 12%
2025-12-04 23:07:42,049 - INFO - System volume set to 12%
2025-12-04 23:07:42,108 - INFO - Received command: Analog pin A8 raw value: 102 -> slider_1:9
2025-12-04 23:07:42,113 - INFO - Brave Browser volume set to 9%
2025-12-04 23:07:42,173 - INFO - Received command: Analog pin A9 raw value: 84 -> slider_2:8
2025-12-04 23:07:42,179 - INFO - Setting Discord.exe volume to 8%
2025-12-04 23:07:42,179 - INFO - Setting Discord.exe volume to 8%
2025-12-04 23:07:42,180 - INFO - Discord volume set to 8%
2025-12-04 23:07:42,239 - INFO - Received command: Analog pin A10 raw value: 111 -> slider_3:10
2025-12-04 23:07:42,244 - INFO - Setting system volume to 10%
2025-12-04 23:07:42,245 - INFO - System volume set to 10%
2025-12-04 23:07:42,305 - INFO - Received command: Analog pin A9 raw value: 94 -> slider_2:9
2025-12-04 23:07:42,310 - INFO - Setting Discord.exe volume to 9%
2025-12-04 23:07:42,311 - INFO - Setting Discord.exe volume to 9%
2025-12-04 23:07:42,311 - INFO - Discord volume set to 9%
2025-12-04 23:07:42,403 - INFO - Received command: Analog pin A8 raw value: 86 -> slider_1:8
2025-12-04 23:07:42,410 - INFO - Brave Browser volume set to 8%
2025-12-04 23:07:42,473 - INFO - Received command: Analog pin A10 raw value: 118 -> slider_3:11
2025-12-04 23:07:42,480 - INFO - Setting system volume to 11%
2025-12-04 23:07:42,481 - INFO - System volume set to 11%
2025-12-04 23:07:42,538 - INFO - Received command: Analog pin A8 raw value: 45 -> slider_1:4
2025-12-04 23:07:42,543 - INFO - Brave Browser volume set to 4%
2025-12-04 23:07:42,603 - INFO - Received command: Analog pin A9 raw value: 105 -> slider_2:10
2025-12-04 23:07:42,609 - INFO - Setting Discord.exe volume to 10%
2025-12-04 23:07:42,610 - INFO - Setting Discord.exe volume to 10%
2025-12-04 23:07:42,610 - INFO - Discord volume set to 10%
2025-12-04 23:07:42,673 - INFO - Received command: Analog pin A10 raw value: 138 -> slider_3:13
2025-12-04 23:07:42,679 - INFO - Setting system volume to 13%
2025-12-04 23:07:42,680 - INFO - System volume set to 13%
2025-12-04 23:07:42,738 - INFO - Received command: Analog pin A9 raw value: 56 -> slider_2:5
2025-12-04 23:07:42,743 - INFO - Setting Discord.exe volume to 5%
2025-12-04 23:07:42,743 - INFO - Setting Discord.exe volume to 5%
2025-12-04 23:07:42,744 - INFO - Discord volume set to 5%
2025-12-04 23:07:42,837 - INFO - Received command: Analog pin A9 raw value: 49 -> slider_2:4
2025-12-04 23:07:42,843 - INFO - Setting Discord.exe volume to 4%
2025-12-04 23:07:42,844 - INFO - Setting Discord.exe volume to 4%
2025-12-04 23:07:42,844 - INFO - Discord volume set to 4%
2025-12-04 23:07:42,907 - INFO - Received command: Analog pin A10 raw value: 130 -> slider_3:12
2025-12-04 23:07:42,911 - INFO - Setting system volume to 12%
2025-12-04 23:07:42,912 - INFO - System volume set to 12%
2025-12-04 23:07:42,972 - INFO - Received command: Analog pin A8 raw value: 36 -> slider_1:3
2025-12-04 23:07:42,977 - INFO - Brave Browser volume set to 3%
2025-12-04 23:07:43,033 - INFO - Received command: Analog pin A9 raw value: 56 -> slider_2:5
2025-12-04 23:07:43,040 - INFO - Setting Discord.exe volume to 5%
2025-12-04 23:07:43,041 - INFO - Setting Discord.exe volume to 5%
2025-12-04 23:07:43,042 - INFO - Discord volume set to 5%
2025-12-04 23:07:43,103 - INFO - Received command: Analog pin A10 raw value: 117 -> slider_3:11
2025-12-04 23:07:43,110 - INFO - Setting system volume to 11%
2025-12-04 23:07:43,111 - INFO - System volume set to 11%
2025-12-04 23:07:43,169 - INFO - Received command: Analog pin A8 raw value: 87 -> slider_1:8
2025-12-04 23:07:43,175 - INFO - Brave Browser volume set to 8%
2025-12-04 23:07:43,234 - INFO - Received command: Analog pin A9 raw value: 48 -> slider_2:4
2025-12-04 23:07:43,241 - INFO - Setting Discord.exe volume to 4%
2025-12-04 23:07:43,242 - INFO - Setting Discord.exe volume to 4%
2025-12-04 23:07:43,242 - INFO - Discord volume set to 4%
2025-12-04 23:07:43,300 - INFO - Received command: Analog pin A10 raw value: 89 -> slider_3:8
2025-12-04 23:07:43,305 - INFO - Setting system volume to 8%
2025-12-04 23:07:43,307 - INFO - System volume set to 8%
2025-12-04 23:07:43,362 - INFO - Received command: Analog pin A8 raw value: 77 -> slider_1:7
2025-12-04 23:07:43,368 - INFO - Brave Browser volume set to 7%
2025-12-04 23:07:43,431 - INFO - Received command: Analog pin A9 raw value: 130 -> slider_2:12
2025-12-04 23:07:43,438 - INFO - Setting Discord.exe volume to 12%
2025-12-04 23:07:43,438 - INFO - Setting Discord.exe volume to 12%
2025-12-04 23:07:43,439 - INFO - Discord volume set to 12%
2025-12-04 23:07:43,497 - INFO - Received command: Analog pin A10 raw value: 79 -> slider_3:7
2025-12-04 23:07:43,502 - INFO - Setting system volume to 7%
2025-12-04 23:07:43,503 - INFO - System volume set to 7%
2025-12-04 23:07:43,562 - INFO - Received command: Analog pin A9 raw value: 77 -> slider_2:7
2025-12-04 23:07:43,568 - INFO - Setting Discord.exe volume to 7%
2025-12-04 23:07:43,569 - INFO - Setting Discord.exe volume to 7%
2025-12-04 23:07:43,569 - INFO - Discord volume set to 7%
2025-12-04 23:07:43,632 - INFO - Received command: Analog pin A10 raw value: 139 -> slider_3:13
2025-12-04 23:07:43,639 - INFO - Setting system volume to 13%
2025-12-04 23:07:43,640 - INFO - System volume set to 13%
2025-12-04 23:07:43,701 - INFO - Received command: Analog pin A8 raw value: 151 -> slider_1:14
2025-12-04 23:07:43,707 - INFO - Brave Browser volume set to 14%
2025-12-04 23:07:43,771 - INFO - Received command: Analog pin A9 raw value: 179 -> slider_2:17
2025-12-04 23:07:43,776 - INFO - Setting Discord.exe volume to 17%
2025-12-04 23:07:43,777 - INFO - Setting Discord.exe volume to 17%
2025-12-04 23:07:43,777 - INFO - Discord volume set to 17%
2025-12-04 23:07:43,841 - INFO - Received command: Analog pin A10 raw value: 209 -> slider_3:20
2025-12-04 23:07:43,847 - INFO - Setting system volume to 20%
2025-12-04 23:07:43,849 - INFO - System volume set to 20%
2025-12-04 23:07:43,914 - INFO - Received command: Analog pin A8 raw value: 175 -> slider_1:17
2025-12-04 23:07:43,920 - INFO - Brave Browser volume set to 17%
2025-12-04 23:07:43,984 - INFO - Received command: Analog pin A9 raw value: 233 -> slider_2:22
2025-12-04 23:07:43,989 - INFO - Setting Discord.exe volume to 22%
2025-12-04 23:07:43,989 - INFO - Setting Discord.exe volume to 22%
2025-12-04 23:07:43,991 - INFO - Discord volume set to 22%
2025-12-04 23:07:44,058 - INFO - Received command: Analog pin A10 raw value: 261 -> slider_3:25
2025-12-04 23:07:44,062 - INFO - Setting system volume to 25%
2025-12-04 23:07:44,064 - INFO - System volume set to 25%
2025-12-04 23:07:44,128 - INFO - Received command: Analog pin A8 raw value: 162 -> slider_1:15
2025-12-04 23:07:44,134 - INFO - Brave Browser volume set to 15%
2025-12-04 23:07:44,201 - INFO - Received command: Analog pin A9 raw value: 223 -> slider_2:21
2025-12-04 23:07:44,207 - INFO - Setting Discord.exe volume to 21%
2025-12-04 23:07:44,207 - INFO - Setting Discord.exe volume to 21%
2025-12-04 23:07:44,207 - INFO - Discord volume set to 21%
2025-12-04 23:07:44,275 - INFO - Received command: Analog pin A10 raw value: 246 -> slider_3:24
2025-12-04 23:07:44,280 - INFO - Setting system volume to 24%
2025-12-04 23:07:44,281 - INFO - System volume set to 24%
2025-12-04 23:07:44,344 - INFO - Received command: Analog pin A8 raw value: 182 -> slider_1:17
2025-12-04 23:07:44,349 - INFO - Brave Browser volume set to 17%
2025-12-04 23:07:44,418 - INFO - Received command: Analog pin A9 raw value: 208 -> slider_2:20
2025-12-04 23:07:44,425 - INFO - Setting Discord.exe volume to 20%
2025-12-04 23:07:44,426 - INFO - Setting Discord.exe volume to 20%
2025-12-04 23:07:44,427 - INFO - Discord volume set to 20%
2025-12-04 23:07:44,492 - INFO - Received command: Analog pin A10 raw value: 273 -> slider_3:26
2025-12-04 23:07:44,501 - INFO - Setting system volume to 26%
2025-12-04 23:07:44,503 - INFO - System volume set to 26%
2025-12-04 23:07:44,562 - INFO - Received command: Analog pin A8 raw value: 185 -> slider_1:18
2025-12-04 23:07:44,568 - INFO - Brave Browser volume set to 18%
2025-12-04 23:07:44,631 - INFO - Received command: Analog pin A9 raw value: 204 -> slider_2:19
2025-12-04 23:07:44,636 - INFO - Setting Discord.exe volume to 19%
2025-12-04 23:07:44,636 - INFO - Setting Discord.exe volume to 19%
2025-12-04 23:07:44,637 - INFO - Discord volume set to 19%
2025-12-04 23:07:44,709 - INFO - Received command: Analog pin A10 raw value: 289 -> slider_3:28
2025-12-04 23:07:44,715 - INFO - Setting system volume to 28%
2025-12-04 23:07:44,717 - INFO - System volume set to 28%
2025-12-04 23:07:44,779 - INFO - Received command: Analog pin A9 raw value: 165 -> slider_2:16
2025-12-04 23:07:44,785 - INFO - Setting Discord.exe volume to 16%
2025-12-04 23:07:44,786 - INFO - Setting Discord.exe volume to 16%
2025-12-04 23:07:44,786 - INFO - Discord volume set to 16%
2025-12-04 23:07:44,852 - INFO - Received command: Analog pin A10 raw value: 228 -> slider_3:22
2025-12-04 23:07:44,861 - INFO - Setting system volume to 22%
2025-12-04 23:07:44,862 - INFO - System volume set to 22%
2025-12-04 23:07:44,922 - INFO - Received command: Analog pin A8 raw value: 178 -> slider_1:17
2025-12-04 23:07:44,930 - INFO - Brave Browser volume set to 17%
2025-12-04 23:07:44,992 - INFO - Received command: Analog pin A9 raw value: 190 -> slider_2:18
2025-12-04 23:07:44,998 - INFO - Setting Discord.exe volume to 18%
2025-12-04 23:07:44,998 - INFO - Setting Discord.exe volume to 18%
2025-12-04 23:07:44,999 - INFO - Discord volume set to 18%
2025-12-04 23:07:45,064 - INFO - Received command: Analog pin A10 raw value: 253 -> slider_3:24
2025-12-04 23:07:45,070 - INFO - Setting system volume to 24%
2025-12-04 23:07:45,073 - INFO - System volume set to 24%
2025-12-04 23:07:45,134 - INFO - Received command: Analog pin A8 raw value: 167 -> slider_1:16
2025-12-04 23:07:45,140 - INFO - Brave Browser volume set to 16%
2025-12-04 23:07:45,209 - INFO - Received command: Analog pin A9 raw value: 214 -> slider_2:20
2025-12-04 23:07:45,214 - INFO - Setting Discord.exe volume to 20%
2025-12-04 23:07:45,215 - INFO - Setting Discord.exe volume to 20%
2025-12-04 23:07:45,215 - INFO - Discord volume set to 20%
2025-12-04 23:07:45,278 - INFO - Received command: Analog pin A8 raw value: 161 -> slider_1:15
2025-12-04 23:07:45,284 - INFO - Brave Browser volume set to 15%
2025-12-04 23:07:45,352 - INFO - Received command: Analog pin A9 raw value: 234 -> slider_2:22
2025-12-04 23:07:45,361 - INFO - Setting Discord.exe volume to 22%
2025-12-04 23:07:45,361 - INFO - Setting Discord.exe volume to 22%
2025-12-04 23:07:45,361 - INFO - Discord volume set to 22%
2025-12-04 23:07:45,426 - INFO - Received command: Analog pin A10 raw value: 262 -> slider_3:25
2025-12-04 23:07:45,431 - INFO - Setting system volume to 25%
2025-12-04 23:07:45,433 - INFO - System volume set to 25%
2025-12-04 23:07:45,492 - INFO - Received command: Analog pin A8 raw value: 145 -> slider_1:14
2025-12-04 23:07:45,497 - INFO - Brave Browser volume set to 14%
2025-12-04 23:07:45,565 - INFO - Received command: Analog pin A9 raw value: 186 -> slider_2:18
2025-12-04 23:07:45,570 - INFO - Setting Discord.exe volume to 18%
2025-12-04 23:07:45,570 - INFO - Setting Discord.exe volume to 18%
2025-12-04 23:07:45,571 - INFO - Discord volume set to 18%
2025-12-04 23:07:45,634 - INFO - Received command: Analog pin A10 raw value: 223 -> slider_3:21
2025-12-04 23:07:45,643 - INFO - Setting system volume to 21%
2025-12-04 23:07:45,644 - INFO - System volume set to 21%
2025-12-04 23:07:45,704 - INFO - Received command: Analog pin A8 raw value: 168 -> slider_1:16
2025-12-04 23:07:45,712 - INFO - Brave Browser volume set to 16%
2025-12-04 23:07:45,778 - INFO - Received command: Analog pin A10 raw value: 208 -> slider_3:20
2025-12-04 23:07:45,785 - INFO - Setting system volume to 20%
2025-12-04 23:07:45,786 - INFO - System volume set to 20%
2025-12-04 23:07:45,847 - INFO - Received command: Analog pin A8 raw value: 137 -> slider_1:13
2025-12-04 23:07:45,852 - INFO - Brave Browser volume set to 13%
2025-12-04 23:07:45,917 - INFO - Received command: Analog pin A9 raw value: 183 -> slider_2:17
2025-12-04 23:07:45,922 - INFO - Setting Discord.exe volume to 17%
2025-12-04 23:07:45,922 - INFO - Setting Discord.exe volume to 17%
2025-12-04 23:07:45,923 - INFO - Discord volume set to 17%
2025-12-04 23:07:45,987 - INFO - Received command: Analog pin A10 raw value: 201 -> slider_3:19
2025-12-04 23:07:45,993 - INFO - Setting system volume to 19%
2025-12-04 23:07:45,994 - INFO - System volume set to 19%
2025-12-04 23:07:46,056 - INFO - Received command: Analog pin A8 raw value: 150 -> slider_1:14
2025-12-04 23:07:46,063 - INFO - Brave Browser volume set to 14%
2025-12-04 23:07:46,130 - INFO - Received command: Analog pin A10 raw value: 205 -> slider_3:20
2025-12-04 23:07:46,137 - INFO - Setting system volume to 20%
2025-12-04 23:07:46,137 - INFO - System volume set to 20%
2025-12-04 23:07:46,200 - INFO - Received command: Analog pin A9 raw value: 132 -> slider_2:12
2025-12-04 23:07:46,206 - INFO - Setting Discord.exe volume to 12%
2025-12-04 23:07:46,206 - INFO - Setting Discord.exe volume to 12%
2025-12-04 23:07:46,207 - INFO - Discord volume set to 12%
2025-12-04 23:07:46,298 - INFO - Received command: Analog pin A8 raw value: 155 -> slider_1:15
2025-12-04 23:07:46,303 - INFO - Brave Browser volume set to 15%
2025-12-04 23:07:46,368 - INFO - Received command: Analog pin A9 raw value: 156 -> slider_2:15
2025-12-04 23:07:46,376 - INFO - Setting Discord.exe volume to 15%
2025-12-04 23:07:46,377 - INFO - Setting Discord.exe volume to 15%
2025-12-04 23:07:46,377 - INFO - Discord volume set to 15%
2025-12-04 23:07:46,442 - INFO - Received command: Analog pin A10 raw value: 226 -> slider_3:22
2025-12-04 23:07:46,450 - INFO - Setting system volume to 22%
2025-12-04 23:07:46,451 - INFO - System volume set to 22%
2025-12-04 23:07:46,511 - INFO - Received command: Analog pin A8 raw value: 135 -> slider_1:13
2025-12-04 23:07:46,519 - INFO - Brave Browser volume set to 13%
2025-12-04 23:07:46,581 - INFO - Received command: Analog pin A9 raw value: 213 -> slider_2:20
2025-12-04 23:07:46,588 - INFO - Setting Discord.exe volume to 20%
2025-12-04 23:07:46,589 - INFO - Setting Discord.exe volume to 20%
2025-12-04 23:07:46,589 - INFO - Discord volume set to 20%
2025-12-04 23:07:46,654 - INFO - Received command: Analog pin A10 raw value: 221 -> slider_3:21
2025-12-04 23:07:46,661 - INFO - Setting system volume to 21%
2025-12-04 23:07:46,662 - INFO - System volume set to 21%
2025-12-04 23:07:56,473 - INFO - Received command: Action: brave
2025-12-04 23:08:00,233 - INFO - Received command: Action: brave
2025-12-04 23:08:01,048 - INFO - Received command: Action: brave
2025-12-04 23:08:04,029 - INFO - Received command: Action: gpt
2025-12-04 23:08:17,222 - INFO - Received command: Action: ytube
2025-12-04 23:08:17,496 - INFO - Received command: Action: ytube
2025-12-04 23:08:31,160 - INFO - Received command: Action: discord
2025-12-04 23:08:32,746 - INFO - Received command: Action: discord
2025-12-04 23:08:46,524 - INFO - Closing serial connection...
2025-12-04 23:08:46,524 - INFO - Cleanup complete
2025-12-28 14:16:49,950 - INFO - ==================================================
2025-12-28 14:16:49,950 - INFO - Cheap Deck Controller Starting
2025-12-28 14:16:49,951 - INFO - ==================================================
2025-12-28 14:16:49,951 - INFO - Connecting to COM8 at 9600 baud...
2025-12-28 14:16:49,953 - INFO - Serial connection established
2025-12-28 14:16:49,953 - INFO - Initializing audio control...
2025-12-28 14:16:49,958 - INFO - Audio control initialized
2025-12-28 14:16:49,958 - INFO - Starting main loop...
2025-12-28 14:17:01,452 - INFO - Received command: Action: brave
2025-12-28 14:17:05,089 - INFO - Received command: Action: gpt
2025-12-28 14:17:10,213 - INFO - Received command: Action: discord
2025-12-28 14:17:14,710 - INFO - Received command: Action: discord
2025-12-28 14:17:17,041 - INFO - Received command: Action: discord
2025-12-28 14:17:18,166 - INFO - Received command: Action: ytube
2025-12-28 14:17:28,616 - INFO - Received command: Action: open_sliders
2025-12-28 14:17:28,617 - WARNING - No configuration found for button: open_sliders
2025-12-28 14:17:29,706 - INFO - Received command: Analog pin A8 raw value: 571 -> slider_1:55
2025-12-28 14:17:29,730 - INFO - Setting brave.exe volume to 55%
2025-12-28 14:17:29,733 - INFO - Brave Browser volume set to 55%
2025-12-28 14:17:29,787 - INFO - Received command: Analog pin A9 raw value: 473 -> slider_2:46
2025-12-28 14:17:29,804 - INFO - Discord volume set to 46%
2025-12-28 14:17:29,864 - INFO - Received command: Analog pin A10 raw value: 406 -> slider_3:39
2025-12-28 14:17:29,877 - INFO - Setting system volume to 39%
2025-12-28 14:17:29,878 - INFO - System volume set to 39%
2025-12-28 14:17:29,939 - INFO - Received command: Analog pin A8 raw value: 264 -> slider_1:25
2025-12-28 14:17:29,958 - INFO - Setting brave.exe volume to 25%
2025-12-28 14:17:29,962 - INFO - Brave Browser volume set to 25%
2025-12-28 14:17:30,013 - INFO - Received command: Analog pin A9 raw value: 304 -> slider_2:29
2025-12-28 14:17:30,030 - INFO - Discord volume set to 29%
2025-12-28 14:17:30,089 - INFO - Received command: Analog pin A10 raw value: 326 -> slider_3:31
2025-12-28 14:17:30,107 - INFO - Setting system volume to 31%
2025-12-28 14:17:30,109 - INFO - System volume set to 31%
2025-12-28 14:17:30,160 - INFO - Received command: Analog pin A8 raw value: 203 -> slider_1:19
2025-12-28 14:17:30,173 - INFO - Setting brave.exe volume to 19%
2025-12-28 14:17:30,174 - INFO - Brave Browser volume set to 19%
2025-12-28 14:17:30,233 - INFO - Received command: Analog pin A9 raw value: 240 -> slider_2:23
2025-12-28 14:17:30,252 - INFO - Discord volume set to 23%
2025-12-28 14:17:30,307 - INFO - Received command: Analog pin A10 raw value: 279 -> slider_3:27
2025-12-28 14:17:30,323 - INFO - Setting system volume to 27%
2025-12-28 14:17:30,325 - INFO - System volume set to 27%
2025-12-28 14:17:30,377 - INFO - Received command: Analog pin A8 raw value: 176 -> slider_1:17
2025-12-28 14:17:30,388 - INFO - Setting brave.exe volume to 17%
2025-12-28 14:17:30,389 - INFO - Brave Browser volume set to 17%
2025-12-28 14:17:30,451 - INFO - Received command: Analog pin A9 raw value: 208 -> slider_2:20
2025-12-28 14:17:30,470 - INFO - Discord volume set to 20%
2025-12-28 14:17:30,524 - INFO - Received command: Analog pin A10 raw value: 254 -> slider_3:24
2025-12-28 14:17:30,542 - INFO - Setting system volume to 24%
2025-12-28 14:17:30,544 - INFO - System volume set to 24%
2025-12-28 14:17:30,593 - INFO - Received command: Analog pin A8 raw value: 161 -> slider_1:15
2025-12-28 14:17:30,608 - INFO - Setting brave.exe volume to 15%
2025-12-28 14:17:30,609 - INFO - Brave Browser volume set to 15%
2025-12-28 14:17:30,663 - INFO - Received command: Analog pin A9 raw value: 193 -> slider_2:18
2025-12-28 14:17:30,679 - INFO - Discord volume set to 18%
2025-12-28 14:17:30,737 - INFO - Received command: Analog pin A10 raw value: 238 -> slider_3:23
2025-12-28 14:17:30,755 - INFO - Setting system volume to 23%
2025-12-28 14:17:30,757 - INFO - System volume set to 23%
2025-12-28 14:17:30,807 - INFO - Received command: Analog pin A8 raw value: 153 -> slider_1:14
2025-12-28 14:17:30,824 - INFO - Setting brave.exe volume to 14%
2025-12-28 14:17:30,826 - INFO - Brave Browser volume set to 14%
2025-12-28 14:17:30,877 - INFO - Received command: Analog pin A10 raw value: 216 -> slider_3:21
2025-12-28 14:17:30,894 - INFO - Setting system volume to 21%
2025-12-28 14:17:30,897 - INFO - System volume set to 21%
2025-12-28 14:17:30,946 - INFO - Received command: Analog pin A8 raw value: 140 -> slider_1:13
2025-12-28 14:17:30,961 - INFO - Setting brave.exe volume to 13%
2025-12-28 14:17:30,962 - INFO - Brave Browser volume set to 13%
2025-12-28 14:17:31,015 - INFO - Received command: Analog pin A9 raw value: 175 -> slider_2:17
2025-12-28 14:17:31,034 - INFO - Discord volume set to 17%
2025-12-28 14:17:31,086 - INFO - Received command: Analog pin A8 raw value: 130 -> slider_1:12
2025-12-28 14:17:31,104 - INFO - Setting brave.exe volume to 12%
2025-12-28 14:17:31,106 - INFO - Brave Browser volume set to 12%
2025-12-28 14:17:31,155 - INFO - Received command: Analog pin A9 raw value: 165 -> slider_2:16
2025-12-28 14:17:31,183 - INFO - Discord volume set to 16%
2025-12-28 14:17:31,238 - INFO - Received command: Analog pin A10 raw value: 211 -> slider_3:20
2025-12-28 14:17:31,252 - INFO - Setting system volume to 20%
2025-12-28 14:17:31,254 - INFO - System volume set to 20%
2025-12-28 14:17:31,298 - INFO - Received command: Analog pin A8 raw value: 137 -> slider_1:13
2025-12-28 14:17:31,312 - INFO - Setting brave.exe volume to 13%
2025-12-28 14:17:31,314 - INFO - Brave Browser volume set to 13%
2025-12-28 14:17:31,368 - INFO - Received command: Analog pin A10 raw value: 197 -> slider_3:19
2025-12-28 14:17:31,386 - INFO - Setting system volume to 19%
2025-12-28 14:17:31,389 - INFO - System volume set to 19%
2025-12-28 14:17:31,438 - INFO - Received command: Analog pin A8 raw value: 130 -> slider_1:12
2025-12-28 14:17:31,452 - INFO - Setting brave.exe volume to 12%
2025-12-28 14:17:31,453 - INFO - Brave Browser volume set to 12%
2025-12-28 14:17:31,507 - INFO - Received command: Analog pin A9 raw value: 163 -> slider_2:15
2025-12-28 14:17:31,523 - INFO - Discord volume set to 15%
2025-12-28 14:17:31,580 - INFO - Received command: Analog pin A10 raw value: 207 -> slider_3:20
2025-12-28 14:17:31,597 - INFO - Setting system volume to 20%
2025-12-28 14:17:31,602 - INFO - System volume set to 20%
2025-12-28 14:17:31,647 - INFO - Received command: Analog pin A8 raw value: 136 -> slider_1:13
2025-12-28 14:17:31,661 - INFO - Setting brave.exe volume to 13%
2025-12-28 14:17:31,662 - INFO - Brave Browser volume set to 13%
2025-12-28 14:17:31,717 - INFO - Received command: Analog pin A9 raw value: 167 -> slider_2:16
2025-12-28 14:17:31,734 - INFO - Discord volume set to 16%
2025-12-28 14:17:31,786 - INFO - Received command: Analog pin A8 raw value: 126 -> slider_1:12
2025-12-28 14:17:31,799 - INFO - Setting brave.exe volume to 12%
2025-12-28 14:17:31,800 - INFO - Brave Browser volume set to 12%
2025-12-28 14:17:31,855 - INFO - Received command: Analog pin A9 raw value: 159 -> slider_2:15
2025-12-28 14:17:31,869 - INFO - Discord volume set to 15%
2025-12-28 14:17:31,929 - INFO - Received command: Analog pin A10 raw value: 204 -> slider_3:19
2025-12-28 14:17:31,948 - INFO - Setting system volume to 19%
2025-12-28 14:17:31,949 - INFO - System volume set to 19%
2025-12-28 14:17:31,999 - INFO - Received command: Analog pin A8 raw value: 134 -> slider_1:13
2025-12-28 14:17:32,009 - INFO - Setting brave.exe volume to 13%
2025-12-28 14:17:32,011 - INFO - Brave Browser volume set to 13%
2025-12-28 14:17:32,069 - INFO - Received command: Analog pin A10 raw value: 191 -> slider_3:18
2025-12-28 14:17:32,085 - INFO - Setting system volume to 18%
2025-12-28 14:17:32,087 - INFO - System volume set to 18%
2025-12-28 14:17:32,138 - INFO - Received command: Analog pin A8 raw value: 126 -> slider_1:12
2025-12-28 14:17:32,152 - INFO - Setting brave.exe volume to 12%
2025-12-28 14:17:32,153 - INFO - Brave Browser volume set to 12%
2025-12-28 14:17:32,208 - INFO - Received command: Analog pin A10 raw value: 184 -> slider_3:17
2025-12-28 14:17:32,225 - INFO - Setting system volume to 17%
2025-12-28 14:17:32,229 - INFO - System volume set to 17%
2025-12-28 14:17:32,281 - INFO - Received command: Analog pin A9 raw value: 111 -> slider_2:10
2025-12-28 14:17:32,295 - INFO - Discord volume set to 10%
2025-12-28 14:17:32,373 - INFO - Received command: Analog pin A8 raw value: 120 -> slider_1:11
2025-12-28 14:17:32,399 - INFO - Setting brave.exe volume to 11%
2025-12-28 14:17:32,400 - INFO - Brave Browser volume set to 11%
2025-12-28 14:17:32,441 - INFO - Received command: Analog pin A9 raw value: 149 -> slider_2:14
2025-12-28 14:17:32,457 - INFO - Discord volume set to 14%
2025-12-28 14:17:32,510 - INFO - Received command: Analog pin A10 raw value: 194 -> slider_3:18
2025-12-28 14:17:32,528 - INFO - Setting system volume to 18%
2025-12-28 14:17:32,534 - INFO - System volume set to 18%
2025-12-28 14:17:32,580 - INFO - Received command: Analog pin A8 raw value: 128 -> slider_1:12
2025-12-28 14:17:32,594 - INFO - Setting brave.exe volume to 12%
2025-12-28 14:17:32,595 - INFO - Brave Browser volume set to 12%
2025-12-28 14:17:32,650 - INFO - Received command: Analog pin A9 raw value: 159 -> slider_2:15
2025-12-28 14:17:32,667 - INFO - Discord volume set to 15%
2025-12-28 14:17:32,720 - INFO - Received command: Analog pin A10 raw value: 200 -> slider_3:19
2025-12-28 14:17:32,736 - INFO - Setting system volume to 19%
2025-12-28 14:17:32,741 - INFO - System volume set to 19%
2025-12-28 14:17:32,790 - INFO - Received command: Analog pin A9 raw value: 117 -> slider_2:11
2025-12-28 14:17:32,805 - INFO - Discord volume set to 11%
2025-12-28 14:17:32,859 - INFO - Received command: Analog pin A10 raw value: 183 -> slider_3:17
2025-12-28 14:17:32,875 - INFO - Setting system volume to 17%
2025-12-28 14:17:32,884 - INFO - System volume set to 17%
2025-12-28 14:17:32,929 - INFO - Received command: Analog pin A9 raw value: 109 -> slider_2:10
2025-12-28 14:17:32,951 - INFO - Discord volume set to 10%
2025-12-28 14:17:33,026 - INFO - Received command: Analog pin A8 raw value: 122 -> slider_1:11
2025-12-28 14:17:33,039 - INFO - Setting brave.exe volume to 11%
2025-12-28 14:17:33,041 - INFO - Brave Browser volume set to 11%
2025-12-28 14:17:33,096 - INFO - Received command: Analog pin A9 raw value: 150 -> slider_2:14
2025-12-28 14:17:33,111 - INFO - Discord volume set to 14%
2025-12-28 14:17:33,166 - INFO - Received command: Analog pin A10 raw value: 193 -> slider_3:18
2025-12-28 14:17:33,184 - INFO - Setting system volume to 18%
2025-12-28 14:17:33,188 - INFO - System volume set to 18%
2025-12-28 14:17:33,236 - INFO - Received command: Analog pin A8 raw value: 129 -> slider_1:12
2025-12-28 14:17:33,251 - INFO - Setting brave.exe volume to 12%
2025-12-28 14:17:33,252 - INFO - Brave Browser volume set to 12%
2025-12-28 14:17:33,306 - INFO - Received command: Analog pin A9 raw value: 158 -> slider_2:15
2025-12-28 14:17:33,321 - INFO - Discord volume set to 15%
2025-12-28 14:17:33,375 - INFO - Received command: Analog pin A10 raw value: 200 -> slider_3:19
2025-12-28 14:17:33,389 - INFO - Setting system volume to 19%
2025-12-28 14:17:33,393 - INFO - System volume set to 19%
2025-12-28 14:17:33,444 - INFO - Received command: Analog pin A9 raw value: 115 -> slider_2:11
2025-12-28 14:17:33,459 - INFO - Discord volume set to 11%
2025-12-28 14:17:33,514 - INFO - Received command: Analog pin A10 raw value: 183 -> slider_3:17
2025-12-28 14:17:33,531 - INFO - Setting system volume to 17%
2025-12-28 14:17:33,535 - INFO - System volume set to 17%
2025-12-28 14:17:33,584 - INFO - Received command: Analog pin A9 raw value: 109 -> slider_2:10
2025-12-28 14:17:33,600 - INFO - Discord volume set to 10%
2025-12-28 14:17:33,682 - INFO - Received command: Analog pin A8 raw value: 122 -> slider_1:11
2025-12-28 14:17:33,694 - INFO - Setting brave.exe volume to 11%
2025-12-28 14:17:33,694 - INFO - Brave Browser volume set to 11%
2025-12-28 14:17:33,751 - INFO - Received command: Analog pin A9 raw value: 150 -> slider_2:14
2025-12-28 14:17:33,762 - INFO - Discord volume set to 14%
2025-12-28 14:17:33,822 - INFO - Received command: Analog pin A10 raw value: 192 -> slider_3:18
2025-12-28 14:17:33,831 - INFO - Setting system volume to 18%
2025-12-28 14:17:33,835 - INFO - System volume set to 18%
2025-12-28 14:17:33,891 - INFO - Received command: Analog pin A8 raw value: 129 -> slider_1:12
2025-12-28 14:17:33,904 - INFO - Setting brave.exe volume to 12%
2025-12-28 14:17:33,908 - INFO - Brave Browser volume set to 12%
2025-12-28 14:17:33,961 - INFO - Received command: Analog pin A9 raw value: 156 -> slider_2:15
2025-12-28 14:17:33,975 - INFO - Discord volume set to 15%
2025-12-28 14:17:34,031 - INFO - Received command: Analog pin A10 raw value: 199 -> slider_3:19
2025-12-28 14:17:34,045 - INFO - Setting system volume to 19%
2025-12-28 14:17:34,048 - INFO - System volume set to 19%
2025-12-28 14:17:34,100 - INFO - Received command: Analog pin A9 raw value: 114 -> slider_2:11
2025-12-28 14:17:34,116 - INFO - Discord volume set to 11%
2025-12-28 14:17:34,170 - INFO - Received command: Analog pin A10 raw value: 182 -> slider_3:17
2025-12-28 14:17:34,189 - INFO - Setting system volume to 17%
2025-12-28 14:17:34,193 - INFO - System volume set to 17%
2025-12-28 14:17:34,239 - INFO - Received command: Analog pin A9 raw value: 108 -> slider_2:10
2025-12-28 14:17:34,249 - INFO - Discord volume set to 10%
2025-12-28 14:17:34,338 - INFO - Received command: Analog pin A8 raw value: 119 -> slider_1:11
2025-12-28 14:17:34,355 - INFO - Setting brave.exe volume to 11%
2025-12-28 14:17:34,357 - INFO - Brave Browser volume set to 11%
2025-12-28 14:17:34,417 - INFO - Received command: Analog pin A9 raw value: 147 -> slider_2:14
2025-12-28 14:17:34,436 - INFO - Discord volume set to 14%
2025-12-28 14:17:34,477 - INFO - Received command: Analog pin A10 raw value: 191 -> slider_3:18
2025-12-28 14:17:34,492 - INFO - Setting system volume to 18%
2025-12-28 14:17:34,495 - INFO - System volume set to 18%
2025-12-28 14:17:34,546 - INFO - Received command: Analog pin A8 raw value: 128 -> slider_1:12
2025-12-28 14:17:34,561 - INFO - Setting brave.exe volume to 12%
2025-12-28 14:17:34,562 - INFO - Brave Browser volume set to 12%
2025-12-28 14:17:34,612 - INFO - Received command: Analog pin A9 raw value: 158 -> slider_2:15
2025-12-28 14:17:34,625 - INFO - Discord volume set to 15%
2025-12-28 14:17:34,686 - INFO - Received command: Analog pin A10 raw value: 196 -> slider_3:19
2025-12-28 14:17:34,705 - INFO - Setting system volume to 19%
2025-12-28 14:17:34,708 - INFO - System volume set to 19%
2025-12-28 14:17:34,751 - INFO - Received command: Analog pin A9 raw value: 113 -> slider_2:11
2025-12-28 14:17:34,763 - INFO - Discord volume set to 11%
2025-12-28 14:17:34,820 - INFO - Received command: Analog pin A10 raw value: 173 -> slider_3:16
2025-12-28 14:17:34,833 - INFO - Setting system volume to 16%
2025-12-28 14:17:34,838 - INFO - System volume set to 16%
2025-12-28 14:17:34,891 - INFO - Received command: Analog pin A9 raw value: 108 -> slider_2:10
2025-12-28 14:17:34,907 - INFO - Discord volume set to 10%
2025-12-28 14:17:34,989 - INFO - Received command: Analog pin A8 raw value: 121 -> slider_1:11
2025-12-28 14:17:35,008 - INFO - Setting brave.exe volume to 11%
2025-12-28 14:17:35,009 - INFO - Brave Browser volume set to 11%
2025-12-28 14:17:35,058 - INFO - Received command: Analog pin A9 raw value: 115 -> slider_2:11
2025-12-28 14:17:35,076 - INFO - Discord volume set to 11%
2025-12-28 14:17:35,132 - INFO - Received command: Analog pin A10 raw value: 281 -> slider_3:27
2025-12-28 14:17:35,146 - INFO - Setting system volume to 27%
2025-12-28 14:17:35,150 - INFO - System volume set to 27%
2025-12-28 14:17:35,198 - INFO - Received command: Analog pin A9 raw value: 96 -> slider_2:9
2025-12-28 14:17:35,212 - INFO - Discord volume set to 9%
2025-12-28 14:17:35,268 - INFO - Received command: Analog pin A10 raw value: 128 -> slider_3:12
2025-12-28 14:17:35,283 - INFO - Setting system volume to 12%
2025-12-28 14:17:35,287 - INFO - System volume set to 12%
2025-12-28 14:17:35,337 - INFO - Received command: Analog pin A8 raw value: 106 -> slider_1:10
2025-12-28 14:17:35,350 - INFO - Setting brave.exe volume to 10%
2025-12-28 14:17:35,353 - INFO - Brave Browser volume set to 10%
2025-12-28 14:17:35,402 - INFO - Received command: Analog pin A9 raw value: 125 -> slider_2:12
2025-12-28 14:17:35,414 - INFO - Discord volume set to 12%
2025-12-28 14:17:35,468 - INFO - Received command: Analog pin A10 raw value: 64 -> slider_3:6
2025-12-28 14:17:35,480 - INFO - Setting system volume to 6%
2025-12-28 14:17:35,483 - INFO - System volume set to 6%
2025-12-28 14:17:35,530 - INFO - Received command: Analog pin A8 raw value: 0 -> slider_1:0
2025-12-28 14:17:35,547 - INFO - Setting brave.exe volume to 0%
2025-12-28 14:17:35,548 - INFO - Brave Browser volume set to 0%
2025-12-28 14:17:35,595 - INFO - Received command: Analog pin A9 raw value: 46 -> slider_2:4
2025-12-28 14:17:35,608 - INFO - Discord volume set to 4%
2025-12-28 14:17:35,673 - INFO - Received command: Analog pin A10 raw value: 377 -> slider_3:36
2025-12-28 14:17:35,691 - INFO - Setting system volume to 36%
2025-12-28 14:17:35,696 - INFO - System volume set to 36%
2025-12-28 14:17:35,742 - INFO - Received command: Analog pin A8 raw value: 178 -> slider_1:17
2025-12-28 14:17:35,757 - INFO - Setting brave.exe volume to 17%
2025-12-28 14:17:35,758 - INFO - Brave Browser volume set to 17%
2025-12-28 14:17:35,816 - INFO - Received command: Analog pin A9 raw value: 194 -> slider_2:18
2025-12-28 14:17:35,835 - INFO - Discord volume set to 18%
2025-12-28 14:17:35,885 - INFO - Received command: Analog pin A10 raw value: 171 -> slider_3:16
2025-12-28 14:17:35,900 - INFO - Setting system volume to 16%
2025-12-28 14:17:35,903 - INFO - System volume set to 16%
2025-12-28 14:17:35,955 - INFO - Received command: Analog pin A8 raw value: 150 -> slider_1:14
2025-12-28 14:17:35,970 - INFO - Setting brave.exe volume to 14%
2025-12-28 14:17:35,973 - INFO - Brave Browser volume set to 14%
2025-12-28 14:17:36,021 - INFO - Received command: Analog pin A9 raw value: 179 -> slider_2:17
2025-12-28 14:17:36,040 - INFO - Discord volume set to 17%
2025-12-28 14:17:36,090 - INFO - Received command: Analog pin A10 raw value: 163 -> slider_3:15
2025-12-28 14:17:36,108 - INFO - Setting system volume to 15%
2025-12-28 14:17:36,110 - INFO - System volume set to 15%
2025-12-28 14:17:36,160 - INFO - Received command: Analog pin A8 raw value: 127 -> slider_1:12
2025-12-28 14:17:36,177 - INFO - Setting brave.exe volume to 12%
2025-12-28 14:17:36,181 - INFO - Brave Browser volume set to 12%
2025-12-28 14:17:36,234 - INFO - Received command: Analog pin A9 raw value: 189 -> slider_2:18
2025-12-28 14:17:36,247 - INFO - Discord volume set to 18%
2025-12-28 14:17:36,295 - INFO - Received command: Analog pin A10 raw value: 51 -> slider_3:4
2025-12-28 14:17:36,315 - INFO - Setting system volume to 4%
2025-12-28 14:17:36,320 - INFO - System volume set to 4%
2025-12-28 14:17:36,365 - INFO - Received command: Analog pin A8 raw value: 140 -> slider_1:13
2025-12-28 14:17:36,376 - INFO - Setting brave.exe volume to 13%
2025-12-28 14:17:36,376 - INFO - Brave Browser volume set to 13%
2025-12-28 14:17:36,431 - INFO - Received command: Analog pin A9 raw value: 61 -> slider_2:5
2025-12-28 14:17:36,445 - INFO - Discord volume set to 5%
2025-12-28 14:17:36,496 - INFO - Received command: Analog pin A8 raw value: 97 -> slider_1:9
2025-12-28 14:17:36,509 - INFO - Setting brave.exe volume to 9%
2025-12-28 14:17:36,510 - INFO - Brave Browser volume set to 9%
2025-12-28 14:17:36,566 - INFO - Received command: Analog pin A9 raw value: 126 -> slider_2:12
2025-12-28 14:17:36,595 - INFO - Discord volume set to 12%
2025-12-28 14:17:36,627 - INFO - Received command: Analog pin A10 raw value: 59 -> slider_3:5
2025-12-28 14:17:36,642 - INFO - Setting system volume to 5%
2025-12-28 14:17:36,645 - INFO - System volume set to 5%
2025-12-28 14:17:36,693 - INFO - Received command: Analog pin A8 raw value: 88 -> slider_1:8
2025-12-28 14:17:36,710 - INFO - Setting brave.exe volume to 8%
2025-12-28 14:17:36,713 - INFO - Brave Browser volume set to 8%
2025-12-28 14:17:36,762 - INFO - Received command: Analog pin A10 raw value: 101 -> slider_3:9
2025-12-28 14:17:36,779 - INFO - Setting system volume to 9%
2025-12-28 14:17:36,782 - INFO - System volume set to 9%
2025-12-28 14:17:36,828 - INFO - Received command: Analog pin A8 raw value: 113 -> slider_1:11
2025-12-28 14:17:36,846 - INFO - Setting brave.exe volume to 11%
2025-12-28 14:17:36,848 - INFO - Brave Browser volume set to 11%
2025-12-28 14:17:36,894 - INFO - Received command: Analog pin A9 raw value: 40 -> slider_2:3
2025-12-28 14:17:36,906 - INFO - Discord volume set to 3%
2025-12-28 14:17:36,963 - INFO - Received command: Analog pin A10 raw value: 132 -> slider_3:12
2025-12-28 14:17:36,980 - INFO - Setting system volume to 12%
2025-12-28 14:17:36,982 - INFO - System volume set to 12%
2025-12-28 14:17:37,028 - INFO - Received command: Analog pin A8 raw value: 107 -> slider_1:10
2025-12-28 14:17:37,049 - INFO - Setting brave.exe volume to 10%
2025-12-28 14:17:37,052 - INFO - Brave Browser volume set to 10%
2025-12-28 14:17:37,098 - INFO - Received command: Analog pin A9 raw value: 130 -> slider_2:12
2025-12-28 14:17:37,123 - INFO - Discord volume set to 12%
2025-12-28 14:17:37,168 - INFO - Received command: Analog pin A10 raw value: 172 -> slider_3:16
2025-12-28 14:17:37,187 - INFO - Setting system volume to 16%
2025-12-28 14:17:37,191 - INFO - System volume set to 16%
2025-12-28 14:17:37,237 - INFO - Received command: Analog pin A8 raw value: 123 -> slider_1:12
2025-12-28 14:17:37,265 - INFO - Setting brave.exe volume to 12%
2025-12-28 14:17:37,269 - INFO - Brave Browser volume set to 12%
2025-12-28 14:17:37,307 - INFO - Received command: Analog pin A9 raw value: 152 -> slider_2:14
2025-12-28 14:17:37,322 - INFO - Discord volume set to 14%
2025-12-28 14:17:37,377 - INFO - Received command: Analog pin A10 raw value: 186 -> slider_3:18
2025-12-28 14:17:37,392 - INFO - Setting system volume to 18%
2025-12-28 14:17:37,394 - INFO - System volume set to 18%
2025-12-28 14:17:37,446 - INFO - Received command: Analog pin A9 raw value: 113 -> slider_2:11
2025-12-28 14:17:37,462 - INFO - Discord volume set to 11%
2025-12-28 14:17:37,524 - INFO - Received command: Analog pin A10 raw value: 172 -> slider_3:16
2025-12-28 14:17:37,541 - INFO - Setting system volume to 16%
2025-12-28 14:17:37,544 - INFO - System volume set to 16%
2025-12-28 14:17:37,585 - INFO - Received command: Analog pin A9 raw value: 108 -> slider_2:10
2025-12-28 14:17:37,600 - INFO - Discord volume set to 10%
2025-12-28 14:17:37,684 - INFO - Received command: Analog pin A8 raw value: 120 -> slider_1:11
2025-12-28 14:17:37,702 - INFO - Setting brave.exe volume to 11%
2025-12-28 14:17:37,703 - INFO - Brave Browser volume set to 11%
2025-12-28 14:17:37,754 - INFO - Received command: Analog pin A9 raw value: 146 -> slider_2:14
2025-12-28 14:17:37,769 - INFO - Discord volume set to 14%
2025-12-28 14:17:37,823 - INFO - Received command: Analog pin A10 raw value: 187 -> slider_3:18
2025-12-28 14:17:37,842 - INFO - Setting system volume to 18%
2025-12-28 14:17:37,846 - INFO - System volume set to 18%
2025-12-28 14:17:37,893 - INFO - Received command: Analog pin A8 raw value: 127 -> slider_1:12
2025-12-28 14:17:37,907 - INFO - Setting brave.exe volume to 12%
2025-12-28 14:17:37,909 - INFO - Brave Browser volume set to 12%
2025-12-28 14:17:37,963 - INFO - Received command: Analog pin A9 raw value: 156 -> slider_2:15
2025-12-28 14:17:37,976 - INFO - Discord volume set to 15%
2025-12-28 14:17:38,032 - INFO - Received command: Analog pin A10 raw value: 196 -> slider_3:19
2025-12-28 14:17:38,048 - INFO - Setting system volume to 19%
2025-12-28 14:17:38,050 - INFO - System volume set to 19%
2025-12-28 14:17:38,101 - INFO - Received command: Analog pin A9 raw value: 115 -> slider_2:11
2025-12-28 14:17:38,120 - INFO - Discord volume set to 11%
2025-12-28 14:17:38,167 - INFO - Received command: Analog pin A10 raw value: 180 -> slider_3:17
2025-12-28 14:17:38,185 - INFO - Setting system volume to 17%
2025-12-28 14:17:38,189 - INFO - System volume set to 17%
2025-12-28 14:17:38,237 - INFO - Received command: Analog pin A9 raw value: 106 -> slider_2:10
2025-12-28 14:17:38,252 - INFO - Discord volume set to 10%
2025-12-28 14:17:38,307 - INFO - Received command: Analog pin A10 raw value: 173 -> slider_3:16
2025-12-28 14:17:38,320 - INFO - Setting system volume to 16%
2025-12-28 14:17:38,326 - INFO - System volume set to 16%
2025-12-28 14:17:38,376 - INFO - Received command: Analog pin A10 raw value: 139 -> slider_3:13
2025-12-28 14:17:38,389 - INFO - Setting system volume to 13%
2025-12-28 14:17:38,393 - INFO - System volume set to 13%
2025-12-28 14:17:38,474 - INFO - Received command: Analog pin A8 raw value: 120 -> slider_1:11
2025-12-28 14:17:38,487 - INFO - Setting brave.exe volume to 11%
2025-12-28 14:17:38,490 - INFO - Brave Browser volume set to 11%
2025-12-28 14:17:38,544 - INFO - Received command: Analog pin A9 raw value: 150 -> slider_2:14
2025-12-28 14:17:38,556 - INFO - Discord volume set to 14%
2025-12-28 14:17:38,614 - INFO - Received command: Analog pin A10 raw value: 185 -> slider_3:18
2025-12-28 14:17:38,633 - INFO - Setting system volume to 18%
2025-12-28 14:17:38,639 - INFO - System volume set to 18%
2025-12-28 14:17:38,683 - INFO - Received command: Analog pin A8 raw value: 128 -> slider_1:12
2025-12-28 14:17:38,698 - INFO - Setting brave.exe volume to 12%
2025-12-28 14:17:38,700 - INFO - Brave Browser volume set to 12%
2025-12-28 14:17:38,753 - INFO - Received command: Analog pin A9 raw value: 155 -> slider_2:15
2025-12-28 14:17:38,767 - INFO - Discord volume set to 15%
2025-12-28 14:17:38,823 - INFO - Received command: Analog pin A8 raw value: 120 -> slider_1:11
2025-12-28 14:17:38,842 - INFO - Setting brave.exe volume to 11%
2025-12-28 14:17:38,849 - INFO - Brave Browser volume set to 11%
2025-12-28 14:17:38,893 - INFO - Received command: Analog pin A9 raw value: 149 -> slider_2:14
2025-12-28 14:17:38,909 - INFO - Discord volume set to 14%
2025-12-28 14:17:38,958 - INFO - Received command: Analog pin A9 raw value: 100 -> slider_2:9
2025-12-28 14:17:38,974 - INFO - Discord volume set to 9%
2025-12-28 14:17:39,027 - INFO - Received command: Analog pin A10 raw value: 171 -> slider_3:16
2025-12-28 14:17:39,042 - INFO - Setting system volume to 16%
2025-12-28 14:17:39,046 - INFO - System volume set to 16%
2025-12-28 14:17:39,097 - INFO - Received command: Analog pin A10 raw value: 136 -> slider_3:13
2025-12-28 14:17:39,112 - INFO - Setting system volume to 13%
2025-12-28 14:17:39,116 - INFO - System volume set to 13%
2025-12-28 14:17:39,196 - INFO - Received command: Analog pin A10 raw value: 132 -> slider_3:12
2025-12-28 14:17:39,213 - INFO - Setting system volume to 12%
2025-12-28 14:17:39,220 - INFO - System volume set to 12%
2025-12-28 14:17:39,396 - INFO - Received command: Analog pin A10 raw value: 133 -> slider_3:13
2025-12-28 14:17:39,409 - INFO - Setting system volume to 13%
2025-12-28 14:17:39,411 - INFO - System volume set to 13%
2025-12-28 14:17:39,498 - INFO - Received command: Analog pin A10 raw value: 129 -> slider_3:12
2025-12-28 14:17:39,513 - INFO - Setting system volume to 12%
2025-12-28 14:17:39,516 - INFO - System volume set to 12%
2025-12-28 14:17:39,700 - INFO - Received command: Analog pin A10 raw value: 133 -> slider_3:13
2025-12-28 14:17:39,714 - INFO - Setting system volume to 13%
2025-12-28 14:17:39,717 - INFO - System volume set to 13%
2025-12-28 14:17:39,797 - INFO - Received command: Analog pin A10 raw value: 128 -> slider_3:12
2025-12-28 14:17:39,812 - INFO - Setting system volume to 12%
2025-12-28 14:17:39,817 - INFO - System volume set to 12%
2025-12-28 14:17:39,998 - INFO - Received command: Analog pin A10 raw value: 133 -> slider_3:13
2025-12-28 14:17:40,015 - INFO - Setting system volume to 13%
2025-12-28 14:17:40,019 - INFO - System volume set to 13%
2025-12-28 14:17:40,097 - INFO - Received command: Analog pin A10 raw value: 129 -> slider_3:12
2025-12-28 14:17:40,116 - INFO - Setting system volume to 12%
2025-12-28 14:17:40,120 - INFO - System volume set to 12%
2025-12-28 14:17:40,297 - INFO - Received command: Analog pin A10 raw value: 133 -> slider_3:13
2025-12-28 14:17:40,318 - INFO - Setting system volume to 13%
2025-12-28 14:17:40,323 - INFO - System volume set to 13%
2025-12-28 14:17:40,399 - INFO - Received command: Analog pin A10 raw value: 129 -> slider_3:12
2025-12-28 14:17:40,413 - INFO - Setting system volume to 12%
2025-12-28 14:17:40,418 - INFO - System volume set to 12%
2025-12-28 14:17:40,600 - INFO - Received command: Analog pin A10 raw value: 133 -> slider_3:13
2025-12-28 14:17:40,614 - INFO - Setting system volume to 13%
2025-12-28 14:17:40,618 - INFO - System volume set to 13%
2025-12-28 14:17:40,699 - INFO - Received command: Analog pin A10 raw value: 130 -> slider_3:12
2025-12-28 14:17:40,714 - INFO - Setting system volume to 12%
2025-12-28 14:17:40,717 - INFO - System volume set to 12%
2025-12-28 14:17:40,899 - INFO - Received command: Analog pin A10 raw value: 133 -> slider_3:13
2025-12-28 14:17:40,916 - INFO - Setting system volume to 13%
2025-12-28 14:17:40,918 - INFO - System volume set to 13%
2025-12-28 14:17:40,998 - INFO - Received command: Analog pin A10 raw value: 129 -> slider_3:12
2025-12-28 14:17:41,016 - INFO - Setting system volume to 12%
2025-12-28 14:17:41,018 - INFO - System volume set to 12%
2025-12-28 14:17:41,198 - INFO - Received command: Analog pin A10 raw value: 133 -> slider_3:13
2025-12-28 14:17:41,217 - INFO - Setting system volume to 13%
2025-12-28 14:17:41,220 - INFO - System volume set to 13%
2025-12-28 14:17:41,296 - INFO - Received command: Analog pin A10 raw value: 129 -> slider_3:12
2025-12-28 14:17:41,325 - INFO - Setting system volume to 12%
2025-12-28 14:17:41,329 - INFO - System volume set to 12%
2025-12-28 14:17:41,599 - INFO - Received command: Analog pin A10 raw value: 134 -> slider_3:13
2025-12-28 14:17:41,613 - INFO - Setting system volume to 13%
2025-12-28 14:17:41,620 - INFO - System volume set to 13%
2025-12-28 14:17:41,698 - INFO - Received command: Analog pin A10 raw value: 128 -> slider_3:12
2025-12-28 14:17:41,711 - INFO - Setting system volume to 12%
2025-12-28 14:17:41,714 - INFO - System volume set to 12%
2025-12-28 14:17:41,899 - INFO - Received command: Analog pin A10 raw value: 133 -> slider_3:13
2025-12-28 14:17:41,912 - INFO - Setting system volume to 13%
2025-12-28 14:17:41,917 - INFO - System volume set to 13%
2025-12-28 14:17:42,001 - INFO - Received command: Analog pin A10 raw value: 128 -> slider_3:12
2025-12-28 14:17:42,015 - INFO - Setting system volume to 12%
2025-12-28 14:17:42,020 - INFO - System volume set to 12%
2025-12-28 14:17:42,300 - INFO - Received command: Analog pin A10 raw value: 134 -> slider_3:13
2025-12-28 14:17:42,316 - INFO - Setting system volume to 13%
2025-12-28 14:17:42,319 - INFO - System volume set to 13%
2025-12-28 14:17:42,398 - INFO - Received command: Analog pin A10 raw value: 128 -> slider_3:12
2025-12-28 14:17:42,412 - INFO - Setting system volume to 12%
2025-12-28 14:17:42,414 - INFO - System volume set to 12%
2025-12-28 14:17:42,701 - INFO - Received command: Analog pin A10 raw value: 134 -> slider_3:13
2025-12-28 14:17:42,719 - INFO - Setting system volume to 13%
2025-12-28 14:17:42,723 - INFO - System volume set to 13%
2025-12-28 14:17:42,800 - INFO - Received command: Analog pin A10 raw value: 128 -> slider_3:12
2025-12-28 14:17:42,814 - INFO - Setting system volume to 12%
2025-12-28 14:17:42,817 - INFO - System volume set to 12%
2025-12-28 14:17:43,099 - INFO - Received command: Analog pin A10 raw value: 133 -> slider_3:13
2025-12-28 14:17:43,113 - INFO - Setting system volume to 13%
2025-12-28 14:17:43,118 - INFO - System volume set to 13%
2025-12-28 14:17:43,201 - INFO - Received command: Analog pin A10 raw value: 128 -> slider_3:12
2025-12-28 14:17:43,221 - INFO - Setting system volume to 12%
2025-12-28 14:17:43,223 - INFO - System volume set to 12%
2025-12-28 14:17:43,500 - INFO - Received command: Analog pin A10 raw value: 135 -> slider_3:13
2025-12-28 14:17:43,517 - INFO - Setting system volume to 13%
2025-12-28 14:17:43,522 - INFO - System volume set to 13%
2025-12-28 14:17:43,603 - INFO - Received command: Analog pin A10 raw value: 130 -> slider_3:12
2025-12-28 14:17:43,616 - INFO - Setting system volume to 12%
2025-12-28 14:17:43,621 - INFO - System volume set to 12%
2025-12-28 14:17:43,803 - INFO - Received command: Analog pin A10 raw value: 133 -> slider_3:13
2025-12-28 14:17:43,817 - INFO - Setting system volume to 13%
2025-12-28 14:17:43,822 - INFO - System volume set to 13%
2025-12-28 14:17:43,901 - INFO - Received command: Analog pin A10 raw value: 129 -> slider_3:12
2025-12-28 14:17:43,916 - INFO - Setting system volume to 12%
2025-12-28 14:17:43,921 - INFO - System volume set to 12%
2025-12-28 14:17:44,102 - INFO - Received command: Analog pin A10 raw value: 133 -> slider_3:13
2025-12-28 14:17:44,119 - INFO - Setting system volume to 13%
2025-12-28 14:17:44,124 - INFO - System volume set to 13%
2025-12-28 14:17:44,201 - INFO - Received command: Analog pin A10 raw value: 130 -> slider_3:12
2025-12-28 14:17:44,216 - INFO - Setting system volume to 12%
2025-12-28 14:17:44,218 - INFO - System volume set to 12%
2025-12-28 14:17:44,401 - INFO - Received command: Analog pin A10 raw value: 133 -> slider_3:13
2025-12-28 14:17:44,414 - INFO - Setting system volume to 13%
2025-12-28 14:17:44,419 - INFO - System volume set to 13%
2025-12-28 14:17:44,504 - INFO - Received command: Analog pin A10 raw value: 129 -> slider_3:12
2025-12-28 14:17:44,519 - INFO - Setting system volume to 12%
2025-12-28 14:17:44,523 - INFO - System volume set to 12%
2025-12-28 14:17:44,704 - INFO - Received command: Analog pin A10 raw value: 133 -> slider_3:13
2025-12-28 14:17:44,721 - INFO - Setting system volume to 13%
2025-12-28 14:17:44,726 - INFO - System volume set to 13%
2025-12-28 14:17:44,802 - INFO - Received command: Analog pin A10 raw value: 128 -> slider_3:12
2025-12-28 14:17:44,813 - INFO - Setting system volume to 12%
2025-12-28 14:17:44,817 - INFO - System volume set to 12%
2025-12-28 14:17:45,101 - INFO - Received command: Analog pin A10 raw value: 135 -> slider_3:13
2025-12-28 14:17:45,115 - INFO - Setting system volume to 13%
2025-12-28 14:17:45,118 - INFO - System volume set to 13%
2025-12-28 14:17:45,204 - INFO - Received command: Analog pin A10 raw value: 130 -> slider_3:12
2025-12-28 14:17:45,220 - INFO - Setting system volume to 12%
2025-12-28 14:17:45,222 - INFO - System volume set to 12%
2025-12-28 14:17:45,400 - INFO - Received command: Analog pin A10 raw value: 133 -> slider_3:13
2025-12-28 14:17:45,418 - INFO - Setting system volume to 13%
2025-12-28 14:17:45,422 - INFO - System volume set to 13%
2025-12-28 14:17:45,503 - INFO - Received command: Analog pin A10 raw value: 129 -> slider_3:12
2025-12-28 14:17:45,518 - INFO - Setting system volume to 12%
2025-12-28 14:17:45,521 - INFO - System volume set to 12%
2025-12-28 14:17:45,704 - INFO - Received command: Analog pin A10 raw value: 133 -> slider_3:13
2025-12-28 14:17:45,717 - INFO - Setting system volume to 13%
2025-12-28 14:17:45,720 - INFO - System volume set to 13%
2025-12-28 14:17:45,802 - INFO - Received command: Analog pin A10 raw value: 128 -> slider_3:12
2025-12-28 14:17:45,816 - INFO - Setting system volume to 12%
2025-12-28 14:17:45,818 - INFO - System volume set to 12%
2025-12-28 14:17:46,003 - INFO - Received command: Analog pin A10 raw value: 133 -> slider_3:13
2025-12-28 14:17:46,017 - INFO - Setting system volume to 13%
2025-12-28 14:17:46,022 - INFO - System volume set to 13%
2025-12-28 14:17:46,105 - INFO - Received command: Analog pin A10 raw value: 128 -> slider_3:12
2025-12-28 14:17:46,120 - INFO - Setting system volume to 12%
2025-12-28 14:17:46,125 - INFO - System volume set to 12%
2025-12-28 14:17:46,405 - INFO - Received command: Analog pin A10 raw value: 133 -> slider_3:13
2025-12-28 14:17:46,422 - INFO - Setting system volume to 13%
2025-12-28 14:17:46,428 - INFO - System volume set to 13%
2025-12-28 14:17:46,502 - INFO - Received command: Analog pin A8 raw value: 112 -> slider_1:10
2025-12-28 14:17:46,516 - INFO - Setting brave.exe volume to 10%
2025-12-28 14:17:46,517 - INFO - Brave Browser volume set to 10%
2025-12-28 14:17:46,572 - INFO - Received command: Analog pin A9 raw value: 140 -> slider_2:13
2025-12-28 14:17:46,585 - INFO - Discord volume set to 13%
2025-12-28 14:17:46,641 - INFO - Received command: Analog pin A10 raw value: 179 -> slider_3:17
2025-12-28 14:17:46,652 - INFO - Setting system volume to 17%
2025-12-28 14:17:46,656 - INFO - System volume set to 17%
2025-12-28 14:17:46,711 - INFO - Received command: Analog pin A8 raw value: 120 -> slider_1:11
2025-12-28 14:17:46,722 - INFO - Setting brave.exe volume to 11%
2025-12-28 14:17:46,723 - INFO - Brave Browser volume set to 11%
2025-12-28 14:17:46,777 - INFO - Received command: Analog pin A9 raw value: 149 -> slider_2:14
2025-12-28 14:17:46,789 - INFO - Discord volume set to 14%
2025-12-28 14:17:46,850 - INFO - Received command: Analog pin A10 raw value: 187 -> slider_3:18
2025-12-28 14:17:46,862 - INFO - Setting system volume to 18%
2025-12-28 14:17:46,863 - INFO - System volume set to 18%
2025-12-28 14:17:46,916 - INFO - Received command: Analog pin A8 raw value: 124 -> slider_1:12
2025-12-28 14:17:46,926 - INFO - Setting brave.exe volume to 12%
2025-12-28 14:17:46,926 - INFO - Brave Browser volume set to 12%
2025-12-28 14:17:46,986 - INFO - Received command: Analog pin A10 raw value: 177 -> slider_3:17
2025-12-28 14:17:46,995 - INFO - Setting system volume to 17%
2025-12-28 14:17:46,997 - INFO - System volume set to 17%
2025-12-28 14:17:47,055 - INFO - Received command: Analog pin A8 raw value: 117 -> slider_1:11
2025-12-28 14:17:47,066 - INFO - Setting brave.exe volume to 11%
2025-12-28 14:17:47,067 - INFO - Brave Browser volume set to 11%
2025-12-28 14:17:47,124 - INFO - Received command: Analog pin A10 raw value: 172 -> slider_3:16
2025-12-28 14:17:47,143 - INFO - Setting system volume to 16%
2025-12-28 14:17:47,145 - INFO - System volume set to 16%
2025-12-28 14:17:47,190 - INFO - Received command: Analog pin A9 raw value: 102 -> slider_2:9
2025-12-28 14:17:47,207 - INFO - Discord volume set to 9%
2025-12-28 14:17:47,292 - INFO - Received command: Analog pin A8 raw value: 112 -> slider_1:10
2025-12-28 14:17:47,307 - INFO - Setting brave.exe volume to 10%
2025-12-28 14:17:47,310 - INFO - Brave Browser volume set to 10%
2025-12-28 14:17:47,363 - INFO - Received command: Analog pin A9 raw value: 139 -> slider_2:13
2025-12-28 14:17:47,386 - INFO - Discord volume set to 13%
2025-12-28 14:17:47,432 - INFO - Received command: Analog pin A10 raw value: 183 -> slider_3:17
2025-12-28 14:17:47,448 - INFO - Setting system volume to 17%
2025-12-28 14:17:47,451 - INFO - System volume set to 17%
2025-12-28 14:17:47,502 - INFO - Received command: Analog pin A8 raw value: 121 -> slider_1:11
2025-12-28 14:17:47,518 - INFO - Setting brave.exe volume to 11%
2025-12-28 14:17:47,519 - INFO - Brave Browser volume set to 11%
2025-12-28 14:17:47,567 - INFO - Received command: Analog pin A9 raw value: 148 -> slider_2:14
2025-12-28 14:17:47,582 - INFO - Discord volume set to 14%
2025-12-28 14:17:47,641 - INFO - Received command: Analog pin A10 raw value: 191 -> slider_3:18
2025-12-28 14:17:47,660 - INFO - Setting system volume to 18%
2025-12-28 14:17:47,665 - INFO - System volume set to 18%
2025-12-28 14:17:47,710 - INFO - Received command: Analog pin A8 raw value: 123 -> slider_1:12
2025-12-28 14:17:47,725 - INFO - Setting brave.exe volume to 12%
2025-12-28 14:17:47,727 - INFO - Brave Browser volume set to 12%
2025-12-28 14:17:47,780 - INFO - Received command: Analog pin A10 raw value: 179 -> slider_3:17
2025-12-28 14:17:47,796 - INFO - Setting system volume to 17%
2025-12-28 14:17:47,797 - INFO - System volume set to 17%
2025-12-28 14:17:47,846 - INFO - Received command: Analog pin A8 raw value: 117 -> slider_1:11
2025-12-28 14:17:47,859 - INFO - Setting brave.exe volume to 11%
2025-12-28 14:17:47,860 - INFO - Brave Browser volume set to 11%
2025-12-28 14:17:47,948 - INFO - Received command: Analog pin A8 raw value: 109 -> slider_1:10
2025-12-28 14:17:47,964 - INFO - Setting brave.exe volume to 10%
2025-12-28 14:17:47,965 - INFO - Brave Browser volume set to 10%
2025-12-28 14:17:48,018 - INFO - Received command: Analog pin A9 raw value: 140 -> slider_2:13
2025-12-28 14:17:48,031 - INFO - Discord volume set to 13%
2025-12-28 14:17:48,088 - INFO - Received command: Analog pin A10 raw value: 185 -> slider_3:18
2025-12-28 14:17:48,104 - INFO - Setting system volume to 18%
2025-12-28 14:17:48,108 - INFO - System volume set to 18%
2025-12-28 14:17:48,153 - INFO - Received command: Analog pin A8 raw value: 119 -> slider_1:11
2025-12-28 14:17:48,168 - INFO - Setting brave.exe volume to 11%
2025-12-28 14:17:48,171 - INFO - Brave Browser volume set to 11%
2025-12-28 14:17:48,223 - INFO - Received command: Analog pin A9 raw value: 149 -> slider_2:14
2025-12-28 14:17:48,237 - INFO - Discord volume set to 14%
2025-12-28 14:17:48,292 - INFO - Received command: Analog pin A8 raw value: 112 -> slider_1:10
2025-12-28 14:17:48,311 - INFO - Setting brave.exe volume to 10%
2025-12-28 14:17:48,314 - INFO - Brave Browser volume set to 10%
2025-12-28 14:17:48,362 - INFO - Received command: Analog pin A10 raw value: 173 -> slider_3:16
2025-12-28 14:17:48,374 - INFO - Setting system volume to 16%
2025-12-28 14:17:48,381 - INFO - System volume set to 16%
2025-12-28 14:17:48,428 - INFO - Received command: Analog pin A9 raw value: 100 -> slider_2:9
2025-12-28 14:17:48,438 - INFO - Discord volume set to 9%
2025-12-28 14:17:48,534 - INFO - Received command: Analog pin A10 raw value: 133 -> slider_3:13
2025-12-28 14:17:48,546 - INFO - Setting system volume to 13%
2025-12-28 14:17:48,552 - INFO - System volume set to 13%
2025-12-28 14:17:48,632 - INFO - Received command: Analog pin A10 raw value: 129 -> slider_3:12
2025-12-28 14:17:48,646 - INFO - Setting system volume to 12%
2025-12-28 14:17:48,649 - INFO - System volume set to 12%
2025-12-28 14:17:48,829 - INFO - Received command: Analog pin A8 raw value: 113 -> slider_1:11
2025-12-28 14:17:48,856 - INFO - Setting brave.exe volume to 11%
2025-12-28 14:17:48,858 - INFO - Brave Browser volume set to 11%
2025-12-28 14:17:48,899 - INFO - Received command: Analog pin A9 raw value: 140 -> slider_2:13
2025-12-28 14:17:48,912 - INFO - Discord volume set to 13%
2025-12-28 14:17:48,967 - INFO - Received command: Analog pin A10 raw value: 182 -> slider_3:17
2025-12-28 14:17:48,979 - INFO - Setting system volume to 17%
2025-12-28 14:17:48,982 - INFO - System volume set to 17%
2025-12-28 14:17:49,038 - INFO - Received command: Analog pin A9 raw value: 106 -> slider_2:10
2025-12-28 14:17:49,049 - INFO - Discord volume set to 10%
2025-12-28 14:17:49,107 - INFO - Received command: Analog pin A10 raw value: 171 -> slider_3:16
2025-12-28 14:17:49,118 - INFO - Setting system volume to 16%
2025-12-28 14:17:49,120 - INFO - System volume set to 16%
2025-12-28 14:17:49,173 - INFO - Received command: Analog pin A9 raw value: 102 -> slider_2:9
2025-12-28 14:17:49,186 - INFO - Discord volume set to 9%
2025-12-28 14:17:49,276 - INFO - Received command: Analog pin A8 raw value: 112 -> slider_1:10
2025-12-28 14:17:49,289 - INFO - Setting brave.exe volume to 10%
2025-12-28 14:17:49,291 - INFO - Brave Browser volume set to 10%
2025-12-28 14:17:49,345 - INFO - Received command: Analog pin A9 raw value: 140 -> slider_2:13
2025-12-28 14:17:49,361 - INFO - Discord volume set to 13%
2025-12-28 14:17:49,415 - INFO - Received command: Analog pin A10 raw value: 185 -> slider_3:18
2025-12-28 14:17:49,429 - INFO - Setting system volume to 18%
2025-12-28 14:17:49,434 - INFO - System volume set to 18%
2025-12-28 14:17:49,484 - INFO - Received command: Analog pin A8 raw value: 121 -> slider_1:11
2025-12-28 14:17:49,499 - INFO - Setting brave.exe volume to 11%
2025-12-28 14:17:49,500 - INFO - Brave Browser volume set to 11%
2025-12-28 14:17:49,550 - INFO - Received command: Analog pin A9 raw value: 148 -> slider_2:14
2025-12-28 14:17:49,568 - INFO - Discord volume set to 14%
2025-12-28 14:17:49,619 - INFO - Received command: Analog pin A9 raw value: 99 -> slider_2:9
2025-12-28 14:17:49,633 - INFO - Discord volume set to 9%
2025-12-28 14:17:49,688 - INFO - Received command: Analog pin A10 raw value: 169 -> slider_3:16
2025-12-28 14:17:49,707 - INFO - Setting system volume to 16%
2025-12-28 14:17:49,716 - INFO - System volume set to 16%
2025-12-28 14:17:49,759 - INFO - Received command: Analog pin A10 raw value: 137 -> slider_3:13
2025-12-28 14:17:49,781 - INFO - Setting system volume to 13%
2025-12-28 14:17:49,788 - INFO - System volume set to 13%
2025-12-28 14:17:50,659 - INFO - Received command: Analog pin A8 raw value: 112 -> slider_1:10
2025-12-28 14:17:50,674 - INFO - Setting brave.exe volume to 10%
2025-12-28 14:17:50,679 - INFO - Brave Browser volume set to 10%
2025-12-28 14:17:50,725 - INFO - Received command: Analog pin A9 raw value: 139 -> slider_2:13
2025-12-28 14:17:50,740 - INFO - Discord volume set to 13%
2025-12-28 14:17:50,795 - INFO - Received command: Analog pin A10 raw value: 185 -> slider_3:18
2025-12-28 14:17:50,812 - INFO - Setting system volume to 18%
2025-12-28 14:17:50,815 - INFO - System volume set to 18%
2025-12-28 14:17:50,864 - INFO - Received command: Analog pin A8 raw value: 118 -> slider_1:11
2025-12-28 14:17:50,878 - INFO - Setting brave.exe volume to 11%
2025-12-28 14:17:50,879 - INFO - Brave Browser volume set to 11%
2025-12-28 14:17:50,934 - INFO - Received command: Analog pin A9 raw value: 149 -> slider_2:14
2025-12-28 14:17:50,948 - INFO - Discord volume set to 14%
2025-12-28 14:17:51,004 - INFO - Received command: Analog pin A8 raw value: 111 -> slider_1:10
2025-12-28 14:17:51,020 - INFO - Setting brave.exe volume to 10%
2025-12-28 14:17:51,022 - INFO - Brave Browser volume set to 10%
2025-12-28 14:17:51,081 - INFO - Received command: Analog pin A9 raw value: 143 -> slider_2:13
2025-12-28 14:17:51,100 - INFO - Discord volume set to 13%
2025-12-28 14:17:51,135 - INFO - Received command: Analog pin A9 raw value: 95 -> slider_2:9
2025-12-28 14:17:51,150 - INFO - Discord volume set to 9%
2025-12-28 14:17:51,201 - INFO - Received command: Analog pin A10 raw value: 0 -> slider_3:0
2025-12-28 14:17:51,215 - INFO - Setting system volume to 0%
2025-12-28 14:17:51,225 - INFO - System volume set to 0%
2025-12-28 14:17:51,266 - INFO - Received command: Analog pin A8 raw value: 53 -> slider_1:5
2025-12-28 14:17:51,282 - INFO - Setting brave.exe volume to 5%
2025-12-28 14:17:51,283 - INFO - Brave Browser volume set to 5%
2025-12-28 14:17:51,335 - INFO - Received command: Analog pin A10 raw value: 104 -> slider_3:10
2025-12-28 14:17:51,354 - INFO - Setting system volume to 10%
2025-12-28 14:17:51,358 - INFO - System volume set to 10%
2025-12-28 14:17:51,401 - INFO - Received command: Analog pin A8 raw value: 88 -> slider_1:8
2025-12-28 14:17:51,415 - INFO - Setting brave.exe volume to 8%
2025-12-28 14:17:51,417 - INFO - Brave Browser volume set to 8%
2025-12-28 14:17:51,467 - INFO - Received command: Analog pin A9 raw value: 126 -> slider_2:12
2025-12-28 14:17:51,481 - INFO - Discord volume set to 12%
2025-12-28 14:17:51,536 - INFO - Received command: Analog pin A10 raw value: 162 -> slider_3:15
2025-12-28 14:17:51,550 - INFO - Setting system volume to 15%
2025-12-28 14:17:51,554 - INFO - System volume set to 15%
2025-12-28 14:17:51,606 - INFO - Received command: Analog pin A8 raw value: 111 -> slider_1:10
2025-12-28 14:17:51,620 - INFO - Setting brave.exe volume to 10%
2025-12-28 14:17:51,621 - INFO - Brave Browser volume set to 10%
2025-12-28 14:17:51,676 - INFO - Received command: Analog pin A9 raw value: 142 -> slider_2:13
2025-12-28 14:17:51,690 - INFO - Discord volume set to 13%
2025-12-28 14:17:51,745 - INFO - Received command: Analog pin A10 raw value: 179 -> slider_3:17
2025-12-28 14:17:51,762 - INFO - Setting system volume to 17%
2025-12-28 14:17:51,767 - INFO - System volume set to 17%
2025-12-28 14:17:51,811 - INFO - Received command: Analog pin A8 raw value: 118 -> slider_1:11
2025-12-28 14:17:51,825 - INFO - Setting brave.exe volume to 11%
2025-12-28 14:17:51,826 - INFO - Brave Browser volume set to 11%
2025-12-28 14:17:51,880 - INFO - Received command: Analog pin A9 raw value: 145 -> slider_2:14
2025-12-28 14:17:51,895 - INFO - Discord volume set to 14%
2025-12-28 14:17:51,954 - INFO - Received command: Analog pin A10 raw value: 187 -> slider_3:18
2025-12-28 14:17:51,970 - INFO - Setting system volume to 18%
2025-12-28 14:17:51,974 - INFO - System volume set to 18%
2025-12-28 14:17:52,020 - INFO - Received command: Analog pin A9 raw value: 106 -> slider_2:10
2025-12-28 14:17:52,034 - INFO - Discord volume set to 10%
2025-12-28 14:17:52,089 - INFO - Received command: Analog pin A10 raw value: 173 -> slider_3:16
2025-12-28 14:17:52,100 - INFO - Setting system volume to 16%
2025-12-28 14:17:52,106 - INFO - System volume set to 16%
2025-12-28 14:17:52,155 - INFO - Received command: Analog pin A9 raw value: 100 -> slider_2:9
2025-12-28 14:17:52,169 - INFO - Discord volume set to 9%
2025-12-28 14:17:52,261 - INFO - Received command: Analog pin A8 raw value: 111 -> slider_1:10
2025-12-28 14:17:52,278 - INFO - Setting brave.exe volume to 10%
2025-12-28 14:17:52,279 - INFO - Brave Browser volume set to 10%
2025-12-28 14:17:52,327 - INFO - Received command: Analog pin A9 raw value: 140 -> slider_2:13
2025-12-28 14:17:52,344 - INFO - Discord volume set to 13%
2025-12-28 14:17:52,401 - INFO - Received command: Analog pin A10 raw value: 188 -> slider_3:18
2025-12-28 14:17:52,414 - INFO - Setting system volume to 18%
2025-12-28 14:17:52,418 - INFO - System volume set to 18%
2025-12-28 14:17:52,465 - INFO - Received command: Analog pin A8 raw value: 122 -> slider_1:11
2025-12-28 14:17:52,479 - INFO - Setting brave.exe volume to 11%
2025-12-28 14:17:52,480 - INFO - Brave Browser volume set to 11%
2025-12-28 14:17:52,536 - INFO - Received command: Analog pin A9 raw value: 150 -> slider_2:14
2025-12-28 14:17:52,550 - INFO - Discord volume set to 14%
2025-12-28 14:17:52,601 - INFO - Received command: Analog pin A9 raw value: 99 -> slider_2:9
2025-12-28 14:17:52,617 - INFO - Discord volume set to 9%
2025-12-28 14:17:52,671 - INFO - Received command: Analog pin A10 raw value: 171 -> slider_3:16
2025-12-28 14:17:52,681 - INFO - Setting system volume to 16%
2025-12-28 14:17:52,686 - INFO - System volume set to 16%
2025-12-28 14:17:52,740 - INFO - Received command: Analog pin A10 raw value: 136 -> slider_3:13
2025-12-28 14:17:52,755 - INFO - Setting system volume to 13%
2025-12-28 14:17:52,758 - INFO - System volume set to 13%
2025-12-28 14:17:52,941 - INFO - Received command: Analog pin A9 raw value: 103 -> slider_2:10
2025-12-28 14:17:52,956 - INFO - Discord volume set to 10%
2025-12-28 14:17:53,011 - INFO - Received command: Analog pin A10 raw value: 169 -> slider_3:16
2025-12-28 14:17:53,023 - INFO - Setting system volume to 16%
2025-12-28 14:17:53,027 - INFO - System volume set to 16%
2025-12-28 14:17:53,076 - INFO - Received command: Analog pin A9 raw value: 102 -> slider_2:9
2025-12-28 14:17:53,090 - INFO - Discord volume set to 9%
2025-12-28 14:17:53,178 - INFO - Received command: Analog pin A10 raw value: 133 -> slider_3:13
2025-12-28 14:17:53,196 - INFO - Setting system volume to 13%
2025-12-28 14:17:53,201 - INFO - System volume set to 13%
2025-12-28 14:17:53,281 - INFO - Received command: Analog pin A10 raw value: 131 -> slider_3:12
2025-12-28 14:17:53,296 - INFO - Setting system volume to 12%
2025-12-28 14:17:53,299 - INFO - System volume set to 12%
2025-12-28 14:17:53,477 - INFO - Received command: Analog pin A9 raw value: 104 -> slider_2:10
2025-12-28 14:17:53,492 - INFO - Discord volume set to 10%
2025-12-28 14:17:53,548 - INFO - Received command: Analog pin A10 raw value: 167 -> slider_3:16
2025-12-28 14:17:53,566 - INFO - Setting system volume to 16%
2025-12-28 14:17:53,573 - INFO - System volume set to 16%
2025-12-28 14:17:53,617 - INFO - Received command: Analog pin A10 raw value: 136 -> slider_3:13
2025-12-28 14:17:53,632 - INFO - Setting system volume to 13%
2025-12-28 14:17:53,635 - INFO - System volume set to 13%
2025-12-28 14:17:54,748 - INFO - Received command: Analog pin A8 raw value: 549 -> slider_4:53
2025-12-28 14:17:54,762 - INFO - Setting system volume to 53%
2025-12-28 14:17:54,765 - INFO - System volume set to 53%
2025-12-28 14:17:54,842 - INFO - Received command: Analog pin A8 raw value: 269 -> slider_4:26
2025-12-28 14:17:54,858 - INFO - Setting system volume to 26%
2025-12-28 14:17:54,860 - INFO - System volume set to 26%
2025-12-28 14:17:54,936 - INFO - Received command: Analog pin A8 raw value: 198 -> slider_4:19
2025-12-28 14:17:54,955 - INFO - Setting system volume to 19%
2025-12-28 14:17:54,959 - INFO - System volume set to 19%
2025-12-28 14:17:55,034 - INFO - Received command: Analog pin A8 raw value: 162 -> slider_4:15
2025-12-28 14:17:55,048 - INFO - Setting system volume to 15%
2025-12-28 14:17:55,053 - INFO - System volume set to 15%
2025-12-28 14:17:55,137 - INFO - Received command: Analog pin A8 raw value: 144 -> slider_4:14
2025-12-28 14:17:55,151 - INFO - Setting system volume to 14%
2025-12-28 14:17:55,155 - INFO - System volume set to 14%
2025-12-28 14:17:55,235 - INFO - Received command: Analog pin A8 raw value: 134 -> slider_4:13
2025-12-28 14:17:55,249 - INFO - Setting system volume to 13%
2025-12-28 14:17:55,253 - INFO - System volume set to 13%
2025-12-28 14:17:55,333 - INFO - Received command: Analog pin A8 raw value: 126 -> slider_4:12
2025-12-28 14:17:55,348 - INFO - Setting system volume to 12%
2025-12-28 14:17:55,349 - INFO - System volume set to 12%
2025-12-28 14:17:55,436 - INFO - Received command: Analog pin A8 raw value: 120 -> slider_4:11
2025-12-28 14:17:55,449 - INFO - Setting system volume to 11%
2025-12-28 14:17:55,450 - INFO - System volume set to 11%
2025-12-28 14:17:55,735 - INFO - Received command: Analog pin A8 raw value: 123 -> slider_4:12
2025-12-28 14:17:55,753 - INFO - Setting system volume to 12%
2025-12-28 14:17:55,760 - INFO - System volume set to 12%
2025-12-28 14:17:55,833 - INFO - Received command: Analog pin A8 raw value: 116 -> slider_4:11
2025-12-28 14:17:55,844 - INFO - Setting system volume to 11%
2025-12-28 14:17:55,850 - INFO - System volume set to 11%
2025-12-28 14:18:00,487 - INFO - Closing serial connection...
2025-12-28 14:18:00,493 - INFO - Cleanup complete
2026-01-07 20:27:10,962 - INFO - ==================================================
2026-01-07 20:27:10,963 - INFO - Cheap Deck Controller Starting
2026-01-07 20:27:10,963 - INFO - ==================================================
2026-01-07 20:27:10,963 - INFO - Connecting to COM8 at 9600 baud...
2026-01-07 20:27:10,963 - ERROR - Failed to connect to serial port: could not open port 'COM8': FileNotFoundError(2, 'The system cannot find the file specified.', None, 2)
2026-01-07 20:27:51,699 - INFO - ==================================================
2026-01-07 20:27:51,699 - INFO - Cheap Deck Controller Starting
2026-01-07 20:27:51,699 - INFO - ==================================================
2026-01-07 20:27:51,699 - INFO - Connecting to COM5 at 115200 baud...
2026-01-07 20:27:51,700 - ERROR - Failed to connect to serial port: could not open port 'COM5': PermissionError(13, 'Access is denied.', None, 5)
2026-01-07 20:28:06,299 - INFO - ==================================================
2026-01-07 20:28:06,300 - INFO - Cheap Deck Controller Starting
2026-01-07 20:28:06,300 - INFO - ==================================================
2026-01-07 20:28:06,301 - INFO - Connecting to COM5 at 115200 baud...
2026-01-07 20:28:06,301 - ERROR - Failed to connect to serial port: could not open port 'COM5': PermissionError(13, 'Access is denied.', None, 5)
2026-01-07 20:28:18,181 - INFO - ==================================================
2026-01-07 20:28:18,181 - INFO - Cheap Deck Controller Starting
2026-01-07 20:28:18,181 - INFO - ==================================================
2026-01-07 20:28:18,181 - INFO - Connecting to COM5 at 115200 baud...
2026-01-07 20:28:18,184 - INFO - Serial connection established
2026-01-07 20:28:18,184 - INFO - Initializing audio control...
2026-01-07 20:28:18,189 - INFO - Audio control initialized
2026-01-07 20:28:18,189 - INFO - Starting main loop...
2026-01-07 20:28:18,190 - INFO - Received command: ets Jul 29 2019 12:21:46
2026-01-07 20:28:18,212 - INFO - Received command: rst:0x1 (POWERON_RESET),boot:0x13 (SPI_FAST_FLASH_BOOT)
2026-01-07 20:28:18,222 - INFO - Received command: configsip: 0, SPIWP:0xee
2026-01-07 20:28:18,234 - INFO - Received command: clk_drv:0x00,q_drv:0x00,d_drv:0x00,cs0_drv:0x00,hd_drv:0x00,wp_drv:0x00
2026-01-07 20:28:18,245 - INFO - Received command: mode:DIO, clock div:1
2026-01-07 20:28:18,256 - INFO - Received command: load:0x3fff0030,len:1344
2026-01-07 20:28:18,267 - INFO - Received command: load:0x40078000,len:13964
2026-01-07 20:28:18,277 - INFO - Received command: load:0x40080400,len:3600
2026-01-07 20:28:18,289 - INFO - Received command: entry 0x400805f0
2026-01-07 20:28:18,341 - INFO - Received command: E (149) esp_core_dump_
2026-01-07 20:28:21,973 - INFO - Received command: Action: PLAY
2026-01-07 20:28:22,075 - INFO - Pressed key: k
2026-01-07 20:28:24,488 - INFO - Received command: Action: open_sliders
2026-01-07 20:28:24,488 - WARNING - No configuration found for button: open_sliders
2026-01-07 20:28:26,968 - INFO - Received command: slider_3:33
2026-01-07 20:28:26,970 - INFO - Applying system volume: 33% (from slider_3)
2026-01-07 20:28:26,970 - INFO - Setting system volume to 33%
2026-01-07 20:28:29,441 - INFO - Received command: slider_3:87
2026-01-07 20:28:29,441 - INFO - Applying system volume: 87% (from slider_3)
2026-01-07 20:28:29,441 - INFO - Setting system volume to 87%
2026-01-07 20:28:30,325 - INFO - Received command: slider_3:35
2026-01-07 20:28:30,325 - INFO - Applying system volume: 35% (from slider_3)
2026-01-07 20:28:30,326 - INFO - Setting system volume to 35%
2026-01-07 20:28:31,107 - INFO - Received command: slider_3:14
2026-01-07 20:28:31,107 - INFO - Applying system volume: 14% (from slider_3)
2026-01-07 20:28:31,107 - INFO - Setting system volume to 14%
2026-01-07 20:28:33,677 - INFO - Received command: slider_3:100
2026-01-07 20:28:33,678 - INFO - Applying system volume: 100% (from slider_3)
2026-01-07 20:28:33,678 - INFO - Setting system volume to 100%
2026-01-07 20:28:34,484 - INFO - Received command: slider_2:48
2026-01-07 20:28:34,484 - INFO - Applying Discord volume: 48%
2026-01-07 20:28:34,970 - INFO - Received command: slider_2:5
2026-01-07 20:28:34,970 - INFO - Applying Discord volume: 5%
2026-01-07 20:28:35,872 - INFO - Received command: slider_2:78
2026-01-07 20:28:35,872 - INFO - Applying Discord volume: 78%
2026-01-07 20:28:37,355 - INFO - Received command: slider_2:72
2026-01-07 20:28:37,356 - INFO - Applying Discord volume: 72%
2026-01-07 20:28:37,560 - INFO - Received command: slider_2:82
2026-01-07 20:28:37,560 - INFO - Applying Discord volume: 82%
2026-01-07 20:28:44,085 - INFO - Received command: slider_1:31
2026-01-07 20:28:44,085 - INFO - Applying Brave Browser volume: 31%
2026-01-07 20:28:44,090 - INFO - Setting brave.exe volume to 31%
2026-01-07 20:28:45,817 - INFO - Received command: slider_1:100
2026-01-07 20:28:45,818 - INFO - Applying Brave Browser volume: 100%
2026-01-07 20:28:45,822 - INFO - Setting brave.exe volume to 100%
2026-01-07 20:29:02,506 - INFO - Received command: slider_2:100
2026-01-07 20:29:02,506 - INFO - Applying Discord volume: 100%
2026-01-07 20:29:02,511 - INFO - Setting Discord.exe volume to 100%
2026-01-07 20:29:03,220 - INFO - Received command: slider_3:100
2026-01-07 20:29:03,220 - INFO - Applying system volume: 100% (from slider_3)
2026-01-07 20:29:03,221 - INFO - Setting system volume to 100%
2026-01-07 20:29:06,833 - INFO - Received command: slider_3:50
2026-01-07 20:29:06,833 - INFO - Applying system volume: 50% (from slider_3)
2026-01-07 20:29:06,834 - INFO - Setting system volume to 50%
2026-01-07 20:29:11,848 - INFO - Received command: slider_2:42
2026-01-07 20:29:11,848 - INFO - Applying Discord volume: 42%
2026-01-07 20:29:11,853 - INFO - Setting Discord.exe volume to 42%
2026-01-07 20:29:12,457 - INFO - Received command: slider_2:25
2026-01-07 20:29:12,457 - INFO - Applying Discord volume: 25%
2026-01-07 20:29:12,462 - INFO - Setting Discord.exe volume to 25%
2026-01-07 20:29:13,826 - INFO - Received command: slider_2:100
2026-01-07 20:29:13,829 - INFO - Applying Discord volume: 100%
2026-01-07 20:29:13,833 - INFO - Setting Discord.exe volume to 100%
2026-01-07 20:29:14,135 - INFO - Received command: slider_2:77
2026-01-07 20:29:14,135 - INFO - Applying Discord volume: 77%
2026-01-07 20:29:14,141 - INFO - Setting Discord.exe volume to 77%
2026-01-07 20:29:15,898 - INFO - Received command: slider_3:61
2026-01-07 20:29:15,898 - INFO - Applying system volume: 61% (from slider_3)
2026-01-07 20:29:15,898 - INFO - Setting system volume to 61%
2026-01-07 20:29:16,107 - INFO - Received command: slider_3:71
2026-01-07 20:29:16,107 - INFO - Applying system volume: 71% (from slider_3)
2026-01-07 20:29:16,107 - INFO - Setting system volume to 71%
2026-01-07 20:29:16,310 - INFO - Received command: slider_3:99
2026-01-07 20:29:16,310 - INFO - Applying system volume: 99% (from slider_3)
2026-01-07 20:29:16,310 - INFO - Setting system volume to 99%
2026-01-07 20:29:17,139 - INFO - Received command: slider_2:100
2026-01-07 20:29:17,139 - INFO - Applying Discord volume: 100%
2026-01-07 20:29:17,146 - INFO - Setting Discord.exe volume to 100%
2026-01-07 20:29:17,346 - INFO - Received command: slider_2:100
2026-01-07 20:29:17,346 - INFO - Applying Discord volume: 100%
2026-01-07 20:29:17,351 - INFO - Setting Discord.exe volume to 100%
2026-01-07 20:29:19,319 - INFO - Received command: Action: open_sliders
2026-01-07 20:29:19,319 - WARNING - No configuration found for button: open_sliders
2026-01-07 20:29:20,925 - INFO - Received command: Action: DEF
2026-01-07 20:29:21,028 - INFO - Pressed hotkey: ctrl+shift+alt+d
2026-01-07 20:29:22,037 - INFO - Received command: Action: DEF
2026-01-07 20:29:22,141 - INFO - Pressed hotkey: ctrl+shift+alt+d
2026-01-07 20:33:11,645 - INFO - Received command: Action: DEF
2026-01-07 20:33:11,748 - INFO - Pressed hotkey: ctrl+shift+alt+d
2026-01-07 20:33:12,624 - INFO - Received command: Action: DEF
2026-01-07 20:33:12,726 - INFO - Pressed hotkey: ctrl+shift+alt+d
2026-01-07 20:33:14,665 - INFO - Received command: Action: DEF
2026-01-07 20:33:14,767 - INFO - Pressed hotkey: ctrl+shift+alt+d
2026-01-07 20:33:15,382 - INFO - Received command: Action: DEF
2026-01-07 20:33:15,485 - INFO - Pressed hotkey: ctrl+shift+alt+d
2026-01-07 20:33:15,994 - INFO - Received command: Action: DEF
2026-01-07 20:33:16,098 - INFO - Pressed hotkey: ctrl+shift+alt+d
2026-01-07 20:33:17,470 - INFO - Received command: Action: DEF
2026-01-07 20:33:17,573 - INFO - Pressed hotkey: ctrl+shift+alt+d
2026-01-07 20:33:18,300 - INFO - Received command: Action: DEF
2026-01-07 20:33:18,403 - INFO - Pressed hotkey: ctrl+shift+alt+d
2026-01-07 20:33:18,919 - INFO - Received command: Action: DEF
2026-01-07 20:33:19,022 - INFO - Pressed hotkey: ctrl+shift+alt+d
2026-01-07 20:33:19,602 - INFO - Received command: Action: DEF
2026-01-07 20:33:19,704 - INFO - Pressed hotkey: ctrl+shift+alt+d
2026-01-07 20:33:20,199 - INFO - Received command: Action: DEF
2026-01-07 20:33:20,302 - INFO - Pressed hotkey: ctrl+shift+alt+d
2026-01-07 20:33:22,035 - INFO - Received command: Action: open_sliders
2026-01-07 20:33:22,035 - WARNING - No configuration found for button: open_sliders
2026-01-07 20:33:32,634 - INFO - Received command: slider_3:7
2026-01-07 20:33:32,635 - INFO - Applying system volume: 7% (from slider_3)
2026-01-07 20:33:32,635 - INFO - Setting system volume to 7%
2026-01-07 20:33:35,654 - INFO - Received command: slider_2:28
2026-01-07 20:33:35,654 - INFO - Applying Discord volume: 28%
2026-01-07 20:33:35,660 - INFO - Setting Discord.exe volume to 28%
2026-01-07 20:33:35,661 - INFO - Setting Discord.exe volume to 28%
2026-01-07 20:33:37,346 - INFO - Received command: slider_2:81
2026-01-07 20:33:37,347 - INFO - Applying Discord volume: 81%
2026-01-07 20:33:37,353 - INFO - Setting Discord.exe volume to 81%
2026-01-07 20:33:37,354 - INFO - Setting Discord.exe volume to 81%
2026-01-07 20:33:38,801 - INFO - Received command: slider_2:88
2026-01-07 20:33:38,801 - INFO - Applying Discord volume: 88%
2026-01-07 20:33:38,812 - INFO - Setting Discord.exe volume to 88%
2026-01-07 20:33:38,812 - INFO - Setting Discord.exe volume to 88%
2026-01-07 20:33:39,011 - INFO - Received command: slider_2:100
2026-01-07 20:33:39,011 - INFO - Applying Discord volume: 100%
2026-01-07 20:33:39,017 - INFO - Setting Discord.exe volume to 100%
2026-01-07 20:33:39,018 - INFO - Setting Discord.exe volume to 100%
2026-01-07 20:33:40,563 - INFO - Received command: slider_1:28
2026-01-07 20:33:40,563 - INFO - Applying Brave Browser volume: 28%
2026-01-07 20:33:40,569 - INFO - Setting brave.exe volume to 28%
2026-01-07 20:33:41,472 - INFO - Received command: slider_1:88
2026-01-07 20:33:41,472 - INFO - Applying Brave Browser volume: 88%
2026-01-07 20:33:41,478 - INFO - Setting brave.exe volume to 88%
2026-01-07 20:33:42,137 - INFO - Received command: slider_1:100
2026-01-07 20:33:42,137 - INFO - Applying Brave Browser volume: 100%
2026-01-07 20:33:42,142 - INFO - Setting brave.exe volume to 100%
2026-01-07 20:33:52,958 - INFO - Received command: slider_3:85
2026-01-07 20:33:52,958 - INFO - Applying system volume: 85% (from slider_3)
2026-01-07 20:33:52,959 - INFO - Setting system volume to 85%
2026-01-07 20:34:10,455 - INFO - Received command: Action: discord
2026-01-07 20:34:17,855 - INFO - Received command: Action: brave
2026-01-07 20:34:18,081 - INFO - Received command: Action: brave
2026-01-07 20:34:21,696 - INFO - Received command: Action: gpt
2026-01-09 00:36:18,015 - INFO - ==================================================
2026-01-09 00:36:18,016 - INFO - Cheap Deck Controller Starting
2026-01-09 00:36:18,016 - INFO - ==================================================
2026-01-09 00:36:18,016 - INFO - Connecting to COM5 at 115200 baud...
2026-01-09 00:36:18,079 - INFO - Serial connection established
2026-01-09 00:36:18,079 - INFO - Initializing audio control...
2026-01-09 00:36:18,087 - INFO - Audio control initialized
2026-01-09 00:36:18,087 - INFO - Starting main loop...
2026-01-09 00:36:18,087 - INFO - Received command: ets Jul 29 2019 12:21:46
2026-01-09 00:36:18,108 - INFO - Received command: rst:0x1 (POWERON_RESET),boot:0x13 (SPI_FAST_FLASH_BOOT)
2026-01-09 00:36:18,119 - INFO - Received command: configsip: 0, SPIWP:0xee
2026-01-09 00:36:18,130 - INFO - Received command: clk_drv:0x00,q_drv:0x00,d_drv:0x00,cs0_drv:0x00,hd_drv:0x00,wp_drv:0x00
2026-01-09 00:36:18,141 - INFO - Received command: mode:DIO, clock div:1
2026-01-09 00:36:18,152 - INFO - Received command: load:0x3fff0030,len:1344
2026-01-09 00:36:18,163 - INFO - Received command: load:0x40078000,len:13964
2026-01-09 00:36:18,174 - INFO - Received command: load:0x40080400,len:3600
2026-01-09 00:36:18,185 - INFO - Received command: entry 0x400805f0
2026-01-09 00:36:18,238 - INFO - Received command: E (149) esp_core_dump_
2026-01-09 00:36:20,860 - INFO - Received command: Action: PLAY
2026-01-09 00:36:20,962 - INFO - Pressed key: k
2026-01-09 00:36:26,863 - INFO - Received command: Action: DEF
2026-01-09 00:36:26,965 - INFO - Pressed hotkey: ctrl+shift+alt+d
2026-01-09 00:36:27,642 - INFO - Received command: Action: DEF
2026-01-09 00:36:27,744 - INFO - Pressed hotkey: ctrl+shift+alt+d
2026-01-09 00:36:28,586 - INFO - Received command: Action: open_sliders
2026-01-09 00:36:28,587 - WARNING - No configuration found for button: open_sliders
2026-01-09 00:36:31,852 - INFO - Received command: Action: system_mute
2026-01-09 00:36:31,853 - ERROR - nircmd.exe not found at nircmd.exe
2026-01-09 00:36:32,524 - INFO - Received command: Action: DEF
2026-01-09 00:36:32,629 - INFO - Pressed hotkey: ctrl+shift+alt+d
2026-01-09 00:36:32,806 - INFO - Received command: Action: DEF
2026-01-09 00:36:32,909 - INFO - Pressed hotkey: ctrl+shift+alt+d
2026-01-09 00:36:33,067 - INFO - Received command: Action: DEF
2026-01-09 00:36:33,170 - INFO - Pressed hotkey: ctrl+shift+alt+d
2026-01-09 00:36:33,341 - INFO - Received command: Action: DEF
2026-01-09 00:36:33,443 - INFO - Pressed hotkey: ctrl+shift+alt+d
2026-01-09 00:36:33,862 - INFO - Received command: Action: DEF
2026-01-09 00:36:33,964 - INFO - Pressed hotkey: ctrl+shift+alt+d
2026-01-09 00:36:34,089 - INFO - Received command: Action: DEF
2026-01-09 00:36:34,191 - INFO - Pressed hotkey: ctrl+shift+alt+d
2026-01-09 00:36:37,371 - INFO - Received command: Action: open_sliders
2026-01-09 00:36:37,371 - WARNING - No configuration found for button: open_sliders
2026-01-09 00:36:41,070 - INFO - Received command: Action: MUTE
2026-01-09 00:36:41,171 - INFO - Pressed key: f13
2026-01-09 00:36:41,495 - INFO - Received command: Action: MUTE
2026-01-09 00:36:41,596 - INFO - Pressed key: f13
2026-01-09 00:36:41,723 - INFO - Received command: Action: MUTE
2026-01-09 00:36:41,824 - INFO - Pressed key: f13
2026-01-09 00:36:42,613 - INFO - Received command: Action: MUTE
2026-01-09 00:36:42,715 - INFO - Pressed key: f13
2026-01-09 00:36:45,495 - INFO - Received command: Action: gpt
2026-01-09 00:36:47,735 - INFO - Received command: Action: discord
2026-01-09 00:36:48,509 - INFO - Received command: Action: discord
2026-01-09 00:36:49,303 - INFO - Received command: Action: F8
2026-01-09 00:36:49,405 - INFO - Pressed hotkey: F8
2026-01-09 01:20:01,733 - INFO - ==================================================
2026-01-09 01:20:01,734 - INFO - Cheap Deck Controller Starting
2026-01-09 01:20:01,734 - INFO - ==================================================
2026-01-09 01:20:01,734 - INFO - Connecting to COM5 at 115200 baud...
2026-01-09 01:20:01,737 - ERROR - Failed to connect to serial port: could not open port 'COM5': PermissionError(13, 'Access is denied.', None, 5)
2026-01-09 01:20:09,342 - INFO - ==================================================
2026-01-09 01:20:09,342 - INFO - Cheap Deck Controller Starting
2026-01-09 01:20:09,343 - INFO - ==================================================
2026-01-09 01:20:09,343 - INFO - Connecting to COM5 at 115200 baud...
2026-01-09 01:20:09,344 - INFO - Serial connection established
2026-01-09 01:20:09,344 - INFO - Initializing audio control...
2026-01-09 01:20:09,349 - INFO - Audio control initialized
2026-01-09 01:20:09,349 - INFO - Starting main loop...
2026-01-09 01:20:09,349 - INFO - Received command: ets Jul 29 2019 12:21:46
2026-01-09 01:20:09,371 - INFO - Received command: rst:0x1 (POWERON_RESET),boot:0x13 (SPI_FAST_FLASH_BOOT)
2026-01-09 01:20:09,382 - INFO - Received command: configsip: 0, SPIWP:0xee
2026-01-09 01:20:09,393 - INFO - Received command: clk_drv:0x00,q_drv:0x00,d_drv:0x00,cs0_drv:0x00,hd_drv:0x00,wp_drv:0x00
2026-01-09 01:20:09,404 - INFO - Received command: mode:DIO, clock div:1
2026-01-09 01:20:09,414 - INFO - Received command: load:0x3fff0030,len:1344
2026-01-09 01:20:09,425 - INFO - Received command: load:0x40078000,len:13964
2026-01-09 01:20:09,436 - INFO - Received command: load:0x40080400,len:3600
2026-01-09 01:20:09,447 - INFO - Received command: entry 0x400805f0
2026-01-09 01:20:09,499 - INFO - Received command: E (149) esp_core_dump_
2026-01-09 01:20:39,010 - INFO - Received command: Action: open_sliders
2026-01-09 01:20:39,011 - WARNING - No configuration found for button: open_sliders
2026-01-09 01:20:43,448 - INFO - Received command: slider_3:58
2026-01-09 01:20:43,449 - INFO - Applying system volume: 58% (from slider_3)
2026-01-09 01:20:43,449 - INFO - Setting system volume to 58%
2026-01-09 01:20:43,652 - INFO - Received command: slider_3:60
2026-01-09 01:20:43,652 - INFO - Applying system volume: 60% (from slider_3)
2026-01-09 01:20:43,652 - INFO - Setting system volume to 60%
2026-01-09 01:20:44,114 - INFO - Received command: slider_3:3
2026-01-09 01:20:44,114 - INFO - Applying system volume: 3% (from slider_3)
2026-01-09 01:20:44,114 - INFO - Setting system volume to 3%
2026-01-09 01:20:44,315 - INFO - Received command: slider_3:3
2026-01-09 01:20:44,315 - INFO - Applying system volume: 3% (from slider_3)
2026-01-09 01:20:44,315 - INFO - Setting system volume to 3%
2026-01-09 01:20:44,677 - INFO - Received command: slider_3:59
2026-01-09 01:20:44,677 - INFO - Applying system volume: 59% (from slider_3)
2026-01-09 01:20:44,677 - INFO - Setting system volume to 59%
2026-01-09 01:20:45,580 - INFO - Received command: slider_2:53
2026-01-09 01:20:45,580 - INFO - Applying Discord volume: 53%
2026-01-09 01:20:45,584 - INFO - Setting Discord.exe volume to 53%
2026-01-09 01:20:46,892 - INFO - Received command: slider_2:97
2026-01-09 01:20:46,893 - INFO - Applying Discord volume: 97%
2026-01-09 01:20:46,898 - INFO - Setting Discord.exe volume to 97%
2026-01-09 01:20:47,098 - INFO - Received command: slider_2:97
2026-01-09 01:20:47,098 - INFO - Applying Discord volume: 97%
2026-01-09 01:20:47,104 - INFO - Setting Discord.exe volume to 97%
2026-01-09 01:20:49,262 - INFO - Received command: slider_2:98
2026-01-09 01:20:49,262 - INFO - Applying Discord volume: 98%
2026-01-09 01:20:49,267 - INFO - Setting Discord.exe volume to 98%
2026-01-09 01:20:49,749 - INFO - Received command: slider_2:100
2026-01-09 01:20:49,749 - INFO - Applying Discord volume: 100%
2026-01-09 01:20:49,754 - INFO - Setting Discord.exe volume to 100%
2026-01-09 01:20:50,302 - INFO - Received command: slider_2:100
2026-01-09 01:20:50,303 - INFO - Applying Discord volume: 100%
2026-01-09 01:20:50,310 - INFO - Setting Discord.exe volume to 100%
2026-01-09 01:20:51,422 - INFO - Received command: slider_1:2
2026-01-09 01:20:51,422 - INFO - Applying Brave Browser volume: 2%
2026-01-09 01:20:51,430 - INFO - Setting brave.exe volume to 2%
2026-01-09 01:20:51,825 - INFO - Received command: slider_1:0
2026-01-09 01:20:51,825 - INFO - Applying Brave Browser volume: 0%
2026-01-09 01:20:51,832 - INFO - Setting brave.exe volume to 0%
2026-01-09 01:20:52,419 - INFO - Received command: slider_1:54
2026-01-09 01:20:52,419 - INFO - Applying Brave Browser volume: 54%
2026-01-09 01:20:52,424 - INFO - Setting brave.exe volume to 54%
2026-01-09 01:20:53,058 - INFO - Received command: slider_1:99
2026-01-09 01:20:53,059 - INFO - Applying Brave Browser volume: 99%
2026-01-09 01:20:53,065 - INFO - Setting brave.exe volume to 99%
2026-01-09 01:20:55,339 - INFO - Received command: slider_1:95
2026-01-09 01:20:55,340 - INFO - Applying Brave Browser volume: 95%
2026-01-09 01:20:55,346 - INFO - Setting brave.exe volume to 95%
2026-01-09 01:20:55,547 - INFO - Received command: slider_1:100
2026-01-09 01:20:55,547 - INFO - Applying Brave Browser volume: 100%
2026-01-09 01:20:55,553 - INFO - Setting brave.exe volume to 100%
2026-01-09 01:20:58,890 - INFO - Received command: slider_3:97
2026-01-09 01:20:58,890 - INFO - Applying system volume: 97% (from slider_3)
2026-01-09 01:20:58,890 - INFO - Setting system volume to 97%
2026-01-09 01:20:59,099 - INFO - Received command: slider_3:97
2026-01-09 01:20:59,099 - INFO - Applying system volume: 97% (from slider_3)
2026-01-09 01:20:59,099 - INFO - Setting system volume to 97%
2026-01-09 01:21:01,929 - INFO - Received command: slider_3:97
2026-01-09 01:21:01,930 - INFO - Applying system volume: 97% (from slider_3)
2026-01-09 01:21:01,930 - INFO - Setting system volume to 97%
2026-01-09 01:21:04,361 - INFO - Received command: slider_3:60
2026-01-09 01:21:04,361 - INFO - Applying system volume: 60% (from slider_3)
2026-01-09 01:21:04,361 - INFO - Setting system volume to 60%
2026-01-09 01:21:05,100 - INFO - Received command: slider_3:96
2026-01-09 01:21:05,100 - INFO - Applying system volume: 96% (from slider_3)
2026-01-09 01:21:05,101 - INFO - Setting system volume to 96%
2026-01-09 01:21:10,160 - INFO - Received command: slider_3:55
2026-01-09 01:21:10,160 - INFO - Applying system volume: 55% (from slider_3)
2026-01-09 01:21:10,161 - INFO - Setting system volume to 55%
2026-01-09 01:21:10,619 - INFO - Received command: slider_3:97
2026-01-09 01:21:10,619 - INFO - Applying system volume: 97% (from slider_3)
2026-01-09 01:21:10,619 - INFO - Setting system volume to 97%
2026-01-09 01:21:11,335 - INFO - Received command: slider_3:100
2026-01-09 01:21:11,337 - INFO - Applying system volume: 100% (from slider_3)
2026-01-09 01:21:11,337 - INFO - Setting system volume to 100%
2026-01-09 01:21:16,124 - INFO - Received command: Action: PLAY
2026-01-09 01:21:16,225 - INFO - Pressed key: k
2026-01-09 01:21:16,352 - INFO - Received command: Action: PLAY
2026-01-09 01:21:16,453 - INFO - Pressed key: k
2026-01-09 01:21:16,845 - INFO - Received command: Action: PLAY
2026-01-09 01:21:16,948 - INFO - Pressed key: k
2026-01-09 01:21:17,594 - INFO - Received command: Action: PLAY
2026-01-09 01:21:17,695 - INFO - Pressed key: k
2026-01-09 01:21:18,406 - INFO - Received command: Action: system_mute
2026-01-09 01:21:18,407 - ERROR - nircmd.exe not found at nircmd.exe
2026-01-09 01:21:19,295 - INFO - Received command: Action: system_mute
2026-01-09 01:21:19,297 - ERROR - nircmd.exe not found at nircmd.exe
2026-01-09 01:21:20,209 - INFO - Received command: Action: PLAY
2026-01-09 01:21:20,309 - INFO - Pressed key: k
2026-01-09 01:21:21,034 - INFO - Received command: Action: system_mute
2026-01-09 01:21:21,037 - ERROR - nircmd.exe not found at nircmd.exe
2026-01-09 01:21:21,654 - INFO - Received command: Action: system_mute
2026-01-09 01:21:21,657 - ERROR - nircmd.exe not found at nircmd.exe
2026-01-09 01:21:22,093 - INFO - Received command: Action: system_mute
2026-01-09 01:21:22,097 - ERROR - nircmd.exe not found at nircmd.exe
2026-01-09 01:21:22,497 - INFO - Received command: Action: system_mute
2026-01-09 01:21:22,501 - ERROR - nircmd.exe not found at nircmd.exe
2026-01-09 01:21:22,896 - INFO - Received command: Action: system_mute
2026-01-09 01:21:22,897 - ERROR - nircmd.exe not found at nircmd.exe
2026-01-09 01:21:23,255 - INFO - Received command: Action: PLAY
2026-01-09 01:21:23,357 - INFO - Pressed key: k
2026-01-09 01:21:23,894 - INFO - Received command: Action: PLAY
2026-01-09 01:21:23,996 - INFO - Pressed key: k
2026-01-09 01:21:24,875 - INFO - Received command: Action: PLAY
2026-01-09 01:21:24,976 - INFO - Pressed key: k
2026-01-09 01:21:25,509 - INFO - Received command: Action: media_stop
2026-01-09 01:21:25,509 - WARNING - No configuration found for button: media_stop
2026-01-09 01:21:26,554 - INFO - Received command: Action: NEXT
2026-01-09 01:21:26,657 - INFO - Pressed key: l
2026-01-09 01:21:27,824 - INFO - Received command: Action: BACK
2026-01-09 01:21:27,926 - INFO - Pressed key: j
2026-01-09 01:21:28,788 - INFO - Received command: Action: MUTE
2026-01-09 01:21:28,889 - INFO - Pressed key: f13
2026-01-09 01:21:29,794 - INFO - Received command: Action: MUTE
2026-01-09 01:21:29,895 - INFO - Pressed key: f13
2026-01-09 01:21:40,717 - INFO - Closing serial connection...
2026-01-09 01:21:40,719 - INFO - Cleanup complete
2026-01-14 22:29:13,974 - INFO - ==================================================
2026-01-14 22:29:13,974 - INFO - Cheap Deck Controller Starting
2026-01-14 22:29:13,974 - INFO - ==================================================
2026-01-14 22:29:13,975 - INFO - Connecting to COM5 at 115200 baud...
2026-01-14 22:29:13,975 - ERROR - Failed to connect to serial port: could not open port 'COM5': FileNotFoundError(2, 'The system cannot find the file specified.', None, 2)
2026-01-14 22:29:51,456 - INFO - ==================================================
2026-01-14 22:29:51,456 - INFO - Cheap Deck Controller Starting
2026-01-14 22:29:51,457 - INFO - ==================================================
2026-01-14 22:29:51,457 - INFO - Connecting to COM8 at 9600 baud...
2026-01-14 22:29:51,457 - ERROR - Failed to connect to serial port: could not open port 'COM8': PermissionError(13, 'Access is denied.', None, 5)
2026-01-14 22:29:56,878 - INFO - ==================================================
2026-01-14 22:29:56,879 - INFO - Cheap Deck Controller Starting
2026-01-14 22:29:56,879 - INFO - ==================================================
2026-01-14 22:29:56,879 - INFO - Connecting to COM8 at 9600 baud...
2026-01-14 22:29:56,879 - ERROR - Failed to connect to serial port: could not open port 'COM8': PermissionError(13, 'Access is denied.', None, 5)
2026-01-14 22:30:13,061 - INFO - ==================================================
2026-01-14 22:30:13,061 - INFO - Cheap Deck Controller Starting
2026-01-14 22:30:13,061 - INFO - ==================================================
2026-01-14 22:30:13,062 - INFO - Connecting to COM8 at 9600 baud...
2026-01-14 22:30:13,063 - INFO - Serial connection established
2026-01-14 22:30:13,064 - INFO - Initializing audio control...
2026-01-14 22:30:13,069 - INFO - Audio control initialized
2026-01-14 22:30:13,070 - INFO - Starting main loop...
2026-01-14 22:31:13,106 - INFO - Received command: Action: open_sliders
2026-01-14 22:31:13,108 - WARNING - No configuration found for button: open_sliders
2026-01-14 22:31:14,725 - INFO - Received command: Analog pin A15 raw value: 352 -> slider_1:34
2026-01-14 22:31:14,731 - INFO - Setting brave.exe volume to 34%
2026-01-14 22:31:14,732 - INFO - Brave Browser volume set to 34%
2026-01-14 22:31:14,840 - INFO - Received command: Analog pin A14 raw value: 422 -> slider_2:41
2026-01-14 22:31:14,846 - INFO - Discord volume set to 41%
2026-01-14 22:31:14,983 - INFO - Received command: Analog pin A13 raw value: 884 -> slider_3:86
2026-01-14 22:31:14,990 - INFO - Setting system volume to 86%
2026-01-14 22:31:14,990 - INFO - System volume set to 86%
2026-01-14 22:31:15,073 - INFO - Received command: Analog pin A15 raw value: 0 -> slider_1:0
2026-01-14 22:31:15,083 - INFO - Setting brave.exe volume to 0%
2026-01-14 22:31:15,084 - INFO - Brave Browser volume set to 0%
2026-01-14 22:31:15,217 - INFO - Received command: Analog pin A13 raw value: 826 -> slider_3:80
2026-01-14 22:31:15,225 - INFO - Setting system volume to 80%
2026-01-14 22:31:15,228 - INFO - System volume set to 80%
2026-01-14 22:31:16,260 - INFO - Received command: Analog pin A13 raw value: 902 -> slider_3:88
2026-01-14 22:31:16,268 - INFO - Setting system volume to 88%
2026-01-14 22:31:16,271 - INFO - System volume set to 88%
2026-01-14 22:31:16,408 - INFO - Received command: Analog pin A13 raw value: 1012 -> slider_3:98
2026-01-14 22:31:16,413 - INFO - Setting system volume to 98%
2026-01-14 22:31:16,414 - INFO - System volume set to 98%
2026-01-14 22:31:16,563 - INFO - Received command: Analog pin A13 raw value: 1023 -> slider_3:100
2026-01-14 22:31:16,572 - INFO - Setting system volume to 100%
2026-01-14 22:31:16,574 - INFO - System volume set to 100%
2026-01-14 22:31:20,222 - INFO - Received command: Analog pin A15 raw value: 1023 -> slider_1:100
2026-01-14 22:31:20,228 - INFO - Setting brave.exe volume to 100%
2026-01-14 22:31:20,229 - INFO - Brave Browser volume set to 100%
2026-01-14 22:31:20,312 - INFO - Received command: Analog pin A15 raw value: 0 -> slider_1:0
2026-01-14 22:31:20,322 - INFO - Setting brave.exe volume to 0%
2026-01-14 22:31:20,323 - INFO - Brave Browser volume set to 0%
2026-01-14 22:31:20,975 - INFO - Received command: Analog pin A15 raw value: 1023 -> slider_1:100
2026-01-14 22:31:20,980 - INFO - Setting brave.exe volume to 100%
2026-01-14 22:31:20,981 - INFO - Brave Browser volume set to 100%
2026-01-14 22:31:21,115 - INFO - Received command: Analog pin A15 raw value: 857 -> slider_1:83
2026-01-14 22:31:21,120 - INFO - Setting brave.exe volume to 83%
2026-01-14 22:31:21,120 - INFO - Brave Browser volume set to 83%
2026-01-14 22:31:21,205 - INFO - Received command: Analog pin A15 raw value: 0 -> slider_1:0
2026-01-14 22:31:21,213 - INFO - Setting brave.exe volume to 0%
2026-01-14 22:31:21,213 - INFO - Brave Browser volume set to 0%
2026-01-14 22:31:21,647 - INFO - Received command: Analog pin A15 raw value: 750 -> slider_1:73
2026-01-14 22:31:21,652 - INFO - Setting brave.exe volume to 73%
2026-01-14 22:31:21,654 - INFO - Brave Browser volume set to 73%
2026-01-14 22:31:21,741 - INFO - Received command: Analog pin A15 raw value: 0 -> slider_1:0
2026-01-14 22:31:21,748 - INFO - Setting brave.exe volume to 0%
2026-01-14 22:31:21,749 - INFO - Brave Browser volume set to 0%
2026-01-14 22:31:22,642 - INFO - Received command: Analog pin A13 raw value: 0 -> slider_3:0
2026-01-14 22:31:22,650 - INFO - Setting system volume to 0%
2026-01-14 22:31:22,656 - INFO - System volume set to 0%
2026-01-14 22:31:22,904 - INFO - Received command: Analog pin A13 raw value: 1023 -> slider_3:100
2026-01-14 22:31:22,913 - INFO - Setting system volume to 100%
2026-01-14 22:31:22,918 - INFO - System volume set to 100%
2026-01-14 22:31:23,159 - INFO - Received command: Analog pin A15 raw value: 1023 -> slider_1:100
2026-01-14 22:31:23,168 - INFO - Setting brave.exe volume to 100%
2026-01-14 22:31:23,169 - INFO - Brave Browser volume set to 100%
2026-01-14 22:31:25,153 - INFO - Received command: Analog pin A13 raw value: 0 -> slider_3:0
2026-01-14 22:31:25,158 - INFO - Setting system volume to 0%
2026-01-14 22:31:25,160 - INFO - System volume set to 0%
2026-01-14 22:31:26,754 - INFO - Received command: Analog pin A15 raw value: 0 -> slider_1:0
2026-01-14 22:31:26,762 - INFO - Setting brave.exe volume to 0%
2026-01-14 22:31:26,762 - INFO - Brave Browser volume set to 0%
2026-01-14 22:31:26,914 - INFO - Received command: Analog pin A15 raw value: 1023 -> slider_1:100
2026-01-14 22:31:26,923 - INFO - Setting brave.exe volume to 100%
2026-01-14 22:31:26,924 - INFO - Brave Browser volume set to 100%
2026-01-14 22:31:27,005 - INFO - Received command: Analog pin A15 raw value: 0 -> slider_1:0
2026-01-14 22:31:27,012 - INFO - Setting brave.exe volume to 0%
2026-01-14 22:31:27,013 - INFO - Brave Browser volume set to 0%
2026-01-14 22:31:27,098 - INFO - Received command: Analog pin A13 raw value: 11 -> slider_3:1
2026-01-14 22:31:27,106 - INFO - Setting system volume to 1%
2026-01-14 22:31:27,110 - INFO - System volume set to 1%
2026-01-14 22:31:27,218 - INFO - Received command: Analog pin A15 raw value: 418 -> slider_1:40
2026-01-14 22:31:27,224 - INFO - Setting brave.exe volume to 40%
2026-01-14 22:31:27,224 - INFO - Brave Browser volume set to 40%
2026-01-14 22:31:27,307 - INFO - Received command: Analog pin A13 raw value: 0 -> slider_3:0
2026-01-14 22:31:27,313 - INFO - Setting system volume to 0%
2026-01-14 22:31:27,317 - INFO - System volume set to 0%
2026-01-14 22:31:27,402 - INFO - Received command: Analog pin A15 raw value: 0 -> slider_1:0
2026-01-14 22:31:27,410 - INFO - Setting brave.exe volume to 0%
2026-01-14 22:31:27,411 - INFO - Brave Browser volume set to 0%
2026-01-14 22:31:27,599 - INFO - Received command: Analog pin A15 raw value: 19 -> slider_1:1
2026-01-14 22:31:27,607 - INFO - Setting brave.exe volume to 1%
2026-01-14 22:31:27,608 - INFO - Brave Browser volume set to 1%
2026-01-14 22:31:27,701 - INFO - Received command: Analog pin A15 raw value: 0 -> slider_1:0
2026-01-14 22:31:27,708 - INFO - Setting brave.exe volume to 0%
2026-01-14 22:31:27,710 - INFO - Brave Browser volume set to 0%
2026-01-14 22:31:28,303 - INFO - Received command: Analog pin A15 raw value: 25 -> slider_1:2
2026-01-14 22:31:28,314 - INFO - Setting brave.exe volume to 2%
2026-01-14 22:31:28,315 - INFO - Brave Browser volume set to 2%
2026-01-14 22:31:28,397 - INFO - Received command: Analog pin A13 raw value: 76 -> slider_3:7
2026-01-14 22:31:28,408 - INFO - Setting system volume to 7%
2026-01-14 22:31:28,412 - INFO - System volume set to 7%
2026-01-14 22:31:28,491 - INFO - Received command: Analog pin A15 raw value: 0 -> slider_1:0
2026-01-14 22:31:28,498 - INFO - Setting brave.exe volume to 0%
2026-01-14 22:31:28,498 - INFO - Brave Browser volume set to 0%
2026-01-14 22:31:28,585 - INFO - Received command: Analog pin A13 raw value: 0 -> slider_3:0
2026-01-14 22:31:28,593 - INFO - Setting system volume to 0%
2026-01-14 22:31:28,594 - INFO - System volume set to 0%
2026-01-14 22:31:28,680 - INFO - Received command: Analog pin A13 raw value: 33 -> slider_3:3
2026-01-14 22:31:28,688 - INFO - Setting system volume to 3%
2026-01-14 22:31:28,690 - INFO - System volume set to 3%
2026-01-14 22:31:28,778 - INFO - Received command: Analog pin A13 raw value: 11 -> slider_3:1
2026-01-14 22:31:28,786 - INFO - Setting system volume to 1%
2026-01-14 22:31:28,787 - INFO - System volume set to 1%
2026-01-14 22:31:28,876 - INFO - Received command: Analog pin A13 raw value: 0 -> slider_3:0
2026-01-14 22:31:28,882 - INFO - Setting system volume to 0%
2026-01-14 22:31:28,885 - INFO - System volume set to 0%
2026-01-14 22:31:29,179 - INFO - Received command: Analog pin A15 raw value: 42 -> slider_1:4
2026-01-14 22:31:29,185 - INFO - Setting brave.exe volume to 4%
2026-01-14 22:31:29,185 - INFO - Brave Browser volume set to 4%
2026-01-14 22:31:29,338 - INFO - Received command: Analog pin A15 raw value: 1023 -> slider_1:100
2026-01-14 22:31:29,348 - INFO - Setting brave.exe volume to 100%
2026-01-14 22:31:29,348 - INFO - Brave Browser volume set to 100%
2026-01-14 22:31:29,462 - INFO - Received command: Analog pin A15 raw value: 511 -> slider_1:49
2026-01-14 22:31:29,470 - INFO - Setting brave.exe volume to 49%
2026-01-14 22:31:29,470 - INFO - Brave Browser volume set to 49%
2026-01-14 22:31:29,605 - INFO - Received command: Analog pin A15 raw value: 924 -> slider_1:90
2026-01-14 22:31:29,615 - INFO - Setting brave.exe volume to 90%
2026-01-14 22:31:29,617 - INFO - Brave Browser volume set to 90%
2026-01-14 22:31:29,700 - INFO - Received command: Analog pin A15 raw value: 0 -> slider_1:0
2026-01-14 22:31:29,710 - INFO - Setting brave.exe volume to 0%
2026-01-14 22:31:29,711 - INFO - Brave Browser volume set to 0%
2026-01-14 22:31:33,664 - INFO - Received command: Analog pin A13 raw value: 1023 -> slider_3:100
2026-01-14 22:31:33,674 - INFO - Setting system volume to 100%
2026-01-14 22:31:33,678 - INFO - System volume set to 100%
2026-01-14 22:31:34,156 - INFO - Received command: Analog pin A13 raw value: 0 -> slider_3:0
2026-01-14 22:31:34,164 - INFO - Setting system volume to 0%
2026-01-14 22:31:34,166 - INFO - System volume set to 0%
2026-01-14 22:31:34,521 - INFO - Received command: Analog pin A13 raw value: 1023 -> slider_3:100
2026-01-14 22:31:34,529 - INFO - Setting system volume to 100%
2026-01-14 22:31:34,534 - INFO - System volume set to 100%
2026-01-14 22:31:34,610 - INFO - Received command: Analog pin A15 raw value: 17 -> slider_1:1
2026-01-14 22:31:34,615 - INFO - Setting brave.exe volume to 1%
2026-01-14 22:31:34,619 - INFO - Brave Browser volume set to 1%
2026-01-14 22:31:34,713 - INFO - Received command: Analog pin A15 raw value: 27 -> slider_1:2
2026-01-14 22:31:34,721 - INFO - Setting brave.exe volume to 2%
2026-01-14 22:31:34,721 - INFO - Brave Browser volume set to 2%
2026-01-14 22:31:34,811 - INFO - Received command: Analog pin A15 raw value: 66 -> slider_1:6
2026-01-14 22:31:34,815 - INFO - Setting brave.exe volume to 6%
2026-01-14 22:31:34,818 - INFO - Brave Browser volume set to 6%
2026-01-14 22:31:34,910 - INFO - Received command: Analog pin A15 raw value: 28 -> slider_1:2
2026-01-14 22:31:34,916 - INFO - Setting brave.exe volume to 2%
2026-01-14 22:31:34,947 - INFO - Brave Browser volume set to 2%
2026-01-14 22:31:35,012 - INFO - Received command: Analog pin A15 raw value: 0 -> slider_1:0
2026-01-14 22:31:35,018 - INFO - Setting brave.exe volume to 0%
2026-01-14 22:31:35,019 - INFO - Brave Browser volume set to 0%
2026-01-14 22:31:35,208 - INFO - Received command: Analog pin A15 raw value: 19 -> slider_1:1
2026-01-14 22:31:35,217 - INFO - Setting brave.exe volume to 1%
2026-01-14 22:31:35,218 - INFO - Brave Browser volume set to 1%
2026-01-14 22:31:35,310 - INFO - Received command: Analog pin A15 raw value: 6 -> slider_1:0
2026-01-14 22:31:35,318 - INFO - Setting brave.exe volume to 0%
2026-01-14 22:31:35,318 - INFO - Brave Browser volume set to 0%
2026-01-14 22:31:35,614 - INFO - Received command: Analog pin A15 raw value: 45 -> slider_1:4
2026-01-14 22:31:35,620 - INFO - Setting brave.exe volume to 4%
2026-01-14 22:31:35,620 - INFO - Brave Browser volume set to 4%
2026-01-14 22:31:35,913 - INFO - Received command: Analog pin A15 raw value: 1 -> slider_1:0
2026-01-14 22:31:35,920 - INFO - Setting brave.exe volume to 0%
2026-01-14 22:31:35,920 - INFO - Brave Browser volume set to 0%
2026-01-14 22:31:36,212 - INFO - Received command: Analog pin A15 raw value: 41 -> slider_1:4
2026-01-14 22:31:36,222 - INFO - Setting brave.exe volume to 4%
2026-01-14 22:31:36,223 - INFO - Brave Browser volume set to 4%
2026-01-14 22:31:36,310 - INFO - Received command: Analog pin A15 raw value: 0 -> slider_1:0
2026-01-14 22:31:36,329 - INFO - Setting brave.exe volume to 0%
2026-01-14 22:31:36,329 - INFO - Brave Browser volume set to 0%
2026-01-14 22:31:36,514 - INFO - Received command: Analog pin A15 raw value: 51 -> slider_1:4
2026-01-14 22:31:36,521 - INFO - Setting brave.exe volume to 4%
2026-01-14 22:31:36,522 - INFO - Brave Browser volume set to 4%
2026-01-14 22:31:36,613 - INFO - Received command: Analog pin A15 raw value: 0 -> slider_1:0
2026-01-14 22:31:36,620 - INFO - Setting brave.exe volume to 0%
2026-01-14 22:31:36,622 - INFO - Brave Browser volume set to 0%
2026-01-14 22:31:36,716 - INFO - Received command: Analog pin A15 raw value: 49 -> slider_1:4
2026-01-14 22:31:36,722 - INFO - Setting brave.exe volume to 4%
2026-01-14 22:31:36,722 - INFO - Brave Browser volume set to 4%
2026-01-14 22:31:36,814 - INFO - Received command: Analog pin A15 raw value: 57 -> slider_1:5
2026-01-14 22:31:36,820 - INFO - Setting brave.exe volume to 5%
2026-01-14 22:31:36,822 - INFO - Brave Browser volume set to 5%
2026-01-14 22:31:36,912 - INFO - Received command: Analog pin A15 raw value: 37 -> slider_1:3
2026-01-14 22:31:36,920 - INFO - Setting brave.exe volume to 3%
2026-01-14 22:31:36,921 - INFO - Brave Browser volume set to 3%
2026-01-14 22:31:37,010 - INFO - Received command: Analog pin A15 raw value: 15 -> slider_1:1
2026-01-14 22:31:37,018 - INFO - Setting brave.exe volume to 1%
2026-01-14 22:31:37,020 - INFO - Brave Browser volume set to 1%
2026-01-14 22:31:37,113 - INFO - Received command: Analog pin A15 raw value: 0 -> slider_1:0
2026-01-14 22:31:37,119 - INFO - Setting brave.exe volume to 0%
2026-01-14 22:31:37,120 - INFO - Brave Browser volume set to 0%
2026-01-14 22:31:37,424 - INFO - Received command: Analog pin A15 raw value: 166 -> slider_1:16
2026-01-14 22:31:37,431 - INFO - Setting brave.exe volume to 16%
2026-01-14 22:31:37,432 - INFO - Brave Browser volume set to 16%
2026-01-14 22:31:37,514 - INFO - Received command: Analog pin A15 raw value: 0 -> slider_1:0
2026-01-14 22:31:37,529 - INFO - Setting brave.exe volume to 0%
2026-01-14 22:31:37,529 - INFO - Brave Browser volume set to 0%
2026-01-14 22:31:37,875 - INFO - Received command: Analog pin A15 raw value: 1023 -> slider_1:100
2026-01-14 22:31:37,885 - INFO - Setting brave.exe volume to 100%
2026-01-14 22:31:37,886 - INFO - Brave Browser volume set to 100%
2026-01-14 22:31:37,970 - INFO - Received command: Analog pin A15 raw value: 23 -> slider_1:2
2026-01-14 22:31:37,974 - INFO - Setting brave.exe volume to 2%
2026-01-14 22:31:37,975 - INFO - Brave Browser volume set to 2%
2026-01-14 22:31:38,072 - INFO - Received command: Analog pin A15 raw value: 52 -> slider_1:5
2026-01-14 22:31:38,081 - INFO - Setting brave.exe volume to 5%
2026-01-14 22:31:38,081 - INFO - Brave Browser volume set to 5%
2026-01-14 22:31:38,169 - INFO - Received command: Analog pin A15 raw value: 50 -> slider_1:4
2026-01-14 22:31:38,175 - INFO - Setting brave.exe volume to 4%
2026-01-14 22:31:38,175 - INFO - Brave Browser volume set to 4%
2026-01-14 22:31:38,272 - INFO - Received command: Analog pin A15 raw value: 53 -> slider_1:5
2026-01-14 22:31:38,283 - INFO - Setting brave.exe volume to 5%
2026-01-14 22:31:38,285 - INFO - Brave Browser volume set to 5%
2026-01-14 22:31:38,370 - INFO - Received command: Analog pin A15 raw value: 48 -> slider_1:4
2026-01-14 22:31:38,379 - INFO - Setting brave.exe volume to 4%
2026-01-14 22:31:38,380 - INFO - Brave Browser volume set to 4%
2026-01-14 22:31:38,571 - INFO - Received command: Analog pin A15 raw value: 55 -> slider_1:5
2026-01-14 22:31:38,578 - INFO - Setting brave.exe volume to 5%
2026-01-14 22:31:38,580 - INFO - Brave Browser volume set to 5%
2026-01-14 22:31:38,670 - INFO - Received command: Analog pin A15 raw value: 47 -> slider_1:4
2026-01-14 22:31:38,677 - INFO - Setting brave.exe volume to 4%
2026-01-14 22:31:38,677 - INFO - Brave Browser volume set to 4%
2026-01-14 22:31:39,071 - INFO - Received command: Analog pin A15 raw value: 35 -> slider_1:3
2026-01-14 22:31:39,078 - INFO - Setting brave.exe volume to 3%
2026-01-14 22:31:39,080 - INFO - Brave Browser volume set to 3%
2026-01-14 22:31:39,169 - INFO - Received command: Analog pin A15 raw value: 50 -> slider_1:4
2026-01-14 22:31:39,178 - INFO - Setting brave.exe volume to 4%
2026-01-14 22:31:39,178 - INFO - Brave Browser volume set to 4%
2026-01-14 22:31:39,268 - INFO - Received command: Analog pin A15 raw value: 15 -> slider_1:1
2026-01-14 22:31:39,277 - INFO - Setting brave.exe volume to 1%
2026-01-14 22:31:39,278 - INFO - Brave Browser volume set to 1%
2026-01-14 22:31:39,369 - INFO - Received command: Analog pin A15 raw value: 32 -> slider_1:3
2026-01-14 22:31:39,377 - INFO - Setting brave.exe volume to 3%
2026-01-14 22:31:39,378 - INFO - Brave Browser volume set to 3%
2026-01-14 22:31:39,468 - INFO - Received command: Analog pin A15 raw value: 3 -> slider_1:0
2026-01-14 22:31:39,479 - INFO - Setting brave.exe volume to 0%
2026-01-14 22:31:39,480 - INFO - Brave Browser volume set to 0%
2026-01-14 22:31:39,570 - INFO - Received command: Analog pin A15 raw value: 46 -> slider_1:4
2026-01-14 22:31:39,579 - INFO - Setting brave.exe volume to 4%
2026-01-14 22:31:39,579 - INFO - Brave Browser volume set to 4%
2026-01-14 22:31:39,668 - INFO - Received command: Analog pin A15 raw value: 0 -> slider_1:0
2026-01-14 22:31:39,681 - INFO - Setting brave.exe volume to 0%
2026-01-14 22:31:39,681 - INFO - Brave Browser volume set to 0%
2026-01-14 22:31:40,771 - INFO - Received command: Analog pin A15 raw value: 18 -> slider_1:1
2026-01-14 22:31:40,780 - INFO - Setting brave.exe volume to 1%
2026-01-14 22:31:40,780 - INFO - Brave Browser volume set to 1%
2026-01-14 22:31:40,984 - INFO - Received command: Analog pin A15 raw value: 152 -> slider_1:14
2026-01-14 22:31:40,988 - INFO - Setting brave.exe volume to 14%
2026-01-14 22:31:40,989 - INFO - Brave Browser volume set to 14%
2026-01-14 22:31:41,086 - INFO - Received command: Analog pin A15 raw value: 179 -> slider_1:17
2026-01-14 22:31:41,092 - INFO - Setting brave.exe volume to 17%
2026-01-14 22:31:41,095 - INFO - Brave Browser volume set to 17%
2026-01-14 22:31:41,180 - INFO - Received command: Analog pin A15 raw value: 92 -> slider_1:8
2026-01-14 22:31:41,186 - INFO - Setting brave.exe volume to 8%
2026-01-14 22:31:41,187 - INFO - Brave Browser volume set to 8%
2026-01-14 22:31:41,311 - INFO - Received command: Analog pin A15 raw value: 563 -> slider_1:55
2026-01-14 22:31:41,317 - INFO - Setting brave.exe volume to 55%
2026-01-14 22:31:41,318 - INFO - Brave Browser volume set to 55%
2026-01-14 22:31:41,405 - INFO - Received command: Analog pin A15 raw value: 23 -> slider_1:2
2026-01-14 22:31:41,414 - INFO - Setting brave.exe volume to 2%
2026-01-14 22:31:41,414 - INFO - Brave Browser volume set to 2%
2026-01-14 22:31:41,708 - INFO - Received command: Analog pin A15 raw value: 90 -> slider_1:8
2026-01-14 22:31:41,713 - INFO - Setting brave.exe volume to 8%
2026-01-14 22:31:41,713 - INFO - Brave Browser volume set to 8%
2026-01-14 22:31:41,967 - INFO - Received command: Analog pin A15 raw value: 1023 -> slider_1:100
2026-01-14 22:31:41,974 - INFO - Setting brave.exe volume to 100%
2026-01-14 22:31:41,975 - INFO - Brave Browser volume set to 100%
2026-01-14 22:31:42,106 - INFO - Received command: Analog pin A15 raw value: 865 -> slider_1:84
2026-01-14 22:31:42,112 - INFO - Setting brave.exe volume to 84%
2026-01-14 22:31:42,112 - INFO - Brave Browser volume set to 84%
2026-01-14 22:31:42,224 - INFO - Received command: Analog pin A15 raw value: 391 -> slider_1:38
2026-01-14 22:31:42,235 - INFO - Setting brave.exe volume to 38%
2026-01-14 22:31:42,236 - INFO - Brave Browser volume set to 38%
2026-01-14 22:31:42,335 - INFO - Received command: Analog pin A15 raw value: 268 -> slider_1:26
2026-01-14 22:31:42,344 - INFO - Setting brave.exe volume to 26%
2026-01-14 22:31:42,346 - INFO - Brave Browser volume set to 26%
2026-01-14 22:31:42,426 - INFO - Received command: Analog pin A15 raw value: 0 -> slider_1:0
2026-01-14 22:31:42,436 - INFO - Setting brave.exe volume to 0%
2026-01-14 22:31:42,437 - INFO - Brave Browser volume set to 0%
2026-01-14 22:31:42,725 - INFO - Received command: Analog pin A15 raw value: 15 -> slider_1:1
2026-01-14 22:31:42,732 - INFO - Setting brave.exe volume to 1%
2026-01-14 22:31:42,734 - INFO - Brave Browser volume set to 1%
2026-01-14 22:31:42,827 - INFO - Received command: Analog pin A15 raw value: 0 -> slider_1:0
2026-01-14 22:31:42,836 - INFO - Setting brave.exe volume to 0%
2026-01-14 22:31:42,837 - INFO - Brave Browser volume set to 0%
2026-01-14 22:31:44,387 - INFO - Received command: Analog pin A15 raw value: 1023 -> slider_1:100
2026-01-14 22:31:44,396 - INFO - Setting brave.exe volume to 100%
2026-01-14 22:31:44,397 - INFO - Brave Browser volume set to 100%
2026-01-14 22:31:46,603 - INFO - Received command: Analog pin A14 raw value: 348 -> slider_2:34
2026-01-14 22:31:46,609 - INFO - Discord volume set to 34%
2026-01-14 22:31:46,706 - INFO - Received command: Analog pin A14 raw value: 161 -> slider_2:15
2026-01-14 22:31:46,715 - INFO - Discord volume set to 15%
2026-01-14 22:31:46,800 - INFO - Received command: Analog pin A14 raw value: 35 -> slider_2:3
2026-01-14 22:31:46,804 - INFO - Discord volume set to 3%
2026-01-14 22:31:46,898 - INFO - Received command: Analog pin A14 raw value: 3 -> slider_2:0
2026-01-14 22:31:46,907 - INFO - Discord volume set to 0%
2026-01-14 22:31:47,700 - INFO - Received command: Analog pin A14 raw value: 35 -> slider_2:3
2026-01-14 22:31:47,708 - INFO - Discord volume set to 3%
2026-01-14 22:31:47,811 - INFO - Received command: Analog pin A14 raw value: 165 -> slider_2:16
2026-01-14 22:31:47,817 - INFO - Discord volume set to 16%
2026-01-14 22:31:47,925 - INFO - Received command: Analog pin A14 raw value: 369 -> slider_2:36
2026-01-14 22:31:47,943 - INFO - Discord volume set to 36%
2026-01-14 22:31:48,053 - INFO - Received command: Analog pin A14 raw value: 569 -> slider_2:55
2026-01-14 22:31:48,063 - INFO - Discord volume set to 55%
2026-01-14 22:31:48,184 - INFO - Received command: Analog pin A14 raw value: 735 -> slider_2:71
2026-01-14 22:31:48,192 - INFO - Discord volume set to 71%
2026-01-14 22:31:48,323 - INFO - Received command: Analog pin A14 raw value: 838 -> slider_2:81
2026-01-14 22:31:48,331 - INFO - Discord volume set to 81%
2026-01-14 22:31:48,471 - INFO - Received command: Analog pin A14 raw value: 982 -> slider_2:95
2026-01-14 22:31:48,481 - INFO - Discord volume set to 95%
2026-01-14 22:31:48,627 - INFO - Received command: Analog pin A14 raw value: 1023 -> slider_2:100
2026-01-14 22:31:48,636 - INFO - Discord volume set to 100%
2026-01-14 22:31:50,220 - INFO - Received command: Analog pin A15 raw value: 0 -> slider_1:0
2026-01-14 22:31:50,231 - INFO - Setting brave.exe volume to 0%
2026-01-14 22:31:50,231 - INFO - Brave Browser volume set to 0%
2026-01-14 22:31:50,380 - INFO - Received command: Analog pin A15 raw value: 1023 -> slider_1:100
2026-01-14 22:31:50,388 - INFO - Setting brave.exe volume to 100%
2026-01-14 22:31:50,388 - INFO - Brave Browser volume set to 100%
2026-01-14 22:31:50,670 - INFO - Received command: Analog pin A15 raw value: 0 -> slider_1:0
2026-01-14 22:31:50,677 - INFO - Setting brave.exe volume to 0%
2026-01-14 22:31:50,678 - INFO - Brave Browser volume set to 0%
2026-01-14 22:31:51,633 - INFO - Received command: Analog pin A15 raw value: 1023 -> slider_1:100
2026-01-14 22:31:51,638 - INFO - Setting brave.exe volume to 100%
2026-01-14 22:31:51,639 - INFO - Brave Browser volume set to 100%
2026-01-14 22:31:53,086 - INFO - Received command: Analog pin A13 raw value: 1007 -> slider_3:98
2026-01-14 22:31:53,095 - INFO - Setting system volume to 98%
2026-01-14 22:31:53,097 - INFO - System volume set to 98%
2026-01-14 22:31:53,235 - INFO - Received command: Analog pin A13 raw value: 979 -> slider_3:95
2026-01-14 22:31:53,240 - INFO - Setting system volume to 95%
2026-01-14 22:31:53,242 - INFO - System volume set to 95%
2026-01-14 22:31:53,382 - INFO - Received command: Analog pin A13 raw value: 969 -> slider_3:94
2026-01-14 22:31:53,387 - INFO - Setting system volume to 94%
2026-01-14 22:31:53,390 - INFO - System volume set to 94%
2026-01-14 22:31:53,525 - INFO - Received command: Analog pin A13 raw value: 903 -> slider_3:88
2026-01-14 22:31:53,530 - INFO - Setting system volume to 88%
2026-01-14 22:31:53,532 - INFO - System volume set to 88%
2026-01-14 22:31:53,665 - INFO - Received command: Analog pin A13 raw value: 801 -> slider_3:78
2026-01-14 22:31:53,671 - INFO - Setting system volume to 78%
2026-01-14 22:31:53,674 - INFO - System volume set to 78%
2026-01-14 22:31:53,796 - INFO - Received command: Analog pin A13 raw value: 688 -> slider_3:67
2026-01-14 22:31:53,801 - INFO - Setting system volume to 67%
2026-01-14 22:31:53,804 - INFO - System volume set to 67%
2026-01-14 22:31:53,922 - INFO - Received command: Analog pin A13 raw value: 597 -> slider_3:58
2026-01-14 22:31:53,930 - INFO - Setting system volume to 58%
2026-01-14 22:31:53,933 - INFO - System volume set to 58%
2026-01-14 22:31:54,046 - INFO - Received command: Analog pin A13 raw value: 509 -> slider_3:49
2026-01-14 22:31:54,052 - INFO - Setting system volume to 49%
2026-01-14 22:31:54,055 - INFO - System volume set to 49%
2026-01-14 22:31:54,164 - INFO - Received command: Analog pin A13 raw value: 448 -> slider_3:43
2026-01-14 22:31:54,169 - INFO - Setting system volume to 43%
2026-01-14 22:31:54,171 - INFO - System volume set to 43%
2026-01-14 22:31:54,282 - INFO - Received command: Analog pin A13 raw value: 416 -> slider_3:40
2026-01-14 22:31:54,290 - INFO - Setting system volume to 40%
2026-01-14 22:31:54,291 - INFO - System volume set to 40%
2026-01-14 22:31:54,397 - INFO - Received command: Analog pin A13 raw value: 390 -> slider_3:38
2026-01-14 22:31:54,408 - INFO - Setting system volume to 38%
2026-01-14 22:31:54,411 - INFO - System volume set to 38%
2026-01-14 22:31:54,512 - INFO - Received command: Analog pin A13 raw value: 386 -> slider_3:37
2026-01-14 22:31:54,522 - INFO - Setting system volume to 37%
2026-01-14 22:31:54,527 - INFO - System volume set to 37%
2026-01-14 22:31:57,236 - INFO - Received command: Analog pin A13 raw value: 500 -> slider_3:48
2026-01-14 22:31:57,242 - INFO - Setting system volume to 48%
2026-01-14 22:31:57,243 - INFO - System volume set to 48%
2026-01-14 22:31:57,347 - INFO - Received command: Analog pin A15 raw value: 266 -> slider_1:26
2026-01-14 22:31:57,357 - INFO - Setting brave.exe volume to 26%
2026-01-14 22:31:57,359 - INFO - Brave Browser volume set to 26%
2026-01-14 22:31:57,473 - INFO - Received command: Analog pin A13 raw value: 582 -> slider_3:56
2026-01-14 22:31:57,478 - INFO - Setting system volume to 56%
2026-01-14 22:31:57,480 - INFO - System volume set to 56%
2026-01-14 22:31:57,625 - INFO - Received command: Analog pin A15 raw value: 1023 -> slider_1:100
2026-01-14 22:31:57,633 - INFO - Setting brave.exe volume to 100%
2026-01-14 22:31:57,634 - INFO - Brave Browser volume set to 100%
2026-01-14 22:31:57,719 - INFO - Received command: Analog pin A15 raw value: 0 -> slider_1:0
2026-01-14 22:31:57,728 - INFO - Setting brave.exe volume to 0%
2026-01-14 22:31:57,728 - INFO - Brave Browser volume set to 0%
2026-01-14 22:32:10,093 - INFO - Received command: Analog pin A15 raw value: 1023 -> slider_1:100
2026-01-14 22:32:10,100 - INFO - Setting brave.exe volume to 100%
2026-01-14 22:32:10,101 - INFO - Brave Browser volume set to 100%
2026-01-14 22:32:11,239 - INFO - Received command: Analog pin A14 raw value: 1022 -> slider_2:99
2026-01-14 22:32:11,245 - INFO - Discord volume set to 99%
2026-01-14 22:32:11,395 - INFO - Received command: Analog pin A14 raw value: 1023 -> slider_2:100
2026-01-14 22:32:11,401 - INFO - Discord volume set to 100%
2026-01-14 22:32:12,186 - INFO - Received command: Analog pin A15 raw value: 0 -> slider_1:0
2026-01-14 22:32:12,192 - INFO - Setting brave.exe volume to 0%
2026-01-14 22:32:12,193 - INFO - Brave Browser volume set to 0%
2026-01-14 22:32:12,448 - INFO - Received command: Analog pin A15 raw value: 1023 -> slider_1:100
2026-01-14 22:32:12,459 - INFO - Setting brave.exe volume to 100%
2026-01-14 22:32:12,461 - INFO - Brave Browser volume set to 100%
2026-01-14 22:32:12,542 - INFO - Received command: Analog pin A15 raw value: 0 -> slider_1:0
2026-01-14 22:32:12,547 - INFO - Setting brave.exe volume to 0%
2026-01-14 22:32:12,548 - INFO - Brave Browser volume set to 0%
2026-01-14 22:32:13,001 - INFO - Received command: Analog pin A15 raw value: 1023 -> slider_1:100
2026-01-14 22:32:13,007 - INFO - Setting brave.exe volume to 100%
2026-01-14 22:32:13,008 - INFO - Brave Browser volume set to 100%
2026-01-14 22:32:13,951 - INFO - Received command: Analog pin A15 raw value: 1022 -> slider_1:99
2026-01-14 22:32:13,959 - INFO - Setting brave.exe volume to 99%
2026-01-14 22:32:13,960 - INFO - Brave Browser volume set to 99%
2026-01-14 22:32:14,106 - INFO - Received command: Analog pin A15 raw value: 1023 -> slider_1:100
2026-01-14 22:32:14,115 - INFO - Setting brave.exe volume to 100%
2026-01-14 22:32:14,115 - INFO - Brave Browser volume set to 100%
2026-01-14 22:32:15,557 - INFO - Received command: Analog pin A15 raw value: 1021 -> slider_1:99
2026-01-14 22:32:15,573 - INFO - Setting brave.exe volume to 99%
2026-01-14 22:32:15,574 - INFO - Brave Browser volume set to 99%
2026-01-14 22:32:15,713 - INFO - Received command: Analog pin A15 raw value: 1023 -> slider_1:100
2026-01-14 22:32:15,722 - INFO - Setting brave.exe volume to 100%
2026-01-14 22:32:15,723 - INFO - Brave Browser volume set to 100%
2026-01-14 22:32:16,404 - INFO - Received command: Analog pin A15 raw value: 0 -> slider_1:0
2026-01-14 22:32:16,413 - INFO - Setting brave.exe volume to 0%
2026-01-14 22:32:16,413 - INFO - Brave Browser volume set to 0%
2026-01-14 22:32:16,667 - INFO - Received command: Analog pin A15 raw value: 1023 -> slider_1:100
2026-01-14 22:32:16,675 - INFO - Setting brave.exe volume to 100%
2026-01-14 22:32:16,676 - INFO - Brave Browser volume set to 100%
2026-01-14 22:32:25,566 - INFO - Received command: Analog pin A15 raw value: 0 -> slider_1:0
2026-01-14 22:32:25,572 - INFO - Setting brave.exe volume to 0%
2026-01-14 22:32:25,572 - INFO - Brave Browser volume set to 0%
2026-01-14 22:32:28,618 - INFO - Received command: slider_1:85
2026-01-14 22:32:28,619 - INFO - Applying Brave Browser volume: 85%
2026-01-14 22:32:28,625 - INFO - Setting brave.exe volume to 85%
2026-01-14 22:32:46,366 - INFO - Received command: Analog pin A15 raw value: 1023 -> slider_4:100
2026-01-14 22:32:46,374 - INFO - Setting system volume to 100%
2026-01-14 22:32:46,375 - INFO - System volume set to 100%
2026-01-14 22:32:46,459 - INFO - Received command: Analog pin A15 raw value: 0 -> slider_4:0
2026-01-14 22:32:46,467 - INFO - Setting system volume to 0%
2026-01-14 22:32:46,472 - INFO - System volume set to 0%
2026-01-14 22:32:46,661 - INFO - Received command: Analog pin A15 raw value: 102 -> slider_4:9
2026-01-14 22:32:46,668 - INFO - Setting system volume to 9%
2026-01-14 22:32:46,671 - INFO - System volume set to 9%
2026-01-14 22:32:46,759 - INFO - Received command: Analog pin A15 raw value: 0 -> slider_4:0
2026-01-14 22:32:46,765 - INFO - Setting system volume to 0%
2026-01-14 22:32:46,769 - INFO - System volume set to 0%
2026-01-14 22:32:48,819 - INFO - Received command: Analog pin A15 raw value: 1020 -> slider_4:99
2026-01-14 22:32:48,826 - INFO - Setting system volume to 99%
2026-01-14 22:32:48,829 - INFO - System volume set to 99%
2026-01-14 22:32:48,909 - INFO - Received command: Analog pin A15 raw value: 0 -> slider_4:0
2026-01-14 22:32:48,916 - INFO - Setting system volume to 0%
2026-01-14 22:32:48,920 - INFO - System volume set to 0%
2026-01-14 22:32:49,057 - INFO - Received command: Analog pin A15 raw value: 807 -> slider_4:78
2026-01-14 22:32:49,064 - INFO - Setting system volume to 78%
2026-01-14 22:32:49,068 - INFO - System volume set to 78%
2026-01-14 22:32:49,147 - INFO - Received command: Analog pin A15 raw value: 0 -> slider_4:0
2026-01-14 22:32:49,154 - INFO - Setting system volume to 0%
2026-01-14 22:32:49,158 - INFO - System volume set to 0%
2026-01-14 22:32:49,786 - INFO - Received command: Analog pin A15 raw value: 639 -> slider_4:62
2026-01-14 22:32:49,794 - INFO - Setting system volume to 62%
2026-01-14 22:32:49,799 - INFO - System volume set to 62%
2026-01-14 22:32:49,900 - INFO - Received command: Analog pin A15 raw value: 428 -> slider_4:41
2026-01-14 22:32:49,930 - INFO - Setting system volume to 41%
2026-01-14 22:32:49,933 - INFO - System volume set to 41%
2026-01-14 22:32:50,057 - INFO - Received command: Analog pin A15 raw value: 1023 -> slider_4:100
2026-01-14 22:32:50,066 - INFO - Setting system volume to 100%
2026-01-14 22:32:50,069 - INFO - System volume set to 100%
2026-01-14 22:32:51,048 - INFO - Received command: Analog pin A15 raw value: 0 -> slider_4:0
2026-01-14 22:32:51,056 - INFO - Setting system volume to 0%
2026-01-14 22:32:51,058 - INFO - System volume set to 0%
2026-01-14 22:32:51,392 - INFO - Received command: Analog pin A15 raw value: 769 -> slider_4:75
2026-01-14 22:32:51,397 - INFO - Setting system volume to 75%
2026-01-14 22:32:51,400 - INFO - System volume set to 75%
2026-01-14 22:32:51,494 - INFO - Received command: Analog pin A15 raw value: 106 -> slider_4:10
2026-01-14 22:32:51,504 - INFO - Setting system volume to 10%
2026-01-14 22:32:51,508 - INFO - System volume set to 10%
2026-01-14 22:32:51,646 - INFO - Received command: Analog pin A15 raw value: 1023 -> slider_4:100
2026-01-14 22:32:51,653 - INFO - Setting system volume to 100%
2026-01-14 22:32:51,655 - INFO - System volume set to 100%
2026-01-14 22:32:51,739 - INFO - Received command: Analog pin A15 raw value: 50 -> slider_4:4
2026-01-14 22:32:51,746 - INFO - Setting system volume to 4%
2026-01-14 22:32:51,749 - INFO - System volume set to 4%
2026-01-14 22:32:51,838 - INFO - Received command: Analog pin A15 raw value: 0 -> slider_4:0
2026-01-14 22:32:51,844 - INFO - Setting system volume to 0%
2026-01-14 22:32:51,849 - INFO - System volume set to 0%
2026-01-14 22:32:52,538 - INFO - Received command: Analog pin A15 raw value: 18 -> slider_4:1
2026-01-14 22:32:52,546 - INFO - Setting system volume to 1%
2026-01-14 22:32:52,550 - INFO - System volume set to 1%
2026-01-14 22:32:52,636 - INFO - Received command: Analog pin A15 raw value: 0 -> slider_4:0
2026-01-14 22:32:52,655 - INFO - Setting system volume to 0%
2026-01-14 22:32:52,658 - INFO - System volume set to 0%
2026-01-14 22:32:53,140 - INFO - Received command: Analog pin A15 raw value: 31 -> slider_4:3
2026-01-14 22:32:53,145 - INFO - Setting system volume to 3%
2026-01-14 22:32:53,154 - INFO - System volume set to 3%
2026-01-14 22:32:53,300 - INFO - Received command: Analog pin A15 raw value: 1023 -> slider_4:100
2026-01-14 22:32:53,310 - INFO - Setting system volume to 100%
2026-01-14 22:32:53,315 - INFO - System volume set to 100%
2026-01-14 22:32:53,390 - INFO - Received command: Analog pin A15 raw value: 0 -> slider_4:0
2026-01-14 22:32:53,395 - INFO - Setting system volume to 0%
2026-01-14 22:32:53,399 - INFO - System volume set to 0%
2026-01-14 22:32:53,755 - INFO - Received command: Analog pin A15 raw value: 1023 -> slider_4:100
2026-01-14 22:32:53,761 - INFO - Setting system volume to 100%
2026-01-14 22:32:53,763 - INFO - System volume set to 100%
2026-01-14 22:32:53,845 - INFO - Received command: Analog pin A15 raw value: 0 -> slider_4:0
2026-01-14 22:32:53,850 - INFO - Setting system volume to 0%
2026-01-14 22:32:53,853 - INFO - System volume set to 0%
2026-01-14 22:32:54,996 - INFO - Received command: Analog pin A15 raw value: 845 -> slider_4:82
2026-01-14 22:32:55,007 - INFO - Setting system volume to 82%
2026-01-14 22:32:55,010 - INFO - System volume set to 82%
2026-01-14 22:32:55,086 - INFO - Received command: Analog pin A15 raw value: 0 -> slider_4:0
2026-01-14 22:32:55,095 - INFO - Setting system volume to 0%
2026-01-14 22:32:55,101 - INFO - System volume set to 0%
2026-01-14 22:32:55,230 - INFO - Received command: Analog pin A15 raw value: 808 -> slider_4:78
2026-01-14 22:32:55,240 - INFO - Setting system volume to 78%
2026-01-14 22:32:55,245 - INFO - System volume set to 78%
2026-01-14 22:32:55,364 - INFO - Received command: Analog pin A15 raw value: 679 -> slider_4:66
2026-01-14 22:32:55,389 - INFO - Setting system volume to 66%
2026-01-14 22:32:55,392 - INFO - System volume set to 66%
2026-01-14 22:32:55,455 - INFO - Received command: Analog pin A15 raw value: 26 -> slider_4:2
2026-01-14 22:32:55,462 - INFO - Setting system volume to 2%
2026-01-14 22:32:55,466 - INFO - System volume set to 2%
2026-01-14 22:32:55,565 - INFO - Received command: Analog pin A15 raw value: 183 -> slider_4:17
2026-01-14 22:32:55,573 - INFO - Setting system volume to 17%
2026-01-14 22:32:55,578 - INFO - System volume set to 17%
2026-01-14 22:32:55,660 - INFO - Received command: Analog pin A15 raw value: 0 -> slider_4:0
2026-01-14 22:32:55,668 - INFO - Setting system volume to 0%
2026-01-14 22:32:55,672 - INFO - System volume set to 0%
2026-01-14 22:32:56,171 - INFO - Received command: Analog pin A15 raw value: 141 -> slider_4:13
2026-01-14 22:32:56,183 - INFO - Setting system volume to 13%
2026-01-14 22:32:56,186 - INFO - System volume set to 13%
2026-01-14 22:32:56,262 - INFO - Received command: Analog pin A15 raw value: 0 -> slider_4:0
2026-01-14 22:32:56,269 - INFO - Setting system volume to 0%
2026-01-14 22:32:56,274 - INFO - System volume set to 0%
2026-01-14 22:33:01,930 - INFO - Received command: Action: open_sliders
2026-01-14 22:33:01,930 - WARNING - No configuration found for button: open_sliders
2026-01-14 22:33:04,187 - INFO - Received command: slider_3:76
2026-01-14 22:33:04,188 - INFO - Applying system volume: 76% (from slider_3)
2026-01-14 22:33:04,188 - INFO - Setting system volume to 76%
2026-01-14 22:33:04,437 - INFO - Received command: Analog pin A15 raw value: 1023 -> slider_1:100
2026-01-14 22:33:04,444 - INFO - Setting brave.exe volume to 100%
2026-01-14 22:33:04,445 - INFO - Brave Browser volume set to 100%
2026-01-14 22:33:04,593 - INFO - Received command: slider_3:100
2026-01-14 22:33:04,593 - INFO - Applying system volume: 100% (from slider_3)
2026-01-14 22:33:04,593 - INFO - Setting system volume to 100%
2026-01-14 22:33:11,040 - INFO - Received command: Action: DEF
2026-01-14 22:33:11,151 - INFO - Pressed hotkey: [+'+c+t+r+l+'+,+ +'+s+h+i+f+t+'+,+ +'+a+l+t+'+,+ +'+d+'+]
2026-01-14 22:33:12,358 - INFO - Received command: Action: DEF
2026-01-14 22:33:12,471 - INFO - Pressed hotkey: [+'+c+t+r+l+'+,+ +'+s+h+i+f+t+'+,+ +'+a+l+t+'+,+ +'+d+'+]
2026-01-14 22:33:13,141 - INFO - Received command: Action: DEF
2026-01-14 22:33:13,263 - INFO - Pressed hotkey: [+'+c+t+r+l+'+,+ +'+s+h+i+f+t+'+,+ +'+a+l+t+'+,+ +'+d+'+]
2026-01-14 22:33:14,611 - INFO - Received command: Action: DEF
2026-01-14 22:33:14,728 - INFO - Pressed hotkey: [+'+c+t+r+l+'+,+ +'+s+h+i+f+t+'+,+ +'+a+l+t+'+,+ +'+d+'+]
2026-01-14 22:33:15,918 - INFO - Received command: Action: PLAY
2026-01-14 22:33:16,019 - INFO - Pressed key: k
2026-01-14 22:33:19,411 - INFO - Received command: Action: PLAY
2026-01-14 22:33:19,518 - INFO - Pressed key: k
2026-01-14 22:33:20,128 - INFO - Received command: Action: PLAY
2026-01-14 22:33:20,230 - INFO - Pressed key: k
2026-01-14 22:33:43,725 - INFO - Received command: Action: open_sliders
2026-01-14 22:33:43,725 - WARNING - No configuration found for button: open_sliders
2026-01-14 22:33:46,838 - INFO - Received command: slider_2:34
2026-01-14 22:33:46,838 - INFO - Applying Discord volume: 34%
2026-01-14 22:33:47,030 - INFO - Received command: Analog pin A15 raw value: 0 -> slider_1:0
2026-01-14 22:33:47,041 - INFO - Setting brave.exe volume to 0%
2026-01-14 22:33:47,042 - INFO - Brave Browser volume set to 0%
2026-01-14 22:33:48,492 - INFO - Received command: Analog pin A15 raw value: 1023 -> slider_1:100
2026-01-14 22:33:48,497 - INFO - Setting brave.exe volume to 100%
2026-01-14 22:33:48,498 - INFO - Brave Browser volume set to 100%
2026-01-14 22:33:48,582 - INFO - Received command: Analog pin A15 raw value: 0 -> slider_1:0
2026-01-14 22:33:48,590 - INFO - Setting brave.exe volume to 0%
2026-01-14 22:33:48,592 - INFO - Brave Browser volume set to 0%
2026-01-14 22:33:49,245 - INFO - Received command: Analog pin A15 raw value: 1023 -> slider_1:100
2026-01-14 22:33:49,257 - INFO - Setting brave.exe volume to 100%
2026-01-14 22:33:49,258 - INFO - Brave Browser volume set to 100%
2026-01-14 22:33:50,499 - INFO - Received command: Analog pin A15 raw value: 1022 -> slider_1:99
2026-01-14 22:33:50,510 - INFO - Setting brave.exe volume to 99%
2026-01-14 22:33:50,511 - INFO - Brave Browser volume set to 99%
2026-01-14 22:33:50,650 - INFO - Received command: Analog pin A15 raw value: 1023 -> slider_1:100
2026-01-14 22:33:50,663 - INFO - Setting brave.exe volume to 100%
2026-01-14 22:33:50,666 - INFO - Brave Browser volume set to 100%
2026-01-14 22:33:52,030 - INFO - Received command: slider_1:92
2026-01-14 22:33:52,031 - INFO - Applying Brave Browser volume: 92%
2026-01-14 22:33:52,040 - INFO - Setting brave.exe volume to 92%
2026-01-14 22:33:52,448 - INFO - Received command: slider_1:91
2026-01-14 22:33:52,450 - INFO - Applying Brave Browser volume: 91%
2026-01-14 22:33:52,458 - INFO - Setting brave.exe volume to 91%
2026-01-14 22:33:53,285 - INFO - Received command: slider_1:88
2026-01-14 22:33:53,285 - INFO - Applying Brave Browser volume: 88%
2026-01-14 22:33:53,295 - INFO - Setting brave.exe volume to 88%
2026-01-14 22:33:53,477 - INFO - Received command: Analog pin A15 raw value: 0 -> slider_1:0
2026-01-14 22:33:53,485 - INFO - Setting brave.exe volume to 0%
2026-01-14 22:33:53,486 - INFO - Brave Browser volume set to 0%
2026-01-14 22:33:55,590 - INFO - Received command: Analog pin A15 raw value: 124 -> slider_1:12
2026-01-14 22:33:55,600 - INFO - Setting brave.exe volume to 12%
2026-01-14 22:33:55,602 - INFO - Brave Browser volume set to 12%
2026-01-14 22:33:55,680 - INFO - Received command: Analog pin A15 raw value: 0 -> slider_1:0
2026-01-14 22:33:55,685 - INFO - Setting brave.exe volume to 0%
2026-01-14 22:33:55,686 - INFO - Brave Browser volume set to 0%
2026-01-14 22:33:55,820 - INFO - Received command: Analog pin A15 raw value: 664 -> slider_1:64
2026-01-14 22:33:55,824 - INFO - Setting brave.exe volume to 64%
2026-01-14 22:33:55,826 - INFO - Brave Browser volume set to 64%
2026-01-14 22:33:55,942 - INFO - Received command: Analog pin A15 raw value: 525 -> slider_1:51
2026-01-14 22:33:55,955 - INFO - Setting brave.exe volume to 51%
2026-01-14 22:33:55,955 - INFO - Brave Browser volume set to 51%
2026-01-14 22:33:56,098 - INFO - Received command: Analog pin A15 raw value: 1023 -> slider_1:100
2026-01-14 22:33:56,108 - INFO - Setting brave.exe volume to 100%
2026-01-14 22:33:56,110 - INFO - Brave Browser volume set to 100%
2026-01-14 22:33:56,229 - INFO - Received command: Analog pin A15 raw value: 724 -> slider_1:70
2026-01-14 22:33:56,238 - INFO - Setting brave.exe volume to 70%
2026-01-14 22:33:56,239 - INFO - Brave Browser volume set to 70%
2026-01-14 22:33:56,336 - INFO - Received command: Analog pin A15 raw value: 243 -> slider_1:23
2026-01-14 22:33:56,345 - INFO - Setting brave.exe volume to 23%
2026-01-14 22:33:56,346 - INFO - Brave Browser volume set to 23%
2026-01-14 22:33:56,466 - INFO - Received command: Analog pin A15 raw value: 640 -> slider_1:62
2026-01-14 22:33:56,475 - INFO - Setting brave.exe volume to 62%
2026-01-14 22:33:56,475 - INFO - Brave Browser volume set to 62%
2026-01-14 22:33:56,569 - INFO - Received command: Analog pin A15 raw value: 120 -> slider_1:11
2026-01-14 22:33:56,577 - INFO - Setting brave.exe volume to 11%
2026-01-14 22:33:56,578 - INFO - Brave Browser volume set to 11%
2026-01-14 22:33:56,770 - INFO - Received command: Analog pin A15 raw value: 180 -> slider_1:17
2026-01-14 22:33:56,777 - INFO - Setting brave.exe volume to 17%
2026-01-14 22:33:56,778 - INFO - Brave Browser volume set to 17%
2026-01-14 22:33:56,905 - INFO - Received command: Analog pin A15 raw value: 723 -> slider_1:70
2026-01-14 22:33:56,917 - INFO - Setting brave.exe volume to 70%
2026-01-14 22:33:56,918 - INFO - Brave Browser volume set to 70%
2026-01-14 22:33:56,999 - INFO - Received command: Analog pin A15 raw value: 0 -> slider_1:0
2026-01-14 22:33:57,009 - INFO - Setting brave.exe volume to 0%
2026-01-14 22:33:57,010 - INFO - Brave Browser volume set to 0%
2026-01-14 22:33:57,397 - INFO - Received command: Analog pin A15 raw value: 21 -> slider_1:2
2026-01-14 22:33:57,406 - INFO - Setting brave.exe volume to 2%
2026-01-14 22:33:57,406 - INFO - Brave Browser volume set to 2%
2026-01-14 22:33:57,499 - INFO - Received command: Analog pin A15 raw value: 0 -> slider_1:0
2026-01-14 22:33:57,506 - INFO - Setting brave.exe volume to 0%
2026-01-14 22:33:57,506 - INFO - Brave Browser volume set to 0%
2026-01-14 22:33:57,696 - INFO - Received command: Analog pin A15 raw value: 14 -> slider_1:1
2026-01-14 22:33:57,710 - INFO - Setting brave.exe volume to 1%
2026-01-14 22:33:57,710 - INFO - Brave Browser volume set to 1%
2026-01-14 22:33:57,798 - INFO - Received command: Analog pin A15 raw value: 3 -> slider_1:0
2026-01-14 22:33:57,806 - INFO - Setting brave.exe volume to 0%
2026-01-14 22:33:57,807 - INFO - Brave Browser volume set to 0%
2026-01-14 22:33:57,958 - INFO - Received command: Analog pin A15 raw value: 1023 -> slider_1:100
2026-01-14 22:33:57,973 - INFO - Setting brave.exe volume to 100%
2026-01-14 22:33:57,975 - INFO - Brave Browser volume set to 100%
2026-01-14 22:33:58,085 - INFO - Received command: Analog pin A15 raw value: 602 -> slider_1:58
2026-01-14 22:33:58,093 - INFO - Setting brave.exe volume to 58%
2026-01-14 22:33:58,095 - INFO - Brave Browser volume set to 58%
2026-01-14 22:33:58,183 - INFO - Received command: Analog pin A15 raw value: 84 -> slider_1:8
2026-01-14 22:33:58,189 - INFO - Setting brave.exe volume to 8%
2026-01-14 22:33:58,191 - INFO - Brave Browser volume set to 8%
2026-01-14 22:33:58,338 - INFO - Received command: Analog pin A15 raw value: 1023 -> slider_1:100
2026-01-14 22:33:58,344 - INFO - Setting brave.exe volume to 100%
2026-01-14 22:33:58,344 - INFO - Brave Browser volume set to 100%
2026-01-14 22:33:58,432 - INFO - Received command: Analog pin A15 raw value: 0 -> slider_1:0
2026-01-14 22:33:58,441 - INFO - Setting brave.exe volume to 0%
2026-01-14 22:33:58,443 - INFO - Brave Browser volume set to 0%
2026-01-14 22:33:58,691 - INFO - Received command: Analog pin A15 raw value: 1023 -> slider_1:100
2026-01-14 22:33:58,703 - INFO - Setting brave.exe volume to 100%
2026-01-14 22:33:58,704 - INFO - Brave Browser volume set to 100%
2026-01-14 22:33:59,084 - INFO - Received command: Analog pin A15 raw value: 0 -> slider_1:0
2026-01-14 22:33:59,092 - INFO - Setting brave.exe volume to 0%
2026-01-14 22:33:59,093 - INFO - Brave Browser volume set to 0%
2026-01-14 22:33:59,846 - INFO - Received command: Analog pin A15 raw value: 1023 -> slider_1:100
2026-01-14 22:33:59,850 - INFO - Setting brave.exe volume to 100%
2026-01-14 22:33:59,851 - INFO - Brave Browser volume set to 100%
2026-01-14 22:33:59,998 - INFO - Received command: Analog pin A15 raw value: 1022 -> slider_1:99
2026-01-14 22:34:00,001 - INFO - Setting brave.exe volume to 99%
2026-01-14 22:34:00,003 - INFO - Brave Browser volume set to 99%
2026-01-14 22:34:00,153 - INFO - Received command: Analog pin A15 raw value: 1023 -> slider_1:100
2026-01-14 22:34:00,162 - INFO - Setting brave.exe volume to 100%
2026-01-14 22:34:00,163 - INFO - Brave Browser volume set to 100%
2026-01-14 22:34:02,103 - INFO - Received command: Analog pin A15 raw value: 1010 -> slider_1:98
2026-01-14 22:34:02,114 - INFO - Setting brave.exe volume to 98%
2026-01-14 22:34:02,115 - INFO - Brave Browser volume set to 98%
2026-01-14 22:34:02,255 - INFO - Received command: Analog pin A15 raw value: 1023 -> slider_1:100
2026-01-14 22:34:02,267 - INFO - Setting brave.exe volume to 100%
2026-01-14 22:34:02,268 - INFO - Brave Browser volume set to 100%
2026-01-14 22:34:09,357 - INFO - Received command: Analog pin A15 raw value: 0 -> slider_1:0
2026-01-14 22:34:09,363 - INFO - Setting brave.exe volume to 0%
2026-01-14 22:34:09,363 - INFO - Brave Browser volume set to 0%
2026-01-14 22:34:09,520 - INFO - Received command: Analog pin A15 raw value: 1023 -> slider_1:100
2026-01-14 22:34:09,528 - INFO - Setting brave.exe volume to 100%
2026-01-14 22:34:09,528 - INFO - Brave Browser volume set to 100%
2026-01-14 22:34:10,057 - INFO - Received command: Analog pin A15 raw value: 817 -> slider_1:79
2026-01-14 22:34:10,061 - INFO - Setting brave.exe volume to 79%
2026-01-14 22:34:10,062 - INFO - Brave Browser volume set to 79%
2026-01-14 22:34:10,196 - INFO - Received command: Analog pin A15 raw value: 842 -> slider_1:82
2026-01-14 22:34:10,262 - INFO - Setting brave.exe volume to 82%
2026-01-14 22:34:10,265 - INFO - Brave Browser volume set to 82%
2026-01-14 22:34:10,339 - INFO - Received command: Analog pin A15 raw value: 858 -> slider_1:83
2026-01-14 22:34:10,359 - INFO - Setting brave.exe volume to 83%
2026-01-14 22:34:10,359 - INFO - Brave Browser volume set to 83%
2026-01-14 22:34:10,434 - INFO - Received command: Analog pin A15 raw value: 53 -> slider_1:5
2026-01-14 22:34:10,439 - INFO - Setting brave.exe volume to 5%
2026-01-14 22:34:10,440 - INFO - Brave Browser volume set to 5%
2026-01-14 22:34:10,576 - INFO - Received command: Analog pin A15 raw value: 829 -> slider_1:81
2026-01-14 22:34:10,584 - INFO - Setting brave.exe volume to 81%
2026-01-14 22:34:10,585 - INFO - Brave Browser volume set to 81%
2026-01-14 22:34:10,826 - INFO - Received command: Analog pin A15 raw value: 1015 -> slider_1:99
2026-01-14 22:34:10,834 - INFO - Setting brave.exe volume to 99%
2026-01-14 22:34:10,835 - INFO - Brave Browser volume set to 99%
2026-01-14 22:34:10,982 - INFO - Received command: Analog pin A15 raw value: 1023 -> slider_1:100
2026-01-14 22:34:10,987 - INFO - Setting brave.exe volume to 100%
2026-01-14 22:34:10,988 - INFO - Brave Browser volume set to 100%
2026-01-14 22:34:11,077 - INFO - Received command: Analog pin A15 raw value: 68 -> slider_1:6
2026-01-14 22:34:11,085 - INFO - Setting brave.exe volume to 6%
2026-01-14 22:34:11,086 - INFO - Brave Browser volume set to 6%
2026-01-14 22:34:11,171 - INFO - Received command: Analog pin A15 raw value: 0 -> slider_1:0
2026-01-14 22:34:11,177 - INFO - Setting brave.exe volume to 0%
2026-01-14 22:34:11,178 - INFO - Brave Browser volume set to 0%
2026-01-14 22:34:16,643 - INFO - Received command: Analog pin A15 raw value: 1023 -> slider_1:100
2026-01-14 22:34:16,649 - INFO - Setting brave.exe volume to 100%
2026-01-14 22:34:16,649 - INFO - Brave Browser volume set to 100%
2026-01-14 22:34:17,135 - INFO - Received command: Analog pin A15 raw value: 0 -> slider_1:0
2026-01-14 22:34:17,140 - INFO - Setting brave.exe volume to 0%
2026-01-14 22:34:17,142 - INFO - Brave Browser volume set to 0%
2026-01-14 22:34:23,340 - INFO - Received command: Analog pin A15 raw value: 16 -> slider_1:1
2026-01-14 22:34:23,345 - INFO - Setting brave.exe volume to 1%
2026-01-14 22:34:23,347 - INFO - Brave Browser volume set to 1%
2026-01-14 22:34:23,492 - INFO - Received command: Analog pin A13 raw value: 1023 -> slider_3:100
2026-01-14 22:34:23,496 - INFO - Setting system volume to 100%
2026-01-14 22:34:23,497 - INFO - System volume set to 100%
2026-01-14 22:34:23,586 - INFO - Received command: Analog pin A15 raw value: 0 -> slider_1:0
2026-01-14 22:34:23,592 - INFO - Setting brave.exe volume to 0%
2026-01-14 22:34:23,592 - INFO - Brave Browser volume set to 0%
2026-01-14 22:34:23,819 - INFO - Received command: Analog pin A13 raw value: 581 -> slider_3:56
2026-01-14 22:34:23,826 - INFO - Setting system volume to 56%
2026-01-14 22:34:23,827 - INFO - System volume set to 56%
2026-01-14 22:34:24,335 - INFO - Received command: Analog pin A14 raw value: 438 -> slider_2:42
2026-01-14 22:34:24,341 - INFO - Discord volume set to 42%
2026-01-14 22:34:24,458 - INFO - Received command: Analog pin A13 raw value: 514 -> slider_3:50
2026-01-14 22:34:24,466 - INFO - Setting system volume to 50%
2026-01-14 22:34:24,468 - INFO - System volume set to 50%
2026-01-14 22:34:24,593 - INFO - Received command: Analog pin A15 raw value: 759 -> slider_1:74
2026-01-14 22:34:24,600 - INFO - Setting brave.exe volume to 74%
2026-01-14 22:34:24,601 - INFO - Brave Browser volume set to 74%
2026-01-14 22:34:24,683 - INFO - Received command: Analog pin A14 raw value: 0 -> slider_2:0
2026-01-14 22:34:24,689 - INFO - Discord volume set to 0%
2026-01-14 22:34:24,819 - INFO - Received command: Analog pin A13 raw value: 710 -> slider_3:69
2026-01-14 22:34:24,825 - INFO - Setting system volume to 69%
2026-01-14 22:34:24,826 - INFO - System volume set to 69%
2026-01-14 22:34:24,954 - INFO - Received command: Analog pin A15 raw value: 769 -> slider_1:75
2026-01-14 22:34:24,959 - INFO - Setting brave.exe volume to 75%
2026-01-14 22:34:24,959 - INFO - Brave Browser volume set to 75%
2026-01-14 22:34:25,089 - INFO - Received command: Analog pin A14 raw value: 750 -> slider_2:73
2026-01-14 22:34:25,093 - INFO - Discord volume set to 73%
2026-01-14 22:34:25,207 - INFO - Received command: Analog pin A13 raw value: 491 -> slider_3:47
2026-01-14 22:34:25,213 - INFO - Setting system volume to 47%
2026-01-14 22:34:25,215 - INFO - System volume set to 47%
2026-01-14 22:34:25,302 - INFO - Received command: Analog pin A15 raw value: 22 -> slider_1:2
2026-01-14 22:34:25,308 - INFO - Setting brave.exe volume to 2%
2026-01-14 22:34:25,308 - INFO - Brave Browser volume set to 2%
2026-01-14 22:34:25,437 - INFO - Received command: Analog pin A14 raw value: 784 -> slider_2:76
2026-01-14 22:34:25,443 - INFO - Discord volume set to 76%
2026-01-14 22:34:25,560 - INFO - Received command: Analog pin A13 raw value: 541 -> slider_3:52
2026-01-14 22:34:25,566 - INFO - Setting system volume to 52%
2026-01-14 22:34:25,567 - INFO - System volume set to 52%
2026-01-14 22:34:25,695 - INFO - Received command: Analog pin A15 raw value: 701 -> slider_1:68
2026-01-14 22:34:25,700 - INFO - Setting brave.exe volume to 68%
2026-01-14 22:34:25,701 - INFO - Brave Browser volume set to 68%
2026-01-14 22:34:25,785 - INFO - Received command: Analog pin A14 raw value: 18 -> slider_2:1
2026-01-14 22:34:25,791 - INFO - Discord volume set to 1%
2026-01-14 22:34:25,936 - INFO - Received command: Analog pin A13 raw value: 1023 -> slider_3:100
2026-01-14 22:34:25,943 - INFO - Setting system volume to 100%
2026-01-14 22:34:25,944 - INFO - System volume set to 100%
2026-01-14 22:34:26,030 - INFO - Received command: Analog pin A15 raw value: 0 -> slider_1:0
2026-01-14 22:34:26,035 - INFO - Setting brave.exe volume to 0%
2026-01-14 22:34:26,037 - INFO - Brave Browser volume set to 0%
2026-01-14 22:34:26,149 - INFO - Received command: Analog pin A14 raw value: 466 -> slider_2:45
2026-01-14 22:34:26,155 - INFO - Discord volume set to 45%
2026-01-14 22:34:26,289 - INFO - Received command: Analog pin A13 raw value: 840 -> slider_3:82
2026-01-14 22:34:26,293 - INFO - Setting system volume to 82%
2026-01-14 22:34:26,295 - INFO - System volume set to 82%
2026-01-14 22:34:26,391 - INFO - Received command: Analog pin A15 raw value: 181 -> slider_1:17
2026-01-14 22:34:26,397 - INFO - Setting brave.exe volume to 17%
2026-01-14 22:34:26,399 - INFO - Brave Browser volume set to 17%
2026-01-14 22:34:26,485 - INFO - Received command: Analog pin A14 raw value: 61 -> slider_2:5
2026-01-14 22:34:26,491 - INFO - Discord volume set to 5%
2026-01-14 22:34:26,620 - INFO - Received command: Analog pin A13 raw value: 743 -> slider_3:72
2026-01-14 22:34:26,625 - INFO - Setting system volume to 72%
2026-01-14 22:34:26,627 - INFO - System volume set to 72%
2026-01-14 22:34:26,736 - INFO - Received command: Analog pin A15 raw value: 375 -> slider_1:36
2026-01-14 22:34:26,742 - INFO - Setting brave.exe volume to 36%
2026-01-14 22:34:26,742 - INFO - Brave Browser volume set to 36%
2026-01-14 22:34:26,826 - INFO - Received command: Analog pin A14 raw value: 0 -> slider_2:0
2026-01-14 22:34:26,830 - INFO - Discord volume set to 0%
2026-01-14 22:34:26,981 - INFO - Received command: Analog pin A13 raw value: 1023 -> slider_3:100
2026-01-14 22:34:26,986 - INFO - Setting system volume to 100%
2026-01-14 22:34:26,988 - INFO - System volume set to 100%
2026-01-14 22:34:27,100 - INFO - Received command: Analog pin A15 raw value: 430 -> slider_1:42
2026-01-14 22:34:27,107 - INFO - Setting brave.exe volume to 42%
2026-01-14 22:34:27,107 - INFO - Brave Browser volume set to 42%
2026-01-14 22:34:27,206 - INFO - Received command: Analog pin A14 raw value: 280 -> slider_2:27
2026-01-14 22:34:27,211 - INFO - Discord volume set to 27%
2026-01-14 22:34:27,345 - INFO - Received command: Analog pin A13 raw value: 826 -> slider_3:80
2026-01-14 22:34:27,350 - INFO - Setting system volume to 80%
2026-01-14 22:34:27,352 - INFO - System volume set to 80%
2026-01-14 22:34:27,460 - INFO - Received command: Analog pin A15 raw value: 387 -> slider_1:37
2026-01-14 22:34:27,466 - INFO - Setting brave.exe volume to 37%
2026-01-14 22:34:27,466 - INFO - Brave Browser volume set to 37%
2026-01-14 22:34:27,575 - INFO - Received command: Analog pin A14 raw value: 405 -> slider_2:39
2026-01-14 22:34:27,583 - INFO - Discord volume set to 39%
2026-01-14 22:34:27,673 - INFO - Received command: Analog pin A13 raw value: 89 -> slider_3:8
2026-01-14 22:34:27,677 - INFO - Setting system volume to 8%
2026-01-14 22:34:27,679 - INFO - System volume set to 8%
2026-01-14 22:34:27,763 - INFO - Received command: Analog pin A15 raw value: 0 -> slider_1:0
2026-01-14 22:34:27,768 - INFO - Setting brave.exe volume to 0%
2026-01-14 22:34:27,769 - INFO - Brave Browser volume set to 0%
2026-01-14 22:34:27,886 - INFO - Received command: Analog pin A14 raw value: 484 -> slider_2:47
2026-01-14 22:34:27,892 - INFO - Discord volume set to 47%
2026-01-14 22:34:28,022 - INFO - Received command: Analog pin A13 raw value: 815 -> slider_3:79
2026-01-14 22:34:28,027 - INFO - Setting system volume to 79%
2026-01-14 22:34:28,028 - INFO - System volume set to 79%
2026-01-14 22:34:28,140 - INFO - Received command: Analog pin A15 raw value: 456 -> slider_1:44
2026-01-14 22:34:28,145 - INFO - Setting brave.exe volume to 44%
2026-01-14 22:34:28,145 - INFO - Brave Browser volume set to 44%
2026-01-14 22:34:28,268 - INFO - Received command: Analog pin A14 raw value: 539 -> slider_2:52
2026-01-14 22:34:28,273 - INFO - Discord volume set to 52%
2026-01-14 22:34:28,398 - INFO - Received command: Analog pin A13 raw value: 698 -> slider_3:68
2026-01-14 22:34:28,403 - INFO - Setting system volume to 68%
2026-01-14 22:34:28,405 - INFO - System volume set to 68%
2026-01-14 22:34:28,493 - INFO - Received command: Analog pin A15 raw value: 75 -> slider_1:7
2026-01-14 22:34:28,498 - INFO - Setting brave.exe volume to 7%
2026-01-14 22:34:28,498 - INFO - Brave Browser volume set to 7%
2026-01-14 22:34:28,582 - INFO - Received command: Analog pin A14 raw value: 14 -> slider_2:1
2026-01-14 22:34:28,587 - INFO - Discord volume set to 1%
2026-01-14 22:34:28,718 - INFO - Received command: Analog pin A13 raw value: 767 -> slider_3:74
2026-01-14 22:34:28,724 - INFO - Setting system volume to 74%
2026-01-14 22:34:28,726 - INFO - System volume set to 74%
2026-01-14 22:34:28,819 - INFO - Received command: Analog pin A15 raw value: 119 -> slider_1:11
2026-01-14 22:34:28,826 - INFO - Setting brave.exe volume to 11%
2026-01-14 22:34:28,826 - INFO - Brave Browser volume set to 11%
2026-01-14 22:34:28,919 - INFO - Received command: Analog pin A14 raw value: 124 -> slider_2:12
2026-01-14 22:34:28,924 - INFO - Discord volume set to 12%
2026-01-14 22:34:29,012 - INFO - Received command: Analog pin A13 raw value: 57 -> slider_3:5
2026-01-14 22:34:29,023 - INFO - Setting system volume to 5%
2026-01-14 22:34:29,024 - INFO - System volume set to 5%
2026-01-14 22:34:29,107 - INFO - Received command: Analog pin A15 raw value: 4 -> slider_1:0
2026-01-14 22:34:29,113 - INFO - Setting brave.exe volume to 0%
2026-01-14 22:34:29,114 - INFO - Brave Browser volume set to 0%
2026-01-14 22:34:29,225 - INFO - Received command: Analog pin A14 raw value: 420 -> slider_2:41
2026-01-14 22:34:29,266 - INFO - Discord volume set to 41%
2026-01-14 22:34:29,360 - INFO - Received command: Analog pin A13 raw value: 797 -> slider_3:77
2026-01-14 22:34:29,366 - INFO - Setting system volume to 77%
2026-01-14 22:34:29,367 - INFO - System volume set to 77%
2026-01-14 22:34:29,455 - INFO - Received command: Analog pin A15 raw value: 90 -> slider_1:8
2026-01-14 22:34:29,460 - INFO - Setting brave.exe volume to 8%
2026-01-14 22:34:29,461 - INFO - Brave Browser volume set to 8%
2026-01-14 22:34:29,549 - INFO - Received command: Analog pin A14 raw value: 74 -> slider_2:7
2026-01-14 22:34:29,554 - INFO - Discord volume set to 7%
2026-01-14 22:34:29,668 - INFO - Received command: Analog pin A13 raw value: 384 -> slider_3:37
2026-01-14 22:34:29,673 - INFO - Setting system volume to 37%
2026-01-14 22:34:29,674 - INFO - System volume set to 37%
2026-01-14 22:34:29,782 - INFO - Received command: Analog pin A15 raw value: 383 -> slider_1:37
2026-01-14 22:34:29,788 - INFO - Setting brave.exe volume to 37%
2026-01-14 22:34:29,788 - INFO - Brave Browser volume set to 37%
2026-01-14 22:34:29,889 - INFO - Received command: Analog pin A14 raw value: 237 -> slider_2:23
2026-01-14 22:34:29,894 - INFO - Discord volume set to 23%
2026-01-14 22:34:30,020 - INFO - Received command: Analog pin A13 raw value: 767 -> slider_3:74
2026-01-14 22:34:30,026 - INFO - Setting system volume to 74%
2026-01-14 22:34:30,027 - INFO - System volume set to 74%
2026-01-14 22:34:30,139 - INFO - Received command: Analog pin A15 raw value: 407 -> slider_1:39
2026-01-14 22:34:30,143 - INFO - Setting brave.exe volume to 39%
2026-01-14 22:34:30,144 - INFO - Brave Browser volume set to 39%
2026-01-14 22:34:30,241 - INFO - Received command: Analog pin A14 raw value: 133 -> slider_2:13
2026-01-14 22:34:30,247 - INFO - Discord volume set to 13%
2026-01-14 22:34:30,332 - INFO - Received command: Analog pin A13 raw value: 57 -> slider_3:5
2026-01-14 22:34:30,336 - INFO - Setting system volume to 5%
2026-01-14 22:34:30,339 - INFO - System volume set to 5%
2026-01-14 22:34:30,425 - INFO - Received command: Analog pin A15 raw value: 0 -> slider_1:0
2026-01-14 22:34:30,432 - INFO - Setting brave.exe volume to 0%
2026-01-14 22:34:30,433 - INFO - Brave Browser volume set to 0%
2026-01-14 22:34:30,545 - INFO - Received command: Analog pin A14 raw value: 421 -> slider_2:41
2026-01-14 22:34:30,550 - INFO - Discord volume set to 41%
2026-01-14 22:34:30,679 - INFO - Received command: Analog pin A13 raw value: 787 -> slider_3:76
2026-01-14 22:34:30,686 - INFO - Setting system volume to 76%
2026-01-14 22:34:30,691 - INFO - System volume set to 76%
2026-01-14 22:34:30,774 - INFO - Received command: Analog pin A15 raw value: 61 -> slider_1:5
2026-01-14 22:34:30,804 - INFO - Setting brave.exe volume to 5%
2026-01-14 22:34:30,806 - INFO - Brave Browser volume set to 5%
2026-01-14 22:34:30,868 - INFO - Received command: Analog pin A14 raw value: 26 -> slider_2:2
2026-01-14 22:34:30,873 - INFO - Discord volume set to 2%
2026-01-14 22:34:30,999 - INFO - Received command: Analog pin A13 raw value: 730 -> slider_3:71
2026-01-14 22:34:31,005 - INFO - Setting system volume to 71%
2026-01-14 22:34:31,008 - INFO - System volume set to 71%
2026-01-14 22:34:31,101 - INFO - Received command: Analog pin A15 raw value: 118 -> slider_1:11
2026-01-14 22:34:31,108 - INFO - Setting brave.exe volume to 11%
2026-01-14 22:34:31,109 - INFO - Brave Browser volume set to 11%
2026-01-14 22:34:31,200 - INFO - Received command: Analog pin A14 raw value: 115 -> slider_2:11
2026-01-14 22:34:31,206 - INFO - Discord volume set to 11%
2026-01-14 22:34:31,294 - INFO - Received command: Analog pin A13 raw value: 43 -> slider_3:4
2026-01-14 22:34:31,301 - INFO - Setting system volume to 4%
2026-01-14 22:34:31,302 - INFO - System volume set to 4%
2026-01-14 22:34:31,385 - INFO - Received command: Analog pin A15 raw value: 0 -> slider_1:0
2026-01-14 22:34:31,390 - INFO - Setting brave.exe volume to 0%
2026-01-14 22:34:31,391 - INFO - Brave Browser volume set to 0%
2026-01-14 22:34:31,502 - INFO - Received command: Analog pin A14 raw value: 442 -> slider_2:43
2026-01-14 22:34:31,508 - INFO - Discord volume set to 43%
2026-01-14 22:34:31,642 - INFO - Received command: Analog pin A13 raw value: 784 -> slider_3:76
2026-01-14 22:34:31,673 - INFO - Setting system volume to 76%
2026-01-14 22:34:31,674 - INFO - System volume set to 76%
2026-01-14 22:34:31,736 - INFO - Received command: Analog pin A15 raw value: 60 -> slider_1:5
2026-01-14 22:34:31,742 - INFO - Setting brave.exe volume to 5%
2026-01-14 22:34:31,743 - INFO - Brave Browser volume set to 5%
2026-01-14 22:34:31,826 - INFO - Received command: Analog pin A14 raw value: 23 -> slider_2:2
2026-01-14 22:34:31,832 - INFO - Discord volume set to 2%
2026-01-14 22:34:31,961 - INFO - Received command: Analog pin A13 raw value: 723 -> slider_3:70
2026-01-14 22:34:31,968 - INFO - Setting system volume to 70%
2026-01-14 22:34:31,969 - INFO - System volume set to 70%
2026-01-14 22:34:32,068 - INFO - Received command: Analog pin A15 raw value: 215 -> slider_1:21
2026-01-14 22:34:32,074 - INFO - Setting brave.exe volume to 21%
2026-01-14 22:34:32,075 - INFO - Brave Browser volume set to 21%
2026-01-14 22:34:32,187 - INFO - Received command: Analog pin A14 raw value: 438 -> slider_2:42
2026-01-14 22:34:32,193 - INFO - Discord volume set to 42%
2026-01-14 22:34:32,322 - INFO - Received command: Analog pin A13 raw value: 783 -> slider_3:76
2026-01-14 22:34:32,326 - INFO - Setting system volume to 76%
2026-01-14 22:34:32,327 - INFO - System volume set to 76%
2026-01-14 22:34:32,416 - INFO - Received command: Analog pin A15 raw value: 63 -> slider_1:6
2026-01-14 22:34:32,421 - INFO - Setting brave.exe volume to 6%
2026-01-14 22:34:32,422 - INFO - Brave Browser volume set to 6%
2026-01-14 22:34:32,511 - INFO - Received command: Analog pin A14 raw value: 33 -> slider_2:3
2026-01-14 22:34:32,516 - INFO - Discord volume set to 3%
2026-01-14 22:34:32,642 - INFO - Received command: Analog pin A13 raw value: 718 -> slider_3:70
2026-01-14 22:34:32,648 - INFO - Setting system volume to 70%
2026-01-14 22:34:32,649 - INFO - System volume set to 70%
2026-01-14 22:34:32,760 - INFO - Received command: Analog pin A15 raw value: 393 -> slider_1:38
2026-01-14 22:34:32,767 - INFO - Setting brave.exe volume to 38%
2026-01-14 22:34:32,768 - INFO - Brave Browser volume set to 38%
2026-01-14 22:34:32,858 - INFO - Received command: Analog pin A14 raw value: 110 -> slider_2:10
2026-01-14 22:34:32,865 - INFO - Discord volume set to 10%
2026-01-14 22:34:32,952 - INFO - Received command: Analog pin A13 raw value: 34 -> slider_3:3
2026-01-14 22:34:32,958 - INFO - Setting system volume to 3%
2026-01-14 22:34:32,959 - INFO - System volume set to 3%
2026-01-14 22:34:33,055 - INFO - Received command: Analog pin A15 raw value: 185 -> slider_1:18
2026-01-14 22:34:33,060 - INFO - Setting brave.exe volume to 18%
2026-01-14 22:34:33,061 - INFO - Brave Browser volume set to 18%
2026-01-14 22:34:33,149 - INFO - Received command: Analog pin A14 raw value: 53 -> slider_2:5
2026-01-14 22:34:33,155 - INFO - Discord volume set to 5%
2026-01-14 22:34:33,272 - INFO - Received command: Analog pin A13 raw value: 484 -> slider_3:47
2026-01-14 22:34:33,277 - INFO - Setting system volume to 47%
2026-01-14 22:34:33,278 - INFO - System volume set to 47%
2026-01-14 22:34:33,383 - INFO - Received command: Analog pin A15 raw value: 292 -> slider_1:28
2026-01-14 22:34:33,389 - INFO - Setting brave.exe volume to 28%
2026-01-14 22:34:33,389 - INFO - Brave Browser volume set to 28%
2026-01-14 22:34:33,481 - INFO - Received command: Analog pin A14 raw value: 140 -> slider_2:13
2026-01-14 22:34:33,486 - INFO - Discord volume set to 13%
2026-01-14 22:34:33,587 - INFO - Received command: Analog pin A13 raw value: 238 -> slider_3:23
2026-01-14 22:34:33,593 - INFO - Setting system volume to 23%
2026-01-14 22:34:33,594 - INFO - System volume set to 23%
2026-01-14 22:34:33,703 - INFO - Received command: Analog pin A15 raw value: 311 -> slider_1:30
2026-01-14 22:34:33,708 - INFO - Setting brave.exe volume to 30%
2026-01-14 22:34:33,709 - INFO - Brave Browser volume set to 30%
2026-01-14 22:34:33,800 - INFO - Received command: Analog pin A13 raw value: 149 -> slider_3:14
2026-01-14 22:34:33,807 - INFO - Setting system volume to 14%
2026-01-14 22:34:33,808 - INFO - System volume set to 14%
2026-01-14 22:34:33,907 - INFO - Received command: Analog pin A15 raw value: 201 -> slider_1:19
2026-01-14 22:34:33,912 - INFO - Setting brave.exe volume to 19%
2026-01-14 22:34:33,913 - INFO - Brave Browser volume set to 19%
2026-01-14 22:34:34,022 - INFO - Received command: Analog pin A14 raw value: 421 -> slider_2:41
2026-01-14 22:34:34,027 - INFO - Discord volume set to 41%
2026-01-14 22:34:34,137 - INFO - Received command: Analog pin A13 raw value: 313 -> slider_3:30
2026-01-14 22:34:34,142 - INFO - Setting system volume to 30%
2026-01-14 22:34:34,143 - INFO - System volume set to 30%
2026-01-14 22:34:34,227 - INFO - Received command: Analog pin A15 raw value: 32 -> slider_1:3
2026-01-14 22:34:34,232 - INFO - Setting brave.exe volume to 3%
2026-01-14 22:34:34,232 - INFO - Brave Browser volume set to 3%
2026-01-14 22:34:34,345 - INFO - Received command: Analog pin A14 raw value: 410 -> slider_2:40
2026-01-14 22:34:34,351 - INFO - Discord volume set to 40%
2026-01-14 22:34:34,468 - INFO - Received command: Analog pin A13 raw value: 510 -> slider_3:49
2026-01-14 22:34:34,474 - INFO - Setting system volume to 49%
2026-01-14 22:34:34,478 - INFO - System volume set to 49%
2026-01-14 22:34:34,583 - INFO - Received command: Analog pin A15 raw value: 402 -> slider_1:39
2026-01-14 22:34:34,589 - INFO - Setting brave.exe volume to 39%
2026-01-14 22:34:34,589 - INFO - Brave Browser volume set to 39%
2026-01-14 22:34:34,686 - INFO - Received command: Analog pin A14 raw value: 170 -> slider_2:16
2026-01-14 22:34:34,691 - INFO - Discord volume set to 16%
2026-01-14 22:34:34,808 - INFO - Received command: Analog pin A13 raw value: 495 -> slider_3:48
2026-01-14 22:34:34,814 - INFO - Setting system volume to 48%
2026-01-14 22:34:34,815 - INFO - System volume set to 48%
2026-01-14 22:34:34,922 - INFO - Received command: Analog pin A15 raw value: 393 -> slider_1:38
2026-01-14 22:34:34,928 - INFO - Setting brave.exe volume to 38%
2026-01-14 22:34:34,931 - INFO - Brave Browser volume set to 38%
2026-01-14 22:34:35,017 - INFO - Received command: Analog pin A14 raw value: 101 -> slider_2:9
2026-01-14 22:34:35,023 - INFO - Discord volume set to 9%
2026-01-14 22:34:35,112 - INFO - Received command: Analog pin A13 raw value: 6 -> slider_3:0
2026-01-14 22:34:35,117 - INFO - Setting system volume to 0%
2026-01-14 22:34:35,118 - INFO - System volume set to 0%
2026-01-14 22:34:35,226 - INFO - Received command: Analog pin A15 raw value: 385 -> slider_1:37
2026-01-14 22:34:35,231 - INFO - Setting brave.exe volume to 37%
2026-01-14 22:34:35,232 - INFO - Brave Browser volume set to 37%
2026-01-14 22:34:35,361 - INFO - Received command: Analog pin A14 raw value: 739 -> slider_2:72
2026-01-14 22:34:35,411 - INFO - Discord volume set to 72%
2026-01-14 22:34:35,451 - INFO - Received command: Analog pin A15 raw value: 0 -> slider_1:0
2026-01-14 22:34:35,456 - INFO - Setting brave.exe volume to 0%
2026-01-14 22:34:35,457 - INFO - Brave Browser volume set to 0%
2026-01-14 22:34:35,590 - INFO - Received command: Analog pin A14 raw value: 805 -> slider_2:78
2026-01-14 22:34:35,595 - INFO - Discord volume set to 78%
2026-01-14 22:34:35,742 - INFO - Received command: Analog pin A13 raw value: 1023 -> slider_3:100
2026-01-14 22:34:35,748 - INFO - Setting system volume to 100%
2026-01-14 22:34:35,750 - INFO - System volume set to 100%
2026-01-14 22:34:35,837 - INFO - Received command: Analog pin A14 raw value: 0 -> slider_2:0
2026-01-14 22:34:35,842 - INFO - Discord volume set to 0%
2026-01-14 22:34:35,934 - INFO - Received command: Analog pin A13 raw value: 109 -> slider_3:10
2026-01-14 22:34:35,941 - INFO - Setting system volume to 10%
2026-01-14 22:34:35,943 - INFO - System volume set to 10%
2026-01-14 22:34:36,037 - INFO - Received command: Analog pin A15 raw value: 139 -> slider_1:13
2026-01-14 22:34:36,043 - INFO - Setting brave.exe volume to 13%
2026-01-14 22:34:36,044 - INFO - Brave Browser volume set to 13%
2026-01-14 22:34:36,139 - INFO - Received command: Analog pin A14 raw value: 177 -> slider_2:17
2026-01-14 22:34:36,145 - INFO - Discord volume set to 17%
2026-01-14 22:34:36,229 - INFO - Received command: Analog pin A13 raw value: 0 -> slider_3:0
2026-01-14 22:34:36,263 - INFO - Setting system volume to 0%
2026-01-14 22:34:36,266 - INFO - System volume set to 0%
2026-01-14 22:34:36,352 - INFO - Received command: Analog pin A15 raw value: 442 -> slider_1:43
2026-01-14 22:34:36,359 - INFO - Setting brave.exe volume to 43%
2026-01-14 22:34:36,360 - INFO - Brave Browser volume set to 43%
2026-01-14 22:34:36,484 - INFO - Received command: Analog pin A14 raw value: 761 -> slider_2:74
2026-01-14 22:34:36,489 - INFO - Discord volume set to 74%
2026-01-14 22:34:36,582 - INFO - Received command: Analog pin A13 raw value: 96 -> slider_3:9
2026-01-14 22:34:36,587 - INFO - Setting system volume to 9%
2026-01-14 22:34:36,588 - INFO - System volume set to 9%
2026-01-14 22:34:36,676 - INFO - Received command: Analog pin A15 raw value: 43 -> slider_1:4
2026-01-14 22:34:36,683 - INFO - Setting brave.exe volume to 4%
2026-01-14 22:34:36,684 - INFO - Brave Browser volume set to 4%
2026-01-14 22:34:36,770 - INFO - Received command: Analog pin A14 raw value: 0 -> slider_2:0
2026-01-14 22:34:36,776 - INFO - Discord volume set to 0%
2026-01-14 22:34:36,922 - INFO - Received command: Analog pin A13 raw value: 1023 -> slider_3:100
2026-01-14 22:34:36,928 - INFO - Setting system volume to 100%
2026-01-14 22:34:36,931 - INFO - System volume set to 100%
2026-01-14 22:34:37,012 - INFO - Received command: Analog pin A15 raw value: 0 -> slider_1:0
2026-01-14 22:34:37,019 - INFO - Setting brave.exe volume to 0%
2026-01-14 22:34:37,020 - INFO - Brave Browser volume set to 0%
2026-01-14 22:34:37,168 - INFO - Received command: Analog pin A14 raw value: 1023 -> slider_2:100
2026-01-14 22:34:37,173 - INFO - Discord volume set to 100%
2026-01-14 22:34:37,295 - INFO - Received command: Analog pin A13 raw value: 619 -> slider_3:60
2026-01-14 22:34:37,299 - INFO - Setting system volume to 60%
2026-01-14 22:34:37,301 - INFO - System volume set to 60%
2026-01-14 22:34:37,421 - INFO - Received command: Analog pin A15 raw value: 634 -> slider_1:61
2026-01-14 22:34:37,426 - INFO - Setting brave.exe volume to 61%
2026-01-14 22:34:37,427 - INFO - Brave Browser volume set to 61%
2026-01-14 22:34:37,515 - INFO - Received command: Analog pin A14 raw value: 41 -> slider_2:4
2026-01-14 22:34:37,519 - INFO - Discord volume set to 4%
2026-01-14 22:34:37,638 - INFO - Received command: Analog pin A13 raw value: 532 -> slider_3:52
2026-01-14 22:34:37,643 - INFO - Setting system volume to 52%
2026-01-14 22:34:37,644 - INFO - System volume set to 52%
2026-01-14 22:34:37,732 - INFO - Received command: Analog pin A15 raw value: 0 -> slider_1:0
2026-01-14 22:34:37,740 - INFO - Setting brave.exe volume to 0%
2026-01-14 22:34:37,741 - INFO - Brave Browser volume set to 0%
2026-01-14 22:34:37,884 - INFO - Received command: Analog pin A14 raw value: 1017 -> slider_2:99
2026-01-14 22:34:37,889 - INFO - Discord volume set to 99%
2026-01-14 22:34:37,975 - INFO - Received command: Analog pin A13 raw value: 0 -> slider_3:0
2026-01-14 22:34:37,980 - INFO - Setting system volume to 0%
2026-01-14 22:34:37,982 - INFO - System volume set to 0%
2026-01-14 22:34:38,089 - INFO - Received command: Analog pin A15 raw value: 346 -> slider_1:33
2026-01-14 22:34:38,095 - INFO - Setting brave.exe volume to 33%
2026-01-14 22:34:38,095 - INFO - Brave Browser volume set to 33%
2026-01-14 22:34:38,220 - INFO - Received command: Analog pin A14 raw value: 744 -> slider_2:72
2026-01-14 22:34:38,226 - INFO - Discord volume set to 72%
2026-01-14 22:34:38,314 - INFO - Received command: Analog pin A15 raw value: 25 -> slider_1:2
2026-01-14 22:34:38,320 - INFO - Setting brave.exe volume to 2%
2026-01-14 22:34:38,320 - INFO - Brave Browser volume set to 2%
2026-01-14 22:34:38,445 - INFO - Received command: Analog pin A14 raw value: 643 -> slider_2:62
2026-01-14 22:34:38,451 - INFO - Discord volume set to 62%
2026-01-14 22:34:38,539 - INFO - Received command: Analog pin A15 raw value: 48 -> slider_1:4
2026-01-14 22:34:38,544 - INFO - Setting brave.exe volume to 4%
2026-01-14 22:34:38,544 - INFO - Brave Browser volume set to 4%
2026-01-14 22:34:38,629 - INFO - Received command: Analog pin A14 raw value: 0 -> slider_2:0
2026-01-14 22:34:38,635 - INFO - Discord volume set to 0%
2026-01-14 22:34:38,786 - INFO - Received command: Analog pin A13 raw value: 1023 -> slider_3:100
2026-01-14 22:34:38,792 - INFO - Setting system volume to 100%
2026-01-14 22:34:38,794 - INFO - System volume set to 100%
2026-01-14 22:34:38,875 - INFO - Received command: Analog pin A15 raw value: 38 -> slider_1:3
2026-01-14 22:34:38,881 - INFO - Setting brave.exe volume to 3%
2026-01-14 22:34:38,883 - INFO - Brave Browser volume set to 3%
2026-01-14 22:34:38,969 - INFO - Received command: Analog pin A13 raw value: 0 -> slider_3:0
2026-01-14 22:34:38,985 - INFO - Setting system volume to 0%
2026-01-14 22:34:38,986 - INFO - System volume set to 0%
2026-01-14 22:34:39,088 - INFO - Received command: Analog pin A15 raw value: 424 -> slider_1:41
2026-01-14 22:34:39,093 - INFO - Setting brave.exe volume to 41%
2026-01-14 22:34:39,094 - INFO - Brave Browser volume set to 41%
2026-01-14 22:34:39,203 - INFO - Received command: Analog pin A14 raw value: 415 -> slider_2:40
2026-01-14 22:34:39,208 - INFO - Discord volume set to 40%
2026-01-14 22:34:39,297 - INFO - Received command: Analog pin A15 raw value: 41 -> slider_1:4
2026-01-14 22:34:39,301 - INFO - Setting brave.exe volume to 4%
2026-01-14 22:34:39,303 - INFO - Brave Browser volume set to 4%
2026-01-14 22:34:39,391 - INFO - Received command: Analog pin A14 raw value: 0 -> slider_2:0
2026-01-14 22:34:39,398 - INFO - Discord volume set to 0%
2026-01-14 22:34:39,543 - INFO - Received command: Analog pin A13 raw value: 1023 -> slider_3:100
2026-01-14 22:34:39,549 - INFO - Setting system volume to 100%
2026-01-14 22:34:39,551 - INFO - System volume set to 100%
2026-01-14 22:34:39,638 - INFO - Received command: Analog pin A15 raw value: 31 -> slider_1:3
2026-01-14 22:34:39,642 - INFO - Setting brave.exe volume to 3%
2026-01-14 22:34:39,643 - INFO - Brave Browser volume set to 3%
2026-01-14 22:34:39,748 - INFO - Received command: Analog pin A14 raw value: 277 -> slider_2:27
2026-01-14 22:34:39,753 - INFO - Discord volume set to 27%
2026-01-14 22:34:39,859 - INFO - Received command: Analog pin A13 raw value: 304 -> slider_3:29
2026-01-14 22:34:39,864 - INFO - Setting system volume to 29%
2026-01-14 22:34:39,867 - INFO - System volume set to 29%
2026-01-14 22:34:39,960 - INFO - Received command: Analog pin A15 raw value: 223 -> slider_1:21
2026-01-14 22:34:39,966 - INFO - Setting brave.exe volume to 21%
2026-01-14 22:34:39,967 - INFO - Brave Browser volume set to 21%
2026-01-14 22:34:40,059 - INFO - Received command: Analog pin A14 raw value: 85 -> slider_2:8
2026-01-14 22:34:40,065 - INFO - Discord volume set to 8%
2026-01-14 22:34:40,162 - INFO - Received command: Analog pin A13 raw value: 179 -> slider_3:17
2026-01-14 22:34:40,167 - INFO - Setting system volume to 17%
2026-01-14 22:34:40,169 - INFO - System volume set to 17%
2026-01-14 22:34:40,256 - INFO - Received command: Analog pin A15 raw value: 40 -> slider_1:3
2026-01-14 22:34:40,261 - INFO - Setting brave.exe volume to 3%
2026-01-14 22:34:40,262 - INFO - Brave Browser volume set to 3%
2026-01-14 22:34:40,370 - INFO - Received command: Analog pin A14 raw value: 377 -> slider_2:36
2026-01-14 22:34:40,377 - INFO - Discord volume set to 36%
2026-01-14 22:34:40,489 - INFO - Received command: Analog pin A13 raw value: 506 -> slider_3:49
2026-01-14 22:34:40,494 - INFO - Setting system volume to 49%
2026-01-14 22:34:40,495 - INFO - System volume set to 49%
2026-01-14 22:34:40,604 - INFO - Received command: Analog pin A15 raw value: 304 -> slider_1:29
2026-01-14 22:34:40,608 - INFO - Setting brave.exe volume to 29%
2026-01-14 22:34:40,609 - INFO - Brave Browser volume set to 29%
2026-01-14 22:34:40,698 - INFO - Received command: Analog pin A14 raw value: 77 -> slider_2:7
2026-01-14 22:34:40,703 - INFO - Discord volume set to 7%
2026-01-14 22:34:40,813 - INFO - Received command: Analog pin A13 raw value: 359 -> slider_3:35
2026-01-14 22:34:40,818 - INFO - Setting system volume to 35%
2026-01-14 22:34:40,819 - INFO - System volume set to 35%
2026-01-14 22:34:40,920 - INFO - Received command: Analog pin A15 raw value: 290 -> slider_1:28
2026-01-14 22:34:40,926 - INFO - Setting brave.exe volume to 28%
2026-01-14 22:34:40,926 - INFO - Brave Browser volume set to 28%
2026-01-14 22:34:41,017 - INFO - Received command: Analog pin A14 raw value: 68 -> slider_2:6
2026-01-14 22:34:41,024 - INFO - Discord volume set to 6%
2026-01-14 22:34:41,128 - INFO - Received command: Analog pin A13 raw value: 351 -> slider_3:34
2026-01-14 22:34:41,134 - INFO - Setting system volume to 34%
2026-01-14 22:34:41,135 - INFO - System volume set to 34%
2026-01-14 22:34:41,238 - INFO - Received command: Analog pin A15 raw value: 276 -> slider_1:26
2026-01-14 22:34:41,244 - INFO - Setting brave.exe volume to 26%
2026-01-14 22:34:41,246 - INFO - Brave Browser volume set to 26%
2026-01-14 22:34:41,341 - INFO - Received command: Analog pin A14 raw value: 171 -> slider_2:16
2026-01-14 22:34:41,348 - INFO - Discord volume set to 16%
2026-01-14 22:34:41,439 - INFO - Received command: Analog pin A13 raw value: 101 -> slider_3:9
2026-01-14 22:34:41,449 - INFO - Setting system volume to 9%
2026-01-14 22:34:41,450 - INFO - System volume set to 9%
2026-01-14 22:34:41,538 - INFO - Received command: Analog pin A15 raw value: 118 -> slider_1:11
2026-01-14 22:34:41,545 - INFO - Setting brave.exe volume to 11%
2026-01-14 22:34:41,545 - INFO - Brave Browser volume set to 11%
2026-01-14 22:34:41,648 - INFO - Received command: Analog pin A14 raw value: 272 -> slider_2:26
2026-01-14 22:34:41,655 - INFO - Discord volume set to 26%
2026-01-14 22:34:41,747 - INFO - Received command: Analog pin A13 raw value: 152 -> slider_3:14
2026-01-14 22:34:41,752 - INFO - Setting system volume to 14%
2026-01-14 22:34:41,753 - INFO - System volume set to 14%
2026-01-14 22:34:41,849 - INFO - Received command: Analog pin A15 raw value: 160 -> slider_1:15
2026-01-14 22:34:41,855 - INFO - Setting brave.exe volume to 15%
2026-01-14 22:34:41,856 - INFO - Brave Browser volume set to 15%
2026-01-14 22:34:41,964 - INFO - Received command: Analog pin A14 raw value: 351 -> slider_2:34
2026-01-14 22:34:41,973 - INFO - Discord volume set to 34%
2026-01-14 22:34:42,062 - INFO - Received command: Analog pin A13 raw value: 127 -> slider_3:12
2026-01-14 22:34:42,074 - INFO - Setting system volume to 12%
2026-01-14 22:34:42,075 - INFO - System volume set to 12%
2026-01-14 22:34:42,156 - INFO - Received command: Analog pin A15 raw value: 30 -> slider_1:2
2026-01-14 22:34:42,161 - INFO - Setting brave.exe volume to 2%
2026-01-14 22:34:42,162 - INFO - Brave Browser volume set to 2%
2026-01-14 22:34:42,271 - INFO - Received command: Analog pin A14 raw value: 338 -> slider_2:33
2026-01-14 22:34:42,276 - INFO - Discord volume set to 33%
2026-01-14 22:34:42,381 - INFO - Received command: Analog pin A13 raw value: 352 -> slider_3:34
2026-01-14 22:34:42,388 - INFO - Setting system volume to 34%
2026-01-14 22:34:42,390 - INFO - System volume set to 34%
2026-01-14 22:34:42,475 - INFO - Received command: Analog pin A14 raw value: 53 -> slider_2:5
2026-01-14 22:34:42,482 - INFO - Discord volume set to 5%
2026-01-14 22:34:42,591 - INFO - Received command: Analog pin A13 raw value: 385 -> slider_3:37
2026-01-14 22:34:42,600 - INFO - Setting system volume to 37%
2026-01-14 22:34:42,602 - INFO - System volume set to 37%
2026-01-14 22:34:42,705 - INFO - Received command: Analog pin A15 raw value: 303 -> slider_1:29
2026-01-14 22:34:42,716 - INFO - Setting brave.exe volume to 29%
2026-01-14 22:34:42,717 - INFO - Brave Browser volume set to 29%
2026-01-14 22:34:42,795 - INFO - Received command: Analog pin A14 raw value: 45 -> slider_2:4
2026-01-14 22:34:42,807 - INFO - Discord volume set to 4%
2026-01-14 22:34:42,910 - INFO - Received command: Analog pin A13 raw value: 370 -> slider_3:36
2026-01-14 22:34:42,921 - INFO - Setting system volume to 36%
2026-01-14 22:34:42,922 - INFO - System volume set to 36%
2026-01-14 22:34:43,013 - INFO - Shutting down...
2026-01-14 22:34:43,013 - INFO - Closing serial connection...
2026-01-14 22:34:43,015 - INFO - Cleanup complete
2026-01-14 22:34:47,433 - INFO - ==================================================
2026-01-14 22:34:47,433 - INFO - Cheap Deck Controller Starting
2026-01-14 22:34:47,433 - INFO - ==================================================
2026-01-14 22:34:47,433 - INFO - Connecting to COM8 at 9600 baud...
2026-01-14 22:34:47,436 - INFO - Serial connection established
2026-01-14 22:34:47,436 - INFO - Initializing audio control...
2026-01-14 22:34:47,441 - INFO - Audio control initialized
2026-01-14 22:34:47,441 - INFO - Starting main loop...
2026-01-14 22:36:23,144 - INFO - Received command: Action: MUTE
2026-01-14 22:36:23,246 - INFO - Pressed key: f13
2026-01-14 22:36:25,459 - INFO - Received command: Action: MUTE
2026-01-14 22:36:25,561 - INFO - Pressed key: f13
2026-01-14 22:36:26,707 - INFO - Received command: Action: MUTE
2026-01-14 22:36:26,809 - INFO - Pressed key: f13
2026-01-14 22:36:28,555 - INFO - Received command: Action: DEF
2026-01-14 22:36:28,670 - INFO - Pressed hotkey: [+'+c+t+r+l+'+,+ +'+s+h+i+f+t+'+,+ +'+a+l+t+'+,+ +'+d+'+]
2026-01-14 22:36:35,137 - INFO - Received command: Action: DEF
2026-01-14 22:36:35,253 - INFO - Pressed hotkey: [+'+c+t+r+l+'+,+ +'+s+h+i+f+t+'+,+ +'+a+l+t+'+,+ +'+d+'+]
2026-01-14 22:37:03,869 - INFO - Received command: Action: DEF
2026-01-14 22:37:03,987 - INFO - Pressed hotkey: [+'+c+t+r+l+'+,+ +'+s+h+i+f+t+'+,+ +'+a+l+t+'+,+ +'+d+'+]
2026-01-14 22:37:13,806 - INFO - Received command: Action: DEF
2026-01-14 22:37:13,928 - INFO - Pressed hotkey: [+'+c+t+r+l+'+,+ +'+s+h+i+f+t+'+,+ +'+a+l+t+'+,+ +'+d+'+]
2026-01-14 22:37:15,187 - INFO - Received command: Action: DEF
2026-01-14 22:37:15,311 - INFO - Pressed hotkey: [+'+c+t+r+l+'+,+ +'+s+h+i+f+t+'+,+ +'+a+l+t+'+,+ +'+d+'+]
2026-01-14 22:37:46,880 - INFO - Received command: Action: DEF
2026-01-14 22:37:47,003 - INFO - Pressed hotkey: [+'+c+t+r+l+'+,+ +'+s+h+i+f+t+'+,+ +'+a+l+t+'+,+ +'+d+'+]
2026-01-14 22:37:52,716 - INFO - Received command: Action: DEF
2026-01-14 22:37:52,838 - INFO - Pressed hotkey: [+'+c+t+r+l+'+,+ +'+s+h+i+f+t+'+,+ +'+a+l+t+'+,+ +'+d+'+]
2026-01-14 22:37:55,723 - INFO - Received command: Action: DEF
2026-01-14 22:37:55,848 - INFO - Pressed hotkey: [+'+c+t+r+l+'+,+ +'+s+h+i+f+t+'+,+ +'+a+l+t+'+,+ +'+d+'+]
2026-01-14 22:37:56,628 - INFO - Received command: Action: DEF
2026-01-14 22:37:56,751 - INFO - Pressed hotkey: [+'+c+t+r+l+'+,+ +'+s+h+i+f+t+'+,+ +'+a+l+t+'+,+ +'+d+'+]
2026-01-14 22:38:11,480 - INFO - Received command: Action: F8
2026-01-14 22:38:11,624 - INFO - Pressed hotkey: [+'+F+8+'+]
2026-01-14 22:40:31,973 - INFO - Shutting down...
2026-01-14 22:40:31,974 - INFO - Closing serial connection...
2026-01-14 22:40:31,974 - INFO - Cleanup complete
2026-01-14 22:40:33,558 - INFO - ==================================================
2026-01-14 22:40:33,558 - INFO - Cheap Deck Controller Starting
2026-01-14 22:40:33,559 - INFO - ==================================================
2026-01-14 22:40:33,559 - INFO - Connecting to COM8 at 9600 baud...
2026-01-14 22:40:33,561 - INFO - Serial connection established
2026-01-14 22:40:33,561 - INFO - Initializing audio control...
2026-01-14 22:40:33,565 - INFO - Audio control initialized
2026-01-14 22:40:33,566 - INFO - Starting main loop...
2026-01-14 22:40:40,439 - INFO - Received command: Action: DEF
2026-01-14 22:40:40,575 - INFO - Pressed hotkey: ctrl+shift+alt+d
2026-01-14 22:41:00,004 - INFO - Received command: Action: DEF
2026-01-14 22:41:00,111 - INFO - Pressed hotkey: ctrl+shift+alt+d
2026-01-14 22:41:02,734 - INFO - Received command: Action: DEF
2026-01-14 22:41:02,839 - INFO - Pressed hotkey: ctrl+shift+alt+d
2026-01-14 22:41:05,018 - INFO - Received command: Action: DEF
2026-01-14 22:41:05,126 - INFO - Pressed hotkey: ctrl+shift+alt+d
2026-01-14 22:41:17,006 - INFO - Received command: Action: DEF
2026-01-14 22:41:17,111 - INFO - Pressed hotkey: ctrl+shift+alt+d
2026-01-14 22:41:19,903 - INFO - Received command: Action: DEF
2026-01-14 22:41:20,010 - INFO - Pressed hotkey: ctrl+shift+alt+d
2026-01-14 22:41:21,639 - INFO - Received command: Action: DEF
2026-01-14 22:41:21,745 - INFO - Pressed hotkey: ctrl+shift+alt+d
2026-01-14 22:41:27,066 - INFO - Received command: Action: gpt
2026-01-14 22:41:30,302 - INFO - Received command: Action: gpt
2026-01-14 22:41:33,825 - INFO - Received command: Action: brave
2026-01-14 22:41:40,612 - INFO - Received command: Action: gpt
2026-01-14 22:42:02,483 - INFO - Received command: Action: brave
2026-01-14 22:42:10,752 - INFO - Received command: Action: gpt
2026-01-14 22:42:13,206 - INFO - Received command: Action: brave
2026-01-14 22:43:14,480 - INFO - Shutting down...
2026-01-14 22:43:14,480 - INFO - Closing serial connection...
2026-01-14 22:43:14,481 - INFO - Cleanup complete
2026-01-14 22:43:15,349 - INFO - ==================================================
2026-01-14 22:43:15,349 - INFO - Cheap Deck Controller Starting
2026-01-14 22:43:15,350 - INFO - ==================================================
2026-01-14 22:43:15,351 - INFO - Connecting to COM8 at 9600 baud...
2026-01-14 22:43:15,353 - INFO - Serial connection established
2026-01-14 22:43:15,353 - INFO - Initializing audio control...
2026-01-14 22:43:15,357 - INFO - Audio control initialized
2026-01-14 22:43:15,357 - INFO - Starting main loop...
2026-01-14 22:43:25,093 - INFO - Received command: Action: gpt
2026-01-14 22:43:31,347 - INFO - Received command: Action: gpt
2026-01-14 22:43:42,311 - INFO - Received command: Action: ytube
2026-01-14 22:44:06,537 - INFO - Shutting down...
2026-01-14 22:44:06,537 - INFO - Closing serial connection...
2026-01-14 22:44:06,538 - INFO - Cleanup complete
2026-01-14 22:44:08,000 - INFO - ==================================================
2026-01-14 22:44:08,000 - INFO - Cheap Deck Controller Starting
2026-01-14 22:44:08,000 - INFO - ==================================================
2026-01-14 22:44:08,001 - INFO - Connecting to COM8 at 9600 baud...
2026-01-14 22:44:08,003 - INFO - Serial connection established
2026-01-14 22:44:08,003 - INFO - Initializing audio control...
2026-01-14 22:44:08,007 - INFO - Audio control initialized
2026-01-14 22:44:08,007 - INFO - Starting main loop...
2026-01-14 22:44:17,278 - INFO - Received command: Action: ytube
2026-01-14 23:03:51,046 - INFO - Closing serial connection...
2026-01-14 23:03:51,053 - INFO - Cleanup complete
2026-01-17 11:08:21,396 - INFO - ==================================================
2026-01-17 11:08:21,396 - INFO - Cheap Deck Controller Starting
2026-01-17 11:08:21,396 - INFO - ==================================================
2026-01-17 11:08:21,397 - INFO - Connecting to COM8 at 9600 baud...
2026-01-17 11:08:21,397 - ERROR - Failed to connect to serial port: could not open port 'COM8': FileNotFoundError(2, 'The system cannot find the file specified.', None, 2)
2026-01-17 11:08:41,464 - INFO - ==================================================
2026-01-17 11:08:41,464 - INFO - Cheap Deck Controller Starting
2026-01-17 11:08:41,465 - INFO - ==================================================
2026-01-17 11:08:41,465 - INFO - Connecting to COM5 at 11500 baud...
2026-01-17 11:08:41,531 - INFO - Serial connection established
2026-01-17 11:08:41,531 - INFO - Initializing audio control...
2026-01-17 11:08:41,539 - INFO - Audio control initialized
2026-01-17 11:08:41,539 - INFO - Starting main loop...
2026-01-17 11:08:42,712 - INFO - Received command: p| ppppppppppppppp|| p  p ppppp ppppppppp||ppppp| p ppppppppp|p |||ppppp pppppp|p ||||pppppppppppp|ppppp |pppppppp|p ||ppp p|||pppp|p ||ppppppp||pppp|| p ||pp| pp| pppp||ppppp|| p ||pp| pppp| pp||ppp| pp|p |pp| pppppp|p ppppppp||p|   |pppp|||pppp|p|pp|pp| ppp||pp||| p 
2026-01-17 11:08:48,158 - INFO - Received command: p||ppp|p| |p p||ppp|p| |p 
2026-01-17 11:08:55,778 - INFO - Received command: p||ppp|p| |p 
2026-01-17 11:08:57,418 - INFO - Received command: p||ppp|p| |p p||ppp|p| |p p||ppp|p| |p p||ppp|p| |p 
2026-01-17 11:09:01,893 - INFO - Received command: p||ppp|pp|p|p p||ppp|pp|p|p p||ppp|pp|p|p p||ppp|pp|p|p p||ppp|p|| |p p||ppp|p|| |p p||ppp|p|| |p 
2026-01-17 11:09:03,640 - INFO - Received command: p||ppp || p 
2026-01-17 11:13:43,573 - INFO - ==================================================
2026-01-17 11:13:43,573 - INFO - Cheap Deck Controller Starting
2026-01-17 11:13:43,573 - INFO - ==================================================
2026-01-17 11:13:43,573 - INFO - Connecting to COM5 at 11500 baud...
2026-01-17 11:13:43,638 - INFO - Serial connection established
2026-01-17 11:13:43,638 - INFO - Initializing audio control...
2026-01-17 11:13:43,644 - INFO - Audio control initialized
2026-01-17 11:13:43,644 - INFO - Starting main loop...
2026-01-17 11:13:44,814 - INFO - Received command: p| ppppppppppppppp|| p  p ppppp ppppppppp||ppppp| p ppppppppp|p |||ppppp pppppp|p ||||pppppppppppp|ppppp |pppppppp|p ||ppp p|||pppp|p ||ppppppp||pppp|| p ||pp| pp| pppp||ppppp|| p ||pp| pppp| pp||ppp| pp|p |pp| pppppp|p ppppppp||p|   |pppp|||pppp|p|pp|pp| ppp||pp||| p 
2026-01-17 11:13:49,878 - INFO - Received command: p||ppp|p| |p p||ppp|p| |p 
2026-01-17 11:13:51,346 - INFO - Received command: p||ppp|p| |p p||ppp|p| |p p||ppp|p| |p 
2026-01-17 11:13:55,795 - INFO - Received command: p||ppp|p| |p p||ppp|p| |p 
2026-01-17 11:14:03,093 - INFO - Received command: p||ppp|p p||ppp|p p||ppp|p p||ppp|p p||ppp|p p||ppp|p p||ppp|p 
2026-01-17 11:14:04,997 - INFO - Received command: p||pppp p 
2026-01-17 11:14:08,019 - INFO - Received command: p||pppp p 
2026-01-17 11:14:09,848 - INFO - Received command: p||pppp p 
2026-01-17 11:14:13,512 - INFO - Received command: p||pppp p p||ppp|||p p||ppp|||p p||ppp|||p 
2026-01-17 11:14:17,730 - INFO - Shutting down...
2026-01-17 11:14:17,730 - INFO - Closing serial connection...
2026-01-17 11:14:17,730 - INFO - Cleanup complete
2026-01-17 11:14:47,035 - INFO - ==================================================
2026-01-17 11:14:47,035 - INFO - Cheap Deck Controller Starting
2026-01-17 11:14:47,035 - INFO - ==================================================
2026-01-17 11:14:47,036 - INFO - Connecting to COM5 at 115200 baud...
2026-01-17 11:14:47,038 - INFO - Serial connection established
2026-01-17 11:14:47,038 - INFO - Initializing audio control...
2026-01-17 11:14:47,043 - INFO - Audio control initialized
2026-01-17 11:14:47,043 - INFO - Starting main loop...
2026-01-17 11:14:47,044 - INFO - Received command: ets Jul 29 2019 12:21:46
2026-01-17 11:14:47,067 - INFO - Received command: rst:0x1 (POWERON_RESET),boot:0x13 (SPI_FAST_FLASH_BOOT)
2026-01-17 11:14:47,078 - INFO - Received command: configsip: 0, SPIWP:0xee
2026-01-17 11:14:47,090 - INFO - Received command: clk_drv:0x00,q_drv:0x00,d_drv:0x00,cs0_drv:0x00,hd_drv:0x00,wp_drv:0x00
2026-01-17 11:14:47,100 - INFO - Received command: mode:DIO, clock div:1
2026-01-17 11:14:47,111 - INFO - Received command: load:0x3fff0030,len:1344
2026-01-17 11:14:47,123 - INFO - Received command: load:0x40078000,len:13964
2026-01-17 11:14:47,134 - INFO - Received command: load:0x40080400,len:3600
2026-01-17 11:14:47,144 - INFO - Received command: entry 0x400805f0
2026-01-17 11:14:54,924 - INFO - Shutting down...
2026-01-17 11:14:54,924 - INFO - Closing serial connection...
2026-01-17 11:14:54,926 - INFO - Cleanup complete
2026-01-17 11:14:56,446 - INFO - ==================================================
2026-01-17 11:14:56,446 - INFO - Cheap Deck Controller Starting
2026-01-17 11:14:56,446 - INFO - ==================================================
2026-01-17 11:14:56,446 - INFO - Connecting to COM5 at 115200 baud...
2026-01-17 11:14:56,449 - INFO - Serial connection established
2026-01-17 11:14:56,449 - INFO - Initializing audio control...
2026-01-17 11:14:56,453 - INFO - Audio control initialized
2026-01-17 11:14:56,453 - INFO - Starting main loop...
2026-01-17 11:14:56,464 - INFO - Received command: ets Jul 29 2019 12:21:46
2026-01-17 11:14:56,485 - INFO - Received command: rst:0x1 (POWERON_RESET),boot:0x13 (SPI_FAST_FLASH_BOOT)
2026-01-17 11:14:56,496 - INFO - Received command: configsip: 0, SPIWP:0xee
2026-01-17 11:14:56,507 - INFO - Received command: clk_drv:0x00,q_drv:0x00,d_drv:0x00,cs0_drv:0x00,hd_drv:0x00,wp_drv:0x00
2026-01-17 11:14:56,518 - INFO - Received command: mode:DIO, clock div:1
2026-01-17 11:14:56,529 - INFO - Received command: load:0x3fff0030,len:1344
2026-01-17 11:14:56,540 - INFO - Received command: load:0x40078000,len:13964
2026-01-17 11:14:56,550 - INFO - Received command: load:0x40080400,len:3600
2026-01-17 11:14:56,561 - INFO - Received command: entry 0x400805f0
2026-01-17 11:15:23,193 - INFO - ==================================================
2026-01-17 11:15:23,193 - INFO - Cheap Deck Controller Starting
2026-01-17 11:15:23,193 - INFO - ==================================================
2026-01-17 11:15:23,194 - INFO - Connecting to COM5 at 115200 baud...
2026-01-17 11:15:23,195 - INFO - Serial connection established
2026-01-17 11:15:23,196 - INFO - Initializing audio control...
2026-01-17 11:15:23,201 - INFO - Audio control initialized
2026-01-17 11:15:23,201 - INFO - Starting main loop...
2026-01-17 11:15:23,202 - INFO - Received command: ets Jul 29 2019 12:21:46
2026-01-17 11:15:23,224 - INFO - Received command: rst:0x1 (POWERON_RESET),boot:0x13 (SPI_FAST_FLASH_BOOT)
2026-01-17 11:15:23,235 - INFO - Received command: configsip: 0, SPIWP:0xee
2026-01-17 11:15:23,246 - INFO - Received command: clk_drv:0x00,q_drv:0x00,d_drv:0x00,cs0_drv:0x00,hd_drv:0x00,wp_drv:0x00
2026-01-17 11:15:23,257 - INFO - Received command: mode:DIO, clock div:1
2026-01-17 11:15:23,268 - INFO - Received command: load:0x3fff0030,len:1344
2026-01-17 11:15:23,279 - INFO - Received command: load:0x40078000,len:13964
2026-01-17 11:15:23,290 - INFO - Received command: load:0x40080400,len:3600
2026-01-17 11:15:23,300 - INFO - Received command: entry 0x400805f0
2026-01-17 11:15:49,229 - INFO - Received command: Action: obs_start
2026-01-17 11:15:49,229 - WARNING - No configuration found for button: obs_start
2026-01-17 11:15:52,148 - INFO - Received command: Action: obs_start
2026-01-17 11:15:52,148 - WARNING - No configuration found for button: obs_start
2026-01-17 11:15:54,729 - INFO - Received command: Action: obs_start
2026-01-17 11:15:54,729 - WARNING - No configuration found for button: obs_start
2026-01-17 11:15:54,896 - INFO - Received command: Action: obs_start
2026-01-17 11:15:54,896 - WARNING - No configuration found for button: obs_start
2026-01-17 11:15:55,678 - INFO - Received command: Action: obs_start
2026-01-17 11:15:55,679 - WARNING - No configuration found for button: obs_start
2026-01-17 11:15:56,165 - INFO - Received command: Action: obs_start
2026-01-17 11:15:56,165 - WARNING - No configuration found for button: obs_start
2026-01-17 11:15:56,332 - INFO - Received command: Action: obs_start
2026-01-17 11:15:56,333 - WARNING - No configuration found for button: obs_start
2026-01-17 11:15:57,129 - INFO - Received command: Action: obs_start
2026-01-17 11:15:57,129 - WARNING - No configuration found for button: obs_start
2026-01-17 11:15:57,287 - INFO - Received command: Action: obs_start
2026-01-17 11:15:57,288 - WARNING - No configuration found for button: obs_start
2026-01-17 11:15:57,730 - INFO - Received command: Action: obs_start
2026-01-17 11:15:57,731 - WARNING - No configuration found for button: obs_start
2026-01-17 11:15:57,890 - INFO - Received command: Action: obs_start
2026-01-17 11:15:57,890 - WARNING - No configuration found for button: obs_start
2026-01-17 11:15:58,112 - INFO - Received command: Action: obs_start
2026-01-17 11:15:58,112 - WARNING - No configuration found for button: obs_start
2026-01-17 11:15:58,614 - INFO - Received command: Action: obs_record
2026-01-17 11:15:58,615 - WARNING - No configuration found for button: obs_record
2026-01-17 11:15:59,550 - INFO - Received command: Action: obs_record
2026-01-17 11:15:59,550 - WARNING - No configuration found for button: obs_record
2026-01-17 11:15:59,719 - INFO - Received command: Action: obs_record
2026-01-17 11:15:59,719 - WARNING - No configuration found for button: obs_record
2026-01-17 11:16:00,138 - INFO - Received command: Action: obs_stop
2026-01-17 11:16:00,140 - WARNING - No configuration found for button: obs_stop
2026-01-17 11:16:00,298 - INFO - Received command: Action: obs_stop
2026-01-17 11:16:00,298 - WARNING - No configuration found for button: obs_stop
2026-01-17 11:16:02,220 - INFO - Received command: Action: obs_start
2026-01-17 11:16:02,221 - WARNING - No configuration found for button: obs_start
2026-01-17 11:16:02,462 - INFO - Received command: Action: obs_start
2026-01-17 11:16:02,462 - WARNING - No configuration found for button: obs_start
2026-01-17 11:16:02,640 - INFO - Received command: Action: obs_start
2026-01-17 11:16:02,640 - WARNING - No configuration found for button: obs_start
2026-01-17 11:16:02,839 - INFO - Received command: Action: obs_start
2026-01-17 11:16:02,840 - WARNING - No configuration found for button: obs_start
2026-01-17 11:16:03,048 - INFO - Received command: Action: obs_start
2026-01-17 11:16:03,048 - WARNING - No configuration found for button: obs_start
2026-01-17 11:16:14,177 - INFO - Received command: Action: obs_start
2026-01-17 11:16:14,177 - WARNING - No configuration found for button: obs_start
2026-01-17 11:16:14,338 - INFO - Received command: Action: obs_start
2026-01-17 11:16:14,339 - WARNING - No configuration found for button: obs_start
2026-01-17 11:16:14,997 - INFO - Received command: Action: obs_start
2026-01-17 11:16:14,997 - WARNING - No configuration found for button: obs_start
2026-01-17 11:16:15,188 - INFO - Received command: Action: obs_start
2026-01-17 11:16:15,188 - WARNING - No configuration found for button: obs_start
2026-01-17 11:16:15,360 - INFO - Received command: Action: obs_start
2026-01-17 11:16:15,360 - WARNING - No configuration found for button: obs_start
2026-01-17 11:16:17,927 - INFO - Received command: Action: obs_start
2026-01-17 11:16:17,927 - WARNING - No configuration found for button: obs_start
2026-01-17 11:16:18,524 - INFO - Received command: Action: obs_start
2026-01-17 11:16:18,525 - WARNING - No configuration found for button: obs_start
2026-01-17 11:16:18,819 - INFO - Received command: Action: obs_start
2026-01-17 11:16:18,820 - WARNING - No configuration found for button: obs_start
2026-01-17 11:16:18,989 - INFO - Received command: Action: obs_start
2026-01-17 11:16:18,990 - WARNING - No configuration found for button: obs_start
2026-01-17 11:16:19,169 - INFO - Received command: Action: obs_start
2026-01-17 11:16:19,169 - WARNING - No configuration found for button: obs_start
2026-01-17 11:16:19,358 - INFO - Received command: Action: obs_start
2026-01-17 11:16:19,358 - WARNING - No configuration found for button: obs_start
2026-01-17 11:16:19,554 - INFO - Received command: Action: obs_start
2026-01-17 11:16:19,555 - WARNING - No configuration found for button: obs_start
2026-01-17 11:16:19,756 - INFO - Received command: Action: obs_start
2026-01-17 11:16:19,757 - WARNING - No configuration found for button: obs_start
2026-01-17 11:16:19,956 - INFO - Received command: Action: obs_start
2026-01-17 11:16:19,957 - WARNING - No configuration found for button: obs_start
2026-01-17 11:16:20,174 - INFO - Received command: Action: obs_start
2026-01-17 11:16:20,174 - WARNING - No configuration found for button: obs_start
2026-01-17 11:16:20,486 - INFO - Received command: Action: obs_start
2026-01-17 11:16:20,486 - WARNING - No configuration found for button: obs_start
2026-01-17 11:16:20,726 - INFO - Received command: Action: obs_start
2026-01-17 11:16:20,726 - WARNING - No configuration found for button: obs_start
2026-01-17 11:16:22,071 - INFO - Received command: Action: obs_start
2026-01-17 11:16:22,072 - WARNING - No configuration found for button: obs_start
2026-01-17 11:16:22,365 - INFO - Received command: Action: obs_start
2026-01-17 11:16:22,366 - WARNING - No configuration found for button: obs_start
2026-01-17 11:16:22,918 - INFO - Received command: Action: obs_start
2026-01-17 11:16:22,919 - WARNING - No configuration found for button: obs_start
2026-01-17 11:16:23,086 - INFO - Received command: Action: obs_start
2026-01-17 11:16:23,086 - WARNING - No configuration found for button: obs_start
2026-01-17 11:16:23,953 - INFO - Received command: Action: obs_start
2026-01-17 11:16:23,953 - WARNING - No configuration found for button: obs_start
2026-01-17 11:16:24,738 - INFO - Received command: Action: obs_start
2026-01-17 11:16:24,738 - WARNING - No configuration found for button: obs_start
2026-01-17 11:16:37,106 - INFO - Received command: Action: obs_record
2026-01-17 11:16:37,106 - WARNING - No configuration found for button: obs_record
2026-01-17 11:16:39,165 - INFO - Received command: Action: obs_record
2026-01-17 11:16:39,165 - WARNING - No configuration found for button: obs_record
2026-01-17 11:16:39,562 - INFO - Received command: Action: obs_record
2026-01-17 11:16:39,562 - WARNING - No configuration found for button: obs_record
2026-01-17 11:16:39,980 - INFO - Received command: Action: obs_record
2026-01-17 11:16:39,980 - WARNING - No configuration found for button: obs_record
2026-01-17 11:16:40,335 - INFO - Received command: Action: obs_record
2026-01-17 11:16:40,335 - WARNING - No configuration found for button: obs_record
2026-01-17 11:16:40,965 - INFO - Received command: Action: obs_record
2026-01-17 11:16:40,965 - WARNING - No configuration found for button: obs_record
2026-01-17 11:16:41,778 - INFO - Received command: Action: obs_stop
2026-01-17 11:16:41,779 - WARNING - No configuration found for button: obs_stop
2026-01-17 11:16:50,168 - INFO - Shutting down...
2026-01-17 11:16:50,168 - INFO - Closing serial connection...
2026-01-17 11:16:50,169 - INFO - Cleanup complete
2026-01-17 11:16:51,070 - INFO - ==================================================
2026-01-17 11:16:51,070 - INFO - Cheap Deck Controller Starting
2026-01-17 11:16:51,070 - INFO - ==================================================
2026-01-17 11:16:51,070 - INFO - Connecting to COM5 at 115200 baud...
2026-01-17 11:16:51,072 - INFO - Serial connection established
2026-01-17 11:16:51,072 - INFO - Initializing audio control...
2026-01-17 11:16:51,076 - INFO - Audio control initialized
2026-01-17 11:16:51,076 - INFO - Starting main loop...
2026-01-17 11:16:51,088 - INFO - Received command: ets Jul 29 2019 12:21:46
2026-01-17 11:16:51,109 - INFO - Received command: rst:0x1 (POWERON_RESET),boot:0x13 (SPI_FAST_FLASH_BOOT)
2026-01-17 11:16:51,120 - INFO - Received command: configsip: 0, SPIWP:0xee
2026-01-17 11:16:51,130 - INFO - Received command: clk_drv:0x00,q_drv:0x00,d_drv:0x00,cs0_drv:0x00,hd_drv:0x00,wp_drv:0x00
2026-01-17 11:16:51,142 - INFO - Received command: mode:DIO, clock div:1
2026-01-17 11:16:51,152 - INFO - Received command: load:0x3fff0030,len:1344
2026-01-17 11:16:51,163 - INFO - Received command: load:0x40078000,len:13964
2026-01-17 11:16:51,174 - INFO - Received command: load:0x40080400,len:3600
2026-01-17 11:16:51,185 - INFO - Received command: entry 0x400805f0
2026-01-17 11:16:56,689 - INFO - Received command: Action: obs_start
2026-01-17 11:16:56,794 - INFO - Pressed hotkey: ctrl+shift+alt+s+t+a
2026-01-17 11:16:56,857 - INFO - Received command: Action: obs_start
2026-01-17 11:16:56,962 - INFO - Pressed hotkey: ctrl+shift+alt+s+t+a
2026-01-17 11:17:00,698 - INFO - Received command: Action: obs_stop
2026-01-17 11:17:00,802 - INFO - Pressed hotkey: ctrl+shift+alt+o+s
2026-01-17 11:17:03,330 - INFO - Received command: Action: obs_record
2026-01-17 11:17:03,433 - INFO - Pressed hotkey: ctrl+shift+alt+r+e+c
2026-01-17 11:17:04,126 - INFO - Received command: Action: obs_record
2026-01-17 11:17:04,229 - INFO - Pressed hotkey: ctrl+shift+alt+r+e+c
2026-01-17 11:17:30,522 - INFO - Received command: Action: obs_record
2026-01-17 11:17:30,626 - INFO - Pressed hotkey: ctrl+shift+alt+r+e+c
2026-01-17 11:17:32,077 - INFO - Received command: Action: obs_start
2026-01-17 11:17:32,180 - INFO - Pressed hotkey: ctrl+shift+alt+s+t+a
2026-01-17 11:17:36,468 - INFO - Received command: Action: obs_stop
2026-01-17 11:17:36,569 - INFO - Pressed hotkey: ctrl+shift+alt+o+s
2026-01-17 11:17:37,331 - INFO - Received command: Action: obs_stop
2026-01-17 11:17:37,436 - INFO - Pressed hotkey: ctrl+shift+alt+o+s
2026-01-17 11:17:37,979 - INFO - Received command: Action: obs_stop
2026-01-17 11:17:38,083 - INFO - Pressed hotkey: ctrl+shift+alt+o+s
2026-01-17 11:17:38,462 - INFO - Received command: Action: obs_stop
2026-01-17 11:17:38,564 - INFO - Pressed hotkey: ctrl+shift+alt+o+s
2026-01-17 11:17:39,053 - INFO - Received command: Action: obs_stop
2026-01-17 11:17:39,157 - INFO - Pressed hotkey: ctrl+shift+alt+o+s
2026-01-17 11:17:39,395 - INFO - Received command: Action: obs_stop
2026-01-17 11:17:39,501 - INFO - Pressed hotkey: ctrl+shift+alt+o+s
2026-01-17 11:17:40,642 - INFO - Received command: Action: obs_start
2026-01-17 11:17:40,762 - INFO - Pressed hotkey: ctrl+shift+alt+s+t+a
2026-01-17 11:17:44,520 - INFO - Received command: Action: obs_record
2026-01-17 11:17:44,624 - INFO - Pressed hotkey: ctrl+shift+alt+r+e+c
2026-01-17 11:17:45,476 - INFO - Received command: Action: obs_record
2026-01-17 11:17:45,580 - INFO - Pressed hotkey: ctrl+shift+alt+r+e+c
2026-01-17 11:17:56,254 - INFO - Received command: Action: fivem
2026-01-17 11:17:56,254 - WARNING - No configuration found for button: fivem
2026-01-17 11:18:01,128 - INFO - Received command: Action: PLAY
2026-01-17 11:18:01,230 - INFO - Pressed key: k
2026-01-17 11:18:03,432 - INFO - Received command: Action: DEF
2026-01-17 11:18:03,535 - INFO - Pressed hotkey: ctrl+shift+alt+d
2026-01-17 11:18:05,161 - INFO - Received command: Action: DEF
2026-01-17 11:18:05,264 - INFO - Pressed hotkey: ctrl+shift+alt+d
2026-01-17 12:00:26,957 - INFO - Closing serial connection...
2026-01-17 12:00:26,958 - INFO - Cleanup complete
2026-01-24 09:44:23,733 - INFO - ==================================================
2026-01-24 09:44:23,736 - INFO - Cheap Deck Controller Starting
2026-01-24 09:44:23,736 - INFO - ==================================================
2026-01-24 09:44:23,736 - INFO - Connecting to COM5 at 115200 baud...
2026-01-24 09:44:23,736 - ERROR - Failed to connect to serial port: could not open port 'COM5': PermissionError(13, 'Access is denied.', None, 5)
2026-01-24 09:44:44,790 - INFO - ==================================================
2026-01-24 09:44:44,790 - INFO - Cheap Deck Controller Starting
2026-01-24 09:44:44,790 - INFO - ==================================================
2026-01-24 09:44:44,791 - INFO - Connecting to COM5 at 115200 baud...
2026-01-24 09:44:44,794 - INFO - Serial connection established
2026-01-24 09:44:44,794 - INFO - Initializing audio control...
2026-01-24 09:44:44,799 - INFO - Audio control initialized
2026-01-24 09:44:44,800 - INFO - Starting main loop...
2026-01-24 09:44:44,801 - INFO - Received command: ets Jul 29 2019 12:21:46
2026-01-24 09:44:44,824 - INFO - Received command: rst:0x1 (POWERON_RESET),boot:0x13 (SPI_FAST_FLASH_BOOT)
2026-01-24 09:44:44,836 - INFO - Received command: configsip: 0, SPIWP:0xee
2026-01-24 09:44:44,848 - INFO - Received command: clk_drv:0x00,q_drv:0x00,d_drv:0x00,cs0_drv:0x00,hd_drv:0x00,wp_drv:0x00
2026-01-24 09:44:44,860 - INFO - Received command: mode:DIO, clock div:1
2026-01-24 09:44:44,872 - INFO - Received command: load:0x3fff0030,len:1344
2026-01-24 09:44:44,884 - INFO - Received command: load:0x40078000,len:13964
2026-01-24 09:44:44,895 - INFO - Received command: load:0x40080400,len:3600
2026-01-24 09:44:44,906 - INFO - Received command: entry 0x400805f0
2026-01-24 09:44:51,464 - INFO - Received command: Action: slid_logo
2026-01-24 09:44:51,465 - WARNING - No configuration found for button: slid_logo
2026-01-24 09:44:51,631 - INFO - Received command: Action: slid_logo
2026-01-24 09:44:51,633 - WARNING - No configuration found for button: slid_logo
2026-01-24 09:44:59,473 - INFO - Received command: Action: gpt
2026-01-24 09:44:59,633 - INFO - Received command: Action: gpt
2026-01-24 09:45:33,734 - INFO - Received command: Action: PLAY
2026-01-24 09:45:33,837 - INFO - Pressed key: k
2026-01-24 09:45:39,057 - INFO - Received command: Action: PLAY
2026-01-24 09:45:39,160 - INFO - Pressed key: k
2026-01-24 09:46:17,203 - INFO - Received command: Action: DEF
2026-01-24 09:46:17,307 - INFO - Pressed hotkey: ctrl+shift+alt+d
2026-01-24 09:46:23,640 - INFO - Received command: Action: DEF
2026-01-24 09:46:23,768 - INFO - Pressed hotkey: ctrl+shift+alt+d
2026-01-24 09:46:28,654 - INFO - Received command: Action: MUTE
2026-01-24 09:46:28,758 - INFO - Pressed key: f13
2026-01-24 09:46:28,823 - INFO - Received command: Action: MUTE
2026-01-24 09:46:28,925 - INFO - Pressed key: f13
2026-01-24 09:46:30,148 - INFO - Received command: Action: MUTE
2026-01-24 09:46:30,250 - INFO - Pressed key: f13
2026-01-24 09:46:57,409 - INFO - Received command: Action: brave
2026-01-24 09:46:57,578 - INFO - Received command: Action: brave
2026-01-24 09:47:01,763 - INFO - Received command: Action: gpt
2026-01-24 09:47:07,453 - INFO - Received command: Action: ytube
2026-01-24 09:47:32,084 - INFO - Closing serial connection...
2026-01-24 09:47:32,091 - INFO - Cleanup complete
2026-01-24 09:48:53,473 - INFO - ==================================================
2026-01-24 09:48:53,473 - INFO - Cheap Deck Controller Starting
2026-01-24 09:48:53,474 - INFO - ==================================================
2026-01-24 09:48:53,474 - INFO - Connecting to COM5 at 9600 baud...
2026-01-24 09:48:53,474 - ERROR - Failed to connect to serial port: could not open port 'COM5': FileNotFoundError(2, 'The system cannot find the file specified.', None, 2)
2026-01-24 09:49:04,122 - INFO - ==================================================
2026-01-24 09:49:04,124 - INFO - Cheap Deck Controller Starting
2026-01-24 09:49:04,124 - INFO - ==================================================
2026-01-24 09:49:04,124 - INFO - Connecting to COM5 at 9600 baud...
2026-01-24 09:49:04,125 - ERROR - Failed to connect to serial port: could not open port 'COM5': FileNotFoundError(2, 'The system cannot find the file specified.', None, 2)
2026-01-24 09:49:31,607 - INFO - ==================================================
2026-01-24 09:49:31,607 - INFO - Cheap Deck Controller Starting
2026-01-24 09:49:31,608 - INFO - ==================================================
2026-01-24 09:49:31,608 - INFO - Connecting to COM7 at 9600 baud...
2026-01-24 09:49:31,608 - ERROR - Failed to connect to serial port: could not open port 'COM7': FileNotFoundError(2, 'The system cannot find the file specified.', None, 2)
2026-01-24 09:49:48,564 - INFO - ==================================================
2026-01-24 09:49:48,564 - INFO - Cheap Deck Controller Starting
2026-01-24 09:49:48,564 - INFO - ==================================================
2026-01-24 09:49:48,564 - INFO - Connecting to COM7 at 9600 baud...
2026-01-24 09:49:48,564 - ERROR - Failed to connect to serial port: could not open port 'COM7': FileNotFoundError(2, 'The system cannot find the file specified.', None, 2)
2026-01-24 09:50:19,632 - INFO - ==================================================
2026-01-24 09:50:19,633 - INFO - Cheap Deck Controller Starting
2026-01-24 09:50:19,633 - INFO - ==================================================
2026-01-24 09:50:19,634 - INFO - Connecting to COM8 at 9600 baud...
2026-01-24 09:50:19,637 - ERROR - Failed to connect to serial port: Cannot configure port, something went wrong. Original message: PermissionError(13, 'A device attached to the system is not functioning.', None, 31)
2026-01-24 09:50:38,759 - INFO - ==================================================
2026-01-24 09:50:38,760 - INFO - Cheap Deck Controller Starting
2026-01-24 09:50:38,760 - INFO - ==================================================
2026-01-24 09:50:38,760 - INFO - Connecting to COM8 at 9600 baud...
2026-01-24 09:50:38,763 - ERROR - Failed to connect to serial port: Cannot configure port, something went wrong. Original message: PermissionError(13, 'A device attached to the system is not functioning.', None, 31)
2026-01-24 10:12:45,323 - INFO - ==================================================
2026-01-24 10:12:45,324 - INFO - Cheap Deck Controller Starting
2026-01-24 10:12:45,325 - INFO - ==================================================
2026-01-24 10:12:45,325 - INFO - Connecting to COM8 at 9600 baud...
2026-01-24 10:12:45,328 - INFO - Serial connection established
2026-01-24 10:12:45,328 - INFO - Initializing audio control...
2026-01-24 10:12:45,332 - INFO - Audio control initialized
2026-01-24 10:12:45,333 - INFO - Starting main loop...
2026-01-24 10:12:52,120 - INFO - Received command: Action: open_sliders
2026-01-24 10:12:52,121 - WARNING - No configuration found for button: open_sliders
2026-01-24 10:12:53,775 - INFO - Received command: Analog pin A15 raw value: 524 -> slider_1:51
2026-01-24 10:12:53,794 - INFO - Brave Browser volume set to 51%
2026-01-24 10:12:53,881 - INFO - Received command: Analog pin A14 raw value: 285 -> slider_2:27
2026-01-24 10:12:53,890 - INFO - Setting Discord.exe volume to 27%
2026-01-24 10:12:53,892 - INFO - Discord volume set to 27%
2026-01-24 10:12:53,988 - INFO - Received command: Analog pin A13 raw value: 224 -> slider_3:21
2026-01-24 10:12:54,003 - INFO - Setting system volume to 21%
2026-01-24 10:12:54,056 - INFO - System volume set to 21%
2026-01-24 10:12:54,089 - INFO - Received command: Analog pin A15 raw value: 160 -> slider_1:15
2026-01-24 10:12:54,095 - INFO - Brave Browser volume set to 15%
2026-01-24 10:12:54,192 - INFO - Received command: Analog pin A14 raw value: 198 -> slider_2:19
2026-01-24 10:12:54,204 - INFO - Setting Discord.exe volume to 19%
2026-01-24 10:12:54,205 - INFO - Discord volume set to 19%
2026-01-24 10:12:54,303 - INFO - Received command: Analog pin A13 raw value: 316 -> slider_3:30
2026-01-24 10:12:54,314 - INFO - Setting system volume to 30%
2026-01-24 10:12:54,317 - INFO - System volume set to 30%
2026-01-24 10:12:54,406 - INFO - Received command: Analog pin A15 raw value: 119 -> slider_1:11
2026-01-24 10:12:54,415 - INFO - Brave Browser volume set to 11%
2026-01-24 10:12:54,504 - INFO - Received command: Analog pin A14 raw value: 113 -> slider_2:11
2026-01-24 10:12:54,516 - INFO - Setting Discord.exe volume to 11%
2026-01-24 10:12:54,518 - INFO - Discord volume set to 11%
2026-01-24 10:12:54,606 - INFO - Received command: Analog pin A13 raw value: 179 -> slider_3:17
2026-01-24 10:12:54,616 - INFO - Setting system volume to 17%
2026-01-24 10:12:54,618 - INFO - System volume set to 17%
2026-01-24 10:12:54,704 - INFO - Received command: Analog pin A15 raw value: 131 -> slider_1:12
2026-01-24 10:12:54,714 - INFO - Brave Browser volume set to 12%
2026-01-24 10:12:54,807 - INFO - Received command: Analog pin A14 raw value: 149 -> slider_2:14
2026-01-24 10:12:54,817 - INFO - Setting Discord.exe volume to 14%
2026-01-24 10:12:54,819 - INFO - Discord volume set to 14%
2026-01-24 10:12:54,914 - INFO - Received command: Analog pin A13 raw value: 232 -> slider_3:22
2026-01-24 10:12:54,926 - INFO - Setting system volume to 22%
2026-01-24 10:12:54,927 - INFO - System volume set to 22%
2026-01-24 10:12:55,016 - INFO - Received command: Analog pin A15 raw value: 162 -> slider_1:15
2026-01-24 10:12:55,026 - INFO - Brave Browser volume set to 15%
2026-01-24 10:12:55,122 - INFO - Received command: Analog pin A13 raw value: 197 -> slider_3:19
2026-01-24 10:12:55,132 - INFO - Setting system volume to 19%
2026-01-24 10:12:55,134 - INFO - System volume set to 19%
2026-01-24 10:12:55,216 - INFO - Received command: Analog pin A15 raw value: 71 -> slider_1:6
2026-01-24 10:12:55,225 - INFO - Brave Browser volume set to 6%
2026-01-24 10:12:55,318 - INFO - Received command: Analog pin A14 raw value: 136 -> slider_2:13
2026-01-24 10:12:55,328 - INFO - Setting Discord.exe volume to 13%
2026-01-24 10:12:55,330 - INFO - Discord volume set to 13%
2026-01-24 10:12:55,422 - INFO - Received command: Analog pin A13 raw value: 189 -> slider_3:18
2026-01-24 10:12:55,432 - INFO - Setting system volume to 18%
2026-01-24 10:12:55,433 - INFO - System volume set to 18%
2026-01-24 10:12:55,515 - INFO - Received command: Analog pin A15 raw value: 78 -> slider_1:7
2026-01-24 10:12:55,541 - INFO - Brave Browser volume set to 7%
2026-01-24 10:12:55,618 - INFO - Received command: Analog pin A14 raw value: 127 -> slider_2:12
2026-01-24 10:12:55,623 - INFO - Setting Discord.exe volume to 12%
2026-01-24 10:12:55,624 - INFO - Discord volume set to 12%
2026-01-24 10:12:55,712 - INFO - Received command: Analog pin A15 raw value: 83 -> slider_1:8
2026-01-24 10:12:55,732 - INFO - Brave Browser volume set to 8%
2026-01-24 10:12:55,819 - INFO - Received command: Analog pin A14 raw value: 165 -> slider_2:16
2026-01-24 10:12:55,829 - INFO - Setting Discord.exe volume to 16%
2026-01-24 10:12:55,831 - INFO - Discord volume set to 16%
2026-01-24 10:12:55,913 - INFO - Received command: Analog pin A15 raw value: 81 -> slider_1:7
2026-01-24 10:12:55,924 - INFO - Brave Browser volume set to 7%
2026-01-24 10:12:56,015 - INFO - Received command: Analog pin A14 raw value: 191 -> slider_2:18
2026-01-24 10:12:56,023 - INFO - Setting Discord.exe volume to 18%
2026-01-24 10:12:56,025 - INFO - Discord volume set to 18%
2026-01-24 10:12:56,113 - INFO - Received command: Analog pin A14 raw value: 97 -> slider_2:9
2026-01-24 10:12:56,122 - INFO - Setting Discord.exe volume to 9%
2026-01-24 10:12:56,125 - INFO - Discord volume set to 9%
2026-01-24 10:12:56,220 - INFO - Received command: Analog pin A13 raw value: 212 -> slider_3:20
2026-01-24 10:12:56,232 - INFO - Setting system volume to 20%
2026-01-24 10:12:56,233 - INFO - System volume set to 20%
2026-01-24 10:12:56,318 - INFO - Received command: Analog pin A14 raw value: 84 -> slider_2:8
2026-01-24 10:12:56,326 - INFO - Setting Discord.exe volume to 8%
2026-01-24 10:12:56,327 - INFO - Discord volume set to 8%
2026-01-24 10:12:56,420 - INFO - Received command: Analog pin A13 raw value: 152 -> slider_3:14
2026-01-24 10:12:56,428 - INFO - Setting system volume to 14%
2026-01-24 10:12:56,429 - INFO - System volume set to 14%
2026-01-24 10:12:56,515 - INFO - Received command: Analog pin A15 raw value: 64 -> slider_1:6
2026-01-24 10:12:56,524 - INFO - Brave Browser volume set to 6%
2026-01-24 10:12:56,618 - INFO - Received command: Analog pin A14 raw value: 137 -> slider_2:13
2026-01-24 10:12:56,629 - INFO - Setting Discord.exe volume to 13%
2026-01-24 10:12:56,631 - INFO - Discord volume set to 13%
2026-01-24 10:12:56,720 - INFO - Received command: Analog pin A13 raw value: 190 -> slider_3:18
2026-01-24 10:12:56,730 - INFO - Setting system volume to 18%
2026-01-24 10:12:56,732 - INFO - System volume set to 18%
2026-01-24 10:12:56,814 - INFO - Received command: Analog pin A14 raw value: 81 -> slider_2:7
2026-01-24 10:12:56,823 - INFO - Setting Discord.exe volume to 7%
2026-01-24 10:12:56,826 - INFO - Discord volume set to 7%
2026-01-24 10:12:56,921 - INFO - Received command: Analog pin A13 raw value: 184 -> slider_3:17
2026-01-24 10:12:56,931 - INFO - Setting system volume to 17%
2026-01-24 10:12:56,933 - INFO - System volume set to 17%
2026-01-24 10:12:57,014 - INFO - Received command: Analog pin A15 raw value: 61 -> slider_1:5
2026-01-24 10:12:57,025 - INFO - Brave Browser volume set to 5%
2026-01-24 10:12:57,117 - INFO - Received command: Analog pin A14 raw value: 150 -> slider_2:14
2026-01-24 10:12:57,130 - INFO - Setting Discord.exe volume to 14%
2026-01-24 10:12:57,132 - INFO - Discord volume set to 14%
2026-01-24 10:12:57,220 - INFO - Received command: Analog pin A13 raw value: 203 -> slider_3:19
2026-01-24 10:12:57,231 - INFO - Setting system volume to 19%
2026-01-24 10:12:57,236 - INFO - System volume set to 19%
2026-01-24 10:12:57,313 - INFO - Received command: Analog pin A15 raw value: 66 -> slider_1:6
2026-01-24 10:12:57,323 - INFO - Brave Browser volume set to 6%
2026-01-24 10:12:57,416 - INFO - Received command: Analog pin A14 raw value: 119 -> slider_2:11
2026-01-24 10:12:57,426 - INFO - Setting Discord.exe volume to 11%
2026-01-24 10:12:57,428 - INFO - Discord volume set to 11%
2026-01-24 10:12:57,523 - INFO - Received command: Analog pin A13 raw value: 207 -> slider_3:20
2026-01-24 10:12:57,532 - INFO - Setting system volume to 20%
2026-01-24 10:12:57,543 - INFO - System volume set to 20%
2026-01-24 10:12:57,616 - INFO - Received command: Analog pin A15 raw value: 82 -> slider_1:8
2026-01-24 10:12:57,627 - INFO - Brave Browser volume set to 8%
2026-01-24 10:12:57,715 - INFO - Received command: Analog pin A14 raw value: 88 -> slider_2:8
2026-01-24 10:12:57,726 - INFO - Setting Discord.exe volume to 8%
2026-01-24 10:12:57,728 - INFO - Discord volume set to 8%
2026-01-24 10:12:57,814 - INFO - Received command: Analog pin A15 raw value: 102 -> slider_1:9
2026-01-24 10:12:57,826 - INFO - Brave Browser volume set to 9%
2026-01-24 10:12:57,916 - INFO - Received command: Analog pin A14 raw value: 174 -> slider_2:17
2026-01-24 10:12:57,926 - INFO - Setting Discord.exe volume to 17%
2026-01-24 10:12:57,929 - INFO - Discord volume set to 17%
2026-01-24 10:12:58,018 - INFO - Received command: Analog pin A13 raw value: 216 -> slider_3:21
2026-01-24 10:12:58,030 - INFO - Setting system volume to 21%
2026-01-24 10:12:58,034 - INFO - System volume set to 21%
2026-01-24 10:12:58,116 - INFO - Received command: Analog pin A15 raw value: 71 -> slider_1:6
2026-01-24 10:12:58,127 - INFO - Brave Browser volume set to 6%
2026-01-24 10:12:58,215 - INFO - Received command: Analog pin A14 raw value: 116 -> slider_2:11
2026-01-24 10:12:58,229 - INFO - Setting Discord.exe volume to 11%
2026-01-24 10:12:58,231 - INFO - Discord volume set to 11%
2026-01-24 10:12:58,321 - INFO - Received command: Analog pin A13 raw value: 208 -> slider_3:20
2026-01-24 10:12:58,332 - INFO - Setting system volume to 20%
2026-01-24 10:12:58,334 - INFO - System volume set to 20%
2026-01-24 10:12:58,415 - INFO - Received command: Analog pin A15 raw value: 83 -> slider_1:8
2026-01-24 10:12:58,426 - INFO - Brave Browser volume set to 8%
2026-01-24 10:12:58,514 - INFO - Received command: Analog pin A14 raw value: 84 -> slider_2:8
2026-01-24 10:12:58,528 - INFO - Setting Discord.exe volume to 8%
2026-01-24 10:12:58,529 - INFO - Discord volume set to 8%
2026-01-24 10:12:58,612 - INFO - Received command: Analog pin A15 raw value: 100 -> slider_1:9
2026-01-24 10:12:58,622 - INFO - Brave Browser volume set to 9%
2026-01-24 10:12:58,714 - INFO - Received command: Analog pin A14 raw value: 177 -> slider_2:17
2026-01-24 10:12:58,720 - INFO - Setting Discord.exe volume to 17%
2026-01-24 10:12:58,722 - INFO - Discord volume set to 17%
2026-01-24 10:12:58,821 - INFO - Received command: Analog pin A13 raw value: 198 -> slider_3:19
2026-01-24 10:12:58,823 - INFO - Setting system volume to 19%
2026-01-24 10:12:58,824 - INFO - System volume set to 19%
2026-01-24 10:12:58,915 - INFO - Received command: Analog pin A15 raw value: 66 -> slider_1:6
2026-01-24 10:12:58,919 - INFO - Brave Browser volume set to 6%
2026-01-24 10:12:59,013 - INFO - Received command: Analog pin A14 raw value: 115 -> slider_2:11
2026-01-24 10:12:59,017 - INFO - Setting Discord.exe volume to 11%
2026-01-24 10:12:59,018 - INFO - Discord volume set to 11%
2026-01-24 10:12:59,111 - INFO - Received command: Analog pin A15 raw value: 91 -> slider_1:8
2026-01-24 10:12:59,115 - INFO - Brave Browser volume set to 8%
2026-01-24 10:12:59,214 - INFO - Received command: Analog pin A14 raw value: 182 -> slider_2:17
2026-01-24 10:12:59,218 - INFO - Setting Discord.exe volume to 17%
2026-01-24 10:12:59,219 - INFO - Discord volume set to 17%
2026-01-24 10:12:59,312 - INFO - Received command: Analog pin A14 raw value: 102 -> slider_2:9
2026-01-24 10:12:59,319 - INFO - Setting Discord.exe volume to 9%
2026-01-24 10:12:59,320 - INFO - Discord volume set to 9%
2026-01-24 10:12:59,418 - INFO - Received command: Analog pin A13 raw value: 226 -> slider_3:22
2026-01-24 10:12:59,427 - INFO - Setting system volume to 22%
2026-01-24 10:12:59,428 - INFO - System volume set to 22%
2026-01-24 10:12:59,513 - INFO - Received command: Analog pin A15 raw value: 60 -> slider_1:5
2026-01-24 10:12:59,521 - INFO - Brave Browser volume set to 5%
2026-01-24 10:12:59,615 - INFO - Received command: Analog pin A14 raw value: 120 -> slider_2:11
2026-01-24 10:12:59,618 - INFO - Setting Discord.exe volume to 11%
2026-01-24 10:12:59,621 - INFO - Discord volume set to 11%
2026-01-24 10:12:59,717 - INFO - Received command: Analog pin A13 raw value: 212 -> slider_3:20
2026-01-24 10:12:59,721 - INFO - Setting system volume to 20%
2026-01-24 10:12:59,722 - INFO - System volume set to 20%
2026-01-24 10:12:59,815 - INFO - Received command: Analog pin A15 raw value: 69 -> slider_1:6
2026-01-24 10:12:59,822 - INFO - Brave Browser volume set to 6%
2026-01-24 10:12:59,910 - INFO - Received command: Analog pin A14 raw value: 95 -> slider_2:9
2026-01-24 10:12:59,913 - INFO - Setting Discord.exe volume to 9%
2026-01-24 10:12:59,915 - INFO - Discord volume set to 9%
2026-01-24 10:13:00,020 - INFO - Received command: Analog pin A13 raw value: 229 -> slider_3:22
2026-01-24 10:13:00,023 - INFO - Setting system volume to 22%
2026-01-24 10:13:00,024 - INFO - System volume set to 22%
2026-01-24 10:13:00,115 - INFO - Received command: Analog pin A14 raw value: 76 -> slider_2:7
2026-01-24 10:13:00,120 - INFO - Setting Discord.exe volume to 7%
2026-01-24 10:13:00,122 - INFO - Discord volume set to 7%
2026-01-24 10:13:00,217 - INFO - Received command: Analog pin A13 raw value: 169 -> slider_3:16
2026-01-24 10:13:00,220 - INFO - Setting system volume to 16%
2026-01-24 10:13:00,221 - INFO - System volume set to 16%
2026-01-24 10:13:00,311 - INFO - Received command: Analog pin A15 raw value: 58 -> slider_1:5
2026-01-24 10:13:00,316 - INFO - Brave Browser volume set to 5%
2026-01-24 10:13:00,414 - INFO - Received command: Analog pin A14 raw value: 135 -> slider_2:13
2026-01-24 10:13:00,420 - INFO - Setting Discord.exe volume to 13%
2026-01-24 10:13:00,421 - INFO - Discord volume set to 13%
2026-01-24 10:13:00,516 - INFO - Received command: Analog pin A13 raw value: 193 -> slider_3:18
2026-01-24 10:13:00,520 - INFO - Setting system volume to 18%
2026-01-24 10:13:00,520 - INFO - System volume set to 18%
2026-01-24 10:13:00,615 - INFO - Received command: Analog pin A14 raw value: 69 -> slider_2:6
2026-01-24 10:13:00,621 - INFO - Setting Discord.exe volume to 6%
2026-01-24 10:13:00,622 - INFO - Discord volume set to 6%
2026-01-24 10:13:00,717 - INFO - Received command: Analog pin A13 raw value: 182 -> slider_3:17
2026-01-24 10:13:00,720 - INFO - Setting system volume to 17%
2026-01-24 10:13:00,721 - INFO - System volume set to 17%
2026-01-24 10:13:00,811 - INFO - Received command: Analog pin A14 raw value: 60 -> slider_2:5
2026-01-24 10:13:00,817 - INFO - Setting Discord.exe volume to 5%
2026-01-24 10:13:00,817 - INFO - Discord volume set to 5%
2026-01-24 10:13:00,918 - INFO - Received command: Analog pin A13 raw value: 216 -> slider_3:21
2026-01-24 10:13:00,926 - INFO - Setting system volume to 21%
2026-01-24 10:13:00,927 - INFO - System volume set to 21%
2026-01-24 10:13:01,016 - INFO - Received command: Analog pin A13 raw value: 117 -> slider_3:11
2026-01-24 10:13:01,020 - INFO - Setting system volume to 11%
2026-01-24 10:13:01,022 - INFO - System volume set to 11%
2026-01-24 10:13:01,114 - INFO - Received command: Analog pin A14 raw value: 66 -> slider_2:6
2026-01-24 10:13:01,119 - INFO - Setting Discord.exe volume to 6%
2026-01-24 10:13:01,119 - INFO - Discord volume set to 6%
2026-01-24 10:13:01,217 - INFO - Received command: Analog pin A13 raw value: 151 -> slider_3:14
2026-01-24 10:13:01,225 - INFO - Setting system volume to 14%
2026-01-24 10:13:01,225 - INFO - System volume set to 14%
2026-01-24 10:13:01,311 - INFO - Received command: Analog pin A14 raw value: 60 -> slider_2:5
2026-01-24 10:13:01,314 - INFO - Setting Discord.exe volume to 5%
2026-01-24 10:13:01,315 - INFO - Discord volume set to 5%
2026-01-24 10:13:01,417 - INFO - Received command: Analog pin A13 raw value: 222 -> slider_3:21
2026-01-24 10:13:01,422 - INFO - Setting system volume to 21%
2026-01-24 10:13:01,423 - INFO - System volume set to 21%
2026-01-24 10:13:01,516 - INFO - Received command: Analog pin A13 raw value: 110 -> slider_3:10
2026-01-24 10:13:01,521 - INFO - Setting system volume to 10%
2026-01-24 10:13:01,523 - INFO - System volume set to 10%
2026-01-24 10:13:01,614 - INFO - Received command: Analog pin A13 raw value: 102 -> slider_3:9
2026-01-24 10:13:01,619 - INFO - Setting system volume to 9%
2026-01-24 10:13:01,619 - INFO - System volume set to 9%
2026-01-24 10:13:01,811 - INFO - Received command: Analog pin A15 raw value: 48 -> slider_1:4
2026-01-24 10:13:01,816 - INFO - Brave Browser volume set to 4%
2026-01-24 10:13:01,913 - INFO - Received command: Analog pin A14 raw value: 166 -> slider_2:16
2026-01-24 10:13:01,917 - INFO - Setting Discord.exe volume to 16%
2026-01-24 10:13:01,917 - INFO - Discord volume set to 16%
2026-01-24 10:13:02,015 - INFO - Received command: Analog pin A13 raw value: 172 -> slider_3:16
2026-01-24 10:13:02,018 - INFO - Setting system volume to 16%
2026-01-24 10:13:02,019 - INFO - System volume set to 16%
2026-01-24 10:13:02,110 - INFO - Received command: Analog pin A15 raw value: 52 -> slider_1:5
2026-01-24 10:13:02,115 - INFO - Brave Browser volume set to 5%
2026-01-24 10:13:02,212 - INFO - Received command: Analog pin A14 raw value: 157 -> slider_2:15
2026-01-24 10:13:02,216 - INFO - Setting Discord.exe volume to 15%
2026-01-24 10:13:02,217 - INFO - Discord volume set to 15%
2026-01-24 10:13:02,315 - INFO - Received command: Analog pin A13 raw value: 180 -> slider_3:17
2026-01-24 10:13:02,318 - INFO - Setting system volume to 17%
2026-01-24 10:13:02,319 - INFO - System volume set to 17%
2026-01-24 10:13:02,409 - INFO - Received command: Analog pin A15 raw value: 50 -> slider_1:4
2026-01-24 10:13:02,415 - INFO - Brave Browser volume set to 4%
2026-01-24 10:13:02,515 - INFO - Received command: Analog pin A14 raw value: 183 -> slider_2:17
2026-01-24 10:13:02,519 - INFO - Setting Discord.exe volume to 17%
2026-01-24 10:13:02,519 - INFO - Discord volume set to 17%
2026-01-24 10:13:02,617 - INFO - Received command: Analog pin A13 raw value: 195 -> slider_3:19
2026-01-24 10:13:02,624 - INFO - Setting system volume to 19%
2026-01-24 10:13:02,625 - INFO - System volume set to 19%
2026-01-24 10:13:02,712 - INFO - Received command: Analog pin A15 raw value: 53 -> slider_1:5
2026-01-24 10:13:02,715 - INFO - Brave Browser volume set to 5%
2026-01-24 10:13:02,814 - INFO - Received command: Analog pin A14 raw value: 125 -> slider_2:12
2026-01-24 10:13:02,818 - INFO - Setting Discord.exe volume to 12%
2026-01-24 10:13:02,819 - INFO - Discord volume set to 12%
2026-01-24 10:13:02,916 - INFO - Received command: Analog pin A13 raw value: 190 -> slider_3:18
2026-01-24 10:13:02,920 - INFO - Setting system volume to 18%
2026-01-24 10:13:02,921 - INFO - System volume set to 18%
2026-01-24 10:13:03,011 - INFO - Received command: Analog pin A14 raw value: 61 -> slider_2:5
2026-01-24 10:13:03,014 - INFO - Setting Discord.exe volume to 5%
2026-01-24 10:13:03,015 - INFO - Discord volume set to 5%
2026-01-24 10:13:03,114 - INFO - Received command: Analog pin A13 raw value: 88 -> slider_3:8
2026-01-24 10:13:03,117 - INFO - Setting system volume to 8%
2026-01-24 10:13:03,118 - INFO - System volume set to 8%
2026-01-24 10:13:03,215 - INFO - Received command: Analog pin A13 raw value: 96 -> slider_3:9
2026-01-24 10:13:03,219 - INFO - Setting system volume to 9%
2026-01-24 10:13:03,220 - INFO - System volume set to 9%
2026-01-24 10:13:03,310 - INFO - Received command: Analog pin A15 raw value: 49 -> slider_1:4
2026-01-24 10:13:03,315 - INFO - Brave Browser volume set to 4%
2026-01-24 10:13:03,412 - INFO - Received command: Analog pin A14 raw value: 135 -> slider_2:13
2026-01-24 10:13:03,417 - INFO - Setting Discord.exe volume to 13%
2026-01-24 10:13:03,418 - INFO - Discord volume set to 13%
2026-01-24 10:13:03,515 - INFO - Received command: Analog pin A13 raw value: 177 -> slider_3:17
2026-01-24 10:13:03,520 - INFO - Setting system volume to 17%
2026-01-24 10:13:03,521 - INFO - System volume set to 17%
2026-01-24 10:13:03,609 - INFO - Received command: Analog pin A14 raw value: 56 -> slider_2:5
2026-01-24 10:13:03,612 - INFO - Setting Discord.exe volume to 5%
2026-01-24 10:13:03,613 - INFO - Discord volume set to 5%
2026-01-24 10:13:03,715 - INFO - Received command: Analog pin A13 raw value: 218 -> slider_3:21
2026-01-24 10:13:03,719 - INFO - Setting system volume to 21%
2026-01-24 10:13:03,720 - INFO - System volume set to 21%
2026-01-24 10:13:03,817 - INFO - Received command: Analog pin A13 raw value: 108 -> slider_3:10
2026-01-24 10:13:03,821 - INFO - Setting system volume to 10%
2026-01-24 10:13:03,824 - INFO - System volume set to 10%
2026-01-24 10:13:03,916 - INFO - Received command: Analog pin A13 raw value: 100 -> slider_3:9
2026-01-24 10:13:03,919 - INFO - Setting system volume to 9%
2026-01-24 10:13:03,920 - INFO - System volume set to 9%
2026-01-24 10:13:04,014 - INFO - Received command: Analog pin A15 raw value: 53 -> slider_1:5
2026-01-24 10:13:04,022 - INFO - Brave Browser volume set to 5%
2026-01-24 10:13:04,113 - INFO - Received command: Analog pin A14 raw value: 107 -> slider_2:10
2026-01-24 10:13:04,120 - INFO - Setting Discord.exe volume to 10%
2026-01-24 10:13:04,121 - INFO - Discord volume set to 10%
2026-01-24 10:13:04,215 - INFO - Received command: Analog pin A13 raw value: 179 -> slider_3:17
2026-01-24 10:13:04,220 - INFO - Setting system volume to 17%
2026-01-24 10:13:04,221 - INFO - System volume set to 17%
2026-01-24 10:13:04,309 - INFO - Received command: Analog pin A15 raw value: 50 -> slider_1:4
2026-01-24 10:13:04,316 - INFO - Brave Browser volume set to 4%
2026-01-24 10:13:04,412 - INFO - Received command: Analog pin A14 raw value: 190 -> slider_2:18
2026-01-24 10:13:04,422 - INFO - Setting Discord.exe volume to 18%
2026-01-24 10:13:04,422 - INFO - Discord volume set to 18%
2026-01-24 10:13:04,514 - INFO - Received command: Analog pin A13 raw value: 167 -> slider_3:16
2026-01-24 10:13:04,521 - INFO - Setting system volume to 16%
2026-01-24 10:13:04,522 - INFO - System volume set to 16%
2026-01-24 10:13:04,612 - INFO - Received command: Analog pin A14 raw value: 58 -> slider_2:5
2026-01-24 10:13:04,615 - INFO - Setting Discord.exe volume to 5%
2026-01-24 10:13:04,616 - INFO - Discord volume set to 5%
2026-01-24 10:13:04,715 - INFO - Received command: Analog pin A13 raw value: 203 -> slider_3:19
2026-01-24 10:13:04,719 - INFO - Setting system volume to 19%
2026-01-24 10:13:04,721 - INFO - System volume set to 19%
2026-01-24 10:13:04,817 - INFO - Received command: Analog pin A13 raw value: 109 -> slider_3:10
2026-01-24 10:13:04,820 - INFO - Setting system volume to 10%
2026-01-24 10:13:04,822 - INFO - System volume set to 10%
2026-01-24 10:13:04,916 - INFO - Received command: Analog pin A13 raw value: 99 -> slider_3:9
2026-01-24 10:13:04,921 - INFO - Setting system volume to 9%
2026-01-24 10:13:04,923 - INFO - System volume set to 9%
2026-01-24 10:13:05,010 - INFO - Received command: Analog pin A14 raw value: 49 -> slider_2:4
2026-01-24 10:13:05,016 - INFO - Setting Discord.exe volume to 4%
2026-01-24 10:13:05,017 - INFO - Discord volume set to 4%
2026-01-24 10:13:05,116 - INFO - Received command: Analog pin A13 raw value: 221 -> slider_3:21
2026-01-24 10:13:05,123 - INFO - Setting system volume to 21%
2026-01-24 10:13:05,124 - INFO - System volume set to 21%
2026-01-24 10:13:05,215 - INFO - Received command: Analog pin A13 raw value: 99 -> slider_3:9
2026-01-24 10:13:05,221 - INFO - Setting system volume to 9%
2026-01-24 10:13:05,222 - INFO - System volume set to 9%
2026-01-24 10:13:05,309 - INFO - Received command: Analog pin A13 raw value: 75 -> slider_3:7
2026-01-24 10:13:05,314 - INFO - Setting system volume to 7%
2026-01-24 10:13:05,315 - INFO - System volume set to 7%
2026-01-24 10:13:05,407 - INFO - Received command: Analog pin A14 raw value: 40 -> slider_2:3
2026-01-24 10:13:05,413 - INFO - Setting Discord.exe volume to 3%
2026-01-24 10:13:05,414 - INFO - Discord volume set to 3%
2026-01-24 10:13:05,518 - INFO - Received command: Analog pin A13 raw value: 212 -> slider_3:20
2026-01-24 10:13:05,521 - INFO - Setting system volume to 20%
2026-01-24 10:13:05,523 - INFO - System volume set to 20%
2026-01-24 10:13:05,611 - INFO - Received command: Analog pin A14 raw value: 44 -> slider_2:4
2026-01-24 10:13:05,615 - INFO - Setting Discord.exe volume to 4%
2026-01-24 10:13:05,617 - INFO - Discord volume set to 4%
2026-01-24 10:13:05,710 - INFO - Received command: Analog pin A15 raw value: 38 -> slider_1:3
2026-01-24 10:13:05,715 - INFO - Brave Browser volume set to 3%
2026-01-24 10:13:05,812 - INFO - Received command: Analog pin A14 raw value: 163 -> slider_2:15
2026-01-24 10:13:05,818 - INFO - Setting Discord.exe volume to 15%
2026-01-24 10:13:05,818 - INFO - Discord volume set to 15%
2026-01-24 10:13:05,915 - INFO - Received command: Analog pin A13 raw value: 173 -> slider_3:16
2026-01-24 10:13:05,921 - INFO - Setting system volume to 16%
2026-01-24 10:13:05,922 - INFO - System volume set to 16%
2026-01-24 10:13:06,008 - INFO - Received command: Analog pin A15 raw value: 54 -> slider_1:5
2026-01-24 10:13:06,015 - INFO - Brave Browser volume set to 5%
2026-01-24 10:13:06,115 - INFO - Received command: Analog pin A13 raw value: 213 -> slider_3:20
2026-01-24 10:13:06,118 - INFO - Setting system volume to 20%
2026-01-24 10:13:06,121 - INFO - System volume set to 20%
2026-01-24 10:13:06,209 - INFO - Received command: Analog pin A15 raw value: 45 -> slider_1:4
2026-01-24 10:13:06,216 - INFO - Brave Browser volume set to 4%
2026-01-24 10:13:06,313 - INFO - Received command: Analog pin A14 raw value: 144 -> slider_2:14
2026-01-24 10:13:06,317 - INFO - Setting Discord.exe volume to 14%
2026-01-24 10:13:06,317 - INFO - Discord volume set to 14%
2026-01-24 10:13:06,414 - INFO - Received command: Analog pin A13 raw value: 192 -> slider_3:18
2026-01-24 10:13:06,419 - INFO - Setting system volume to 18%
2026-01-24 10:13:06,423 - INFO - System volume set to 18%
2026-01-24 10:13:06,508 - INFO - Received command: Analog pin A15 raw value: 35 -> slider_1:3
2026-01-24 10:13:06,515 - INFO - Brave Browser volume set to 3%
2026-01-24 10:13:06,611 - INFO - Received command: Analog pin A14 raw value: 181 -> slider_2:17
2026-01-24 10:13:06,614 - INFO - Setting Discord.exe volume to 17%
2026-01-24 10:13:06,614 - INFO - Discord volume set to 17%
2026-01-24 10:13:06,705 - INFO - Received command: Analog pin A15 raw value: 58 -> slider_1:5
2026-01-24 10:13:06,709 - INFO - Brave Browser volume set to 5%
2026-01-24 10:13:06,816 - INFO - Received command: Analog pin A14 raw value: 226 -> slider_2:22
2026-01-24 10:13:06,821 - INFO - Setting Discord.exe volume to 22%
2026-01-24 10:13:06,821 - INFO - Discord volume set to 22%
2026-01-24 10:13:06,914 - INFO - Received command: Analog pin A13 raw value: 123 -> slider_3:12
2026-01-24 10:13:06,919 - INFO - Setting system volume to 12%
2026-01-24 10:13:06,920 - INFO - System volume set to 12%
2026-01-24 10:13:07,009 - INFO - Received command: Analog pin A15 raw value: 31 -> slider_1:3
2026-01-24 10:13:07,014 - INFO - Brave Browser volume set to 3%
2026-01-24 10:13:07,115 - INFO - Received command: Analog pin A14 raw value: 204 -> slider_2:19
2026-01-24 10:13:07,121 - INFO - Setting Discord.exe volume to 19%
2026-01-24 10:13:07,122 - INFO - Discord volume set to 19%
2026-01-24 10:13:07,213 - INFO - Received command: Analog pin A13 raw value: 148 -> slider_3:14
2026-01-24 10:13:07,219 - INFO - Setting system volume to 14%
2026-01-24 10:13:07,220 - INFO - System volume set to 14%
2026-01-24 10:13:07,308 - INFO - Received command: Analog pin A14 raw value: 44 -> slider_2:4
2026-01-24 10:13:07,313 - INFO - Setting Discord.exe volume to 4%
2026-01-24 10:13:07,314 - INFO - Discord volume set to 4%
2026-01-24 10:13:07,418 - INFO - Received command: Analog pin A13 raw value: 267 -> slider_3:26
2026-01-24 10:13:07,423 - INFO - Setting system volume to 26%
2026-01-24 10:13:07,424 - INFO - System volume set to 26%
2026-01-24 10:13:07,512 - INFO - Received command: Analog pin A15 raw value: 75 -> slider_1:7
2026-01-24 10:13:07,521 - INFO - Brave Browser volume set to 7%
2026-01-24 10:13:07,611 - INFO - Received command: Analog pin A13 raw value: 102 -> slider_3:9
2026-01-24 10:13:07,614 - INFO - Setting system volume to 9%
2026-01-24 10:13:07,615 - INFO - System volume set to 9%
2026-01-24 10:13:07,709 - INFO - Received command: Analog pin A14 raw value: 83 -> slider_2:8
2026-01-24 10:13:07,715 - INFO - Setting Discord.exe volume to 8%
2026-01-24 10:13:07,716 - INFO - Discord volume set to 8%
2026-01-24 10:13:07,815 - INFO - Received command: Analog pin A13 raw value: 253 -> slider_3:24
2026-01-24 10:13:07,821 - INFO - Setting system volume to 24%
2026-01-24 10:13:07,823 - INFO - System volume set to 24%
2026-01-24 10:13:07,910 - INFO - Received command: Analog pin A15 raw value: 42 -> slider_1:4
2026-01-24 10:13:07,915 - INFO - Brave Browser volume set to 4%
2026-01-24 10:13:08,012 - INFO - Received command: Analog pin A14 raw value: 125 -> slider_2:12
2026-01-24 10:13:08,018 - INFO - Setting Discord.exe volume to 12%
2026-01-24 10:13:08,019 - INFO - Discord volume set to 12%
2026-01-24 10:13:08,115 - INFO - Received command: Analog pin A13 raw value: 192 -> slider_3:18
2026-01-24 10:13:08,121 - INFO - Setting system volume to 18%
2026-01-24 10:13:08,123 - INFO - System volume set to 18%
2026-01-24 10:13:08,208 - INFO - Received command: Analog pin A15 raw value: 30 -> slider_1:2
2026-01-24 10:13:08,216 - INFO - Brave Browser volume set to 2%
2026-01-24 10:13:08,311 - INFO - Received command: Analog pin A14 raw value: 202 -> slider_2:19
2026-01-24 10:13:08,318 - INFO - Setting Discord.exe volume to 19%
2026-01-24 10:13:08,318 - INFO - Discord volume set to 19%
2026-01-24 10:13:08,414 - INFO - Received command: Analog pin A13 raw value: 149 -> slider_3:14
2026-01-24 10:13:08,418 - INFO - Setting system volume to 14%
2026-01-24 10:13:08,419 - INFO - System volume set to 14%
2026-01-24 10:13:08,508 - INFO - Received command: Analog pin A15 raw value: 32 -> slider_1:3
2026-01-24 10:13:08,515 - INFO - Brave Browser volume set to 3%
2026-01-24 10:13:08,614 - INFO - Received command: Analog pin A14 raw value: 212 -> slider_2:20
2026-01-24 10:13:08,619 - INFO - Setting Discord.exe volume to 20%
2026-01-24 10:13:08,620 - INFO - Discord volume set to 20%
2026-01-24 10:13:08,716 - INFO - Received command: Analog pin A13 raw value: 123 -> slider_3:12
2026-01-24 10:13:08,723 - INFO - Setting system volume to 12%
2026-01-24 10:13:08,724 - INFO - System volume set to 12%
2026-01-24 10:13:08,807 - INFO - Received command: Analog pin A15 raw value: 26 -> slider_1:2
2026-01-24 10:13:08,812 - INFO - Brave Browser volume set to 2%
2026-01-24 10:13:08,913 - INFO - Received command: Analog pin A14 raw value: 218 -> slider_2:21
2026-01-24 10:13:08,919 - INFO - Setting Discord.exe volume to 21%
2026-01-24 10:13:08,919 - INFO - Discord volume set to 21%
2026-01-24 10:13:09,007 - INFO - Received command: Analog pin A14 raw value: 57 -> slider_2:5
2026-01-24 10:13:09,013 - INFO - Setting Discord.exe volume to 5%
2026-01-24 10:13:09,013 - INFO - Discord volume set to 5%
2026-01-24 10:13:09,118 - INFO - Received command: Analog pin A13 raw value: 243 -> slider_3:23
2026-01-24 10:13:09,123 - INFO - Setting system volume to 23%
2026-01-24 10:13:09,125 - INFO - System volume set to 23%
2026-01-24 10:13:09,212 - INFO - Received command: Analog pin A15 raw value: 55 -> slider_1:5
2026-01-24 10:13:09,215 - INFO - Brave Browser volume set to 5%
2026-01-24 10:13:09,306 - INFO - Received command: Analog pin A14 raw value: 73 -> slider_2:7
2026-01-24 10:13:09,310 - INFO - Setting Discord.exe volume to 7%
2026-01-24 10:13:09,310 - INFO - Discord volume set to 7%
2026-01-24 10:13:09,417 - INFO - Received command: Analog pin A13 raw value: 310 -> slider_3:30
2026-01-24 10:13:09,423 - INFO - Setting system volume to 30%
2026-01-24 10:13:09,424 - INFO - System volume set to 30%
2026-01-24 10:13:09,520 - INFO - Received command: Analog pin A15 raw value: 105 -> slider_1:10
2026-01-24 10:13:09,525 - INFO - Brave Browser volume set to 10%
2026-01-24 10:13:09,613 - INFO - Received command: Analog pin A14 raw value: 100 -> slider_2:9
2026-01-24 10:13:09,615 - INFO - Setting Discord.exe volume to 9%
2026-01-24 10:13:09,617 - INFO - Discord volume set to 9%
2026-01-24 10:13:09,715 - INFO - Received command: Analog pin A13 raw value: 111 -> slider_3:10
2026-01-24 10:13:09,720 - INFO - Setting system volume to 10%
2026-01-24 10:13:09,721 - INFO - System volume set to 10%
2026-01-24 10:25:00,232 - INFO - Received command: Action: discord
2026-01-24 10:25:06,982 - INFO - Received command: Action: F8
2026-01-24 10:25:07,086 - INFO - Pressed hotkey: F8
2026-01-24 10:25:08,043 - INFO - Received command: Action: F8
2026-01-24 10:25:08,146 - INFO - Pressed hotkey: F8
2026-01-24 10:25:09,410 - INFO - Received command: Action: ytube
2026-01-24 10:26:59,042 - INFO - Closing serial connection...
2026-01-24 10:26:59,044 - INFO - Cleanup complete
2026-02-08 12:03:12,426 - INFO - ==================================================
2026-02-08 12:03:12,427 - INFO - Cheap Deck Controller Starting
2026-02-08 12:03:12,427 - INFO - ==================================================
2026-02-08 12:03:12,427 - INFO - Connecting to COM8 at 9600 baud...
2026-02-08 12:03:12,428 - ERROR - Failed to connect to serial port: could not open port 'COM8': FileNotFoundError(2, 'The system cannot find the file specified.', None, 2)
2026-02-08 12:03:31,640 - INFO - ==================================================
2026-02-08 12:03:31,640 - INFO - Cheap Deck Controller Starting
2026-02-08 12:03:31,641 - INFO - ==================================================
2026-02-08 12:03:31,641 - INFO - Connecting to COM5 at 115200 baud...
2026-02-08 12:03:31,641 - ERROR - Failed to connect to serial port: could not open port 'COM5': PermissionError(13, 'Access is denied.', None, 5)
2026-02-08 12:03:37,962 - INFO - ==================================================
2026-02-08 12:03:37,962 - INFO - Cheap Deck Controller Starting
2026-02-08 12:03:37,962 - INFO - ==================================================
2026-02-08 12:03:37,962 - INFO - Connecting to COM5 at 115200 baud...
2026-02-08 12:03:37,964 - INFO - Serial connection established
2026-02-08 12:03:37,964 - INFO - Initializing audio control...
2026-02-08 12:03:37,968 - INFO - Audio control initialized
2026-02-08 12:03:37,968 - INFO - Starting main loop...
2026-02-08 12:03:37,979 - INFO - Received command: ets Jul 29 2019 12:21:46
2026-02-08 12:03:38,001 - INFO - Received command: rst:0x1 (POWERON_RESET),boot:0x13 (SPI_FAST_FLASH_BOOT)
2026-02-08 12:03:38,012 - INFO - Received command: configsip: 0, SPIWP:0xee
2026-02-08 12:03:38,023 - INFO - Received command: clk_drv:0x00,q_drv:0x00,d_drv:0x00,cs0_drv:0x00,hd_drv:0x00,wp_drv:0x00
2026-02-08 12:03:38,034 - INFO - Received command: mode:DIO, clock div:1
2026-02-08 12:03:38,044 - INFO - Received command: load:0x3fff0030,len:1344
2026-02-08 12:03:38,055 - INFO - Received command: load:0x40078000,len:13964
2026-02-08 12:03:38,066 - INFO - Received command: load:0x40080400,len:3600
2026-02-08 12:03:38,077 - INFO - Received command: entry 0x400805f0
2026-02-08 12:03:43,663 - INFO - Received command: slider_1:24
2026-02-08 12:03:43,663 - INFO - Applying Brave Browser volume: 24%
2026-02-08 12:03:43,669 - INFO - Setting brave.exe volume to 24%
2026-02-08 12:03:53,209 - INFO - Received command: slider_1:0
2026-02-08 12:03:53,209 - INFO - Applying Brave Browser volume: 0%
2026-02-08 12:03:53,213 - INFO - Setting brave.exe volume to 0%
2026-02-08 12:03:54,716 - INFO - Received command: slider_1:62
2026-02-08 12:03:54,716 - INFO - Applying Brave Browser volume: 62%
2026-02-08 12:03:54,720 - INFO - Setting brave.exe volume to 62%
2026-02-08 12:03:55,612 - INFO - Received command: slider_1:32
2026-02-08 12:03:55,612 - INFO - Applying Brave Browser volume: 32%
2026-02-08 12:03:55,616 - INFO - Setting brave.exe volume to 32%
2026-02-08 12:04:19,746 - INFO - Received command: slider_1:58
2026-02-08 12:04:19,747 - INFO - Applying Brave Browser volume: 58%
2026-02-08 12:04:19,750 - INFO - Setting brave.exe volume to 58%
2026-02-08 12:04:23,128 - INFO - Received command: slider_1:53
2026-02-08 12:04:23,128 - INFO - Applying Brave Browser volume: 53%
2026-02-08 12:04:23,132 - INFO - Setting brave.exe volume to 53%
2026-02-08 12:04:23,846 - INFO - Received command: slider_1:89
2026-02-08 12:04:23,846 - INFO - Applying Brave Browser volume: 89%
2026-02-08 12:04:23,850 - INFO - Setting brave.exe volume to 89%
2026-02-08 12:04:25,996 - INFO - Received command: lider_3:40
2026-02-08 12:04:26,480 - INFO - Received command: slider_3:87
2026-02-08 12:04:26,480 - INFO - Applying system volume: 87% (from slider_3)
2026-02-08 12:04:26,480 - INFO - Setting system volume to 87%
2026-02-08 12:04:38,277 - INFO - Received command: slider_3:22
2026-02-08 12:04:38,277 - INFO - Applying system volume: 22% (from slider_3)
2026-02-08 12:04:38,277 - INFO - Setting system volume to 22%
2026-02-08 12:04:40,880 - INFO - Received command: slider_3:9
2026-02-08 12:04:40,881 - INFO - Applying system volume: 9% (from slider_3)
2026-02-08 12:04:40,881 - INFO - Setting system volume to 9%
2026-02-08 12:04:41,824 - INFO - Received command: slider_3:100
2026-02-08 12:04:41,824 - INFO - Applying system volume: 100% (from slider_3)
2026-02-08 12:04:41,824 - INFO - Setting system volume to 100%
2026-02-08 12:04:42,034 - INFO - Received command: slider_3:100
2026-02-08 12:04:42,035 - INFO - Applying system volume: 100% (from slider_3)
2026-02-08 12:04:42,035 - INFO - Setting system volume to 100%
2026-02-08 12:04:49,233 - INFO - Received command: Action: PLAY
2026-02-08 12:04:49,335 - INFO - Pressed key: k
2026-02-08 12:04:49,871 - INFO - Received command: Action: PLAY
2026-02-08 12:04:49,972 - INFO - Pressed key: k
2026-02-08 12:04:50,637 - INFO - Received command: Action: system_mute
2026-02-08 12:04:50,637 - ERROR - Error handling command 'Action: system_mute': 'CheapDeck' object has no attribute '_toggle_mute'
2026-02-08 12:04:51,359 - INFO - Received command: Action: system_mute
2026-02-08 12:04:51,359 - ERROR - Error handling command 'Action: system_mute': 'CheapDeck' object has no attribute '_toggle_mute'
2026-02-08 12:04:51,579 - INFO - Received command: Action: system_mute
2026-02-08 12:04:51,579 - ERROR - Error handling command 'Action: system_mute': 'CheapDeck' object has no attribute '_toggle_mute'
2026-02-08 12:04:51,746 - INFO - Received command: Action: system_mute
2026-02-08 12:04:51,746 - ERROR - Error handling command 'Action: system_mute': 'CheapDeck' object has no attribute '_toggle_mute'
2026-02-08 12:04:52,173 - INFO - Received command: Action: system_mute
2026-02-08 12:04:52,173 - ERROR - Error handling command 'Action: system_mute': 'CheapDeck' object has no attribute '_toggle_mute'
2026-02-08 12:04:53,342 - INFO - Received command: Action: PLAY
2026-02-08 12:04:53,443 - INFO - Pressed key: k
2026-02-08 12:04:53,775 - INFO - Received command: Action: PLAY
2026-02-08 12:04:53,876 - INFO - Pressed key: k
2026-02-08 12:04:55,236 - INFO - Received command: Action: media_stop
2026-02-08 12:04:55,236 - WARNING - No configuration found for button: media_stop
2026-02-08 12:04:57,185 - INFO - Received command: Action: NEXT
2026-02-08 12:04:57,288 - INFO - Pressed key: l
2026-02-08 12:04:58,092 - INFO - Received command: Action: BACK
2026-02-08 12:04:58,194 - INFO - Pressed key: j
2026-02-08 12:04:58,643 - INFO - Received command: Action: BACK
2026-02-08 12:04:58,745 - INFO - Pressed key: j
2026-02-08 12:05:00,092 - INFO - Received command: Action: MUTE
2026-02-08 12:05:00,194 - INFO - Pressed key: f13
2026-02-08 12:05:01,874 - INFO - Received command: Action: MUTE
2026-02-08 12:05:01,975 - INFO - Pressed key: f13
2026-02-08 12:05:37,699 - INFO - Received command: Action: DEF
2026-02-08 12:05:37,804 - INFO - Pressed hotkey: ctrl+shift+alt+d
2026-02-08 12:05:38,724 - INFO - Received command: Action: DEF
2026-02-08 12:05:38,826 - INFO - Pressed hotkey: ctrl+shift+alt+d
2026-02-08 12:05:41,996 - INFO - Received command: Action: discord
2026-02-08 12:05:46,734 - INFO - Received command: Action: brave
2026-02-08 12:05:46,905 - INFO - Received command: Action: brave
2026-02-08 12:05:48,840 - INFO - Received command: Action: chimera hive
2026-02-08 12:05:48,840 - WARNING - No configuration found for button: chimera hive
2026-02-08 12:05:52,970 - INFO - Received command: Action: valo
2026-02-08 12:05:52,971 - WARNING - No configuration found for button: valo
2026-02-08 12:05:56,459 - INFO - Received command: Action: vscode
2026-02-08 12:05:56,459 - WARNING - No configuration found for button: vscode
2026-02-08 12:05:59,109 - INFO - Received command: Action: uno
2026-02-08 12:05:59,110 - WARNING - No configuration found for button: uno
2026-04-08 19:08:02,614 - INFO - ==================================================
2026-04-08 19:08:02,615 - INFO - Cheap Deck Controller Starting
2026-04-08 19:08:02,617 - INFO - ==================================================
2026-04-08 19:08:02,617 - INFO - Connecting to COM5 at 115200 baud...
2026-04-08 19:08:02,681 - INFO - Serial connection established
2026-04-08 19:08:02,682 - INFO - Initializing audio control...
2026-04-08 19:08:02,694 - INFO - Audio control initialized
2026-04-08 19:08:02,695 - INFO - Starting main loop...
2026-04-08 19:08:02,696 - INFO - Received command: ets Jul 29 2019 12:21:46
2026-04-08 19:08:02,718 - INFO - Received command: rst:0x1 (POWERON_RESET),boot:0x13 (SPI_FAST_FLASH_BOOT)
2026-04-08 19:08:02,730 - INFO - Received command: configsip: 0, SPIWP:0xee
2026-04-08 19:08:02,741 - INFO - Received command: clk_drv:0x00,q_drv:0x00,d_drv:0x00,cs0_drv:0x00,hd_drv:0x00,wp_drv:0x00
2026-04-08 19:08:02,754 - INFO - Received command: mode:DIO, clock div:1
2026-04-08 19:08:02,765 - INFO - Received command: load:0x3fff0030,len:1344
2026-04-08 19:08:02,777 - INFO - Received command: load:0x40078000,len:13964
2026-04-08 19:08:02,789 - INFO - Received command: load:0x40080400,len:3600
2026-04-08 19:08:02,801 - INFO - Received command: entry 0x400805f0
2026-04-08 19:08:17,742 - INFO - Received command: Action: DEF
2026-04-08 19:08:17,855 - INFO - Pressed hotkey: ctrl+shift+alt+d
2026-04-08 19:08:17,903 - INFO - Received command: Action: DEF
2026-04-08 19:08:18,011 - INFO - Pressed hotkey: ctrl+shift+alt+d
2026-04-08 19:08:20,149 - INFO - Received command: Action: DEF
2026-04-08 19:08:20,256 - INFO - Pressed hotkey: ctrl+shift+alt+d
2026-04-08 19:08:21,629 - INFO - Received command: Action: DEF
2026-04-08 19:08:21,738 - INFO - Pressed hotkey: ctrl+shift+alt+d
2026-04-08 19:08:29,754 - INFO - Received command: Action: brave
2026-04-08 19:08:32,477 - INFO - Received command: Action: gpt
2026-04-08 19:08:35,963 - INFO - Received command: Action: ytube
2026-04-08 19:08:54,425 - INFO - Received command: ction: discord
2026-04-08 19:08:56,217 - INFO - Received command: Action: discord
2026-04-08 19:08:57,161 - INFO - Received command: Action: discord
2026-04-08 19:09:03,243 - INFO - Received command: Action: MUTE
2026-04-08 19:09:03,347 - INFO - Pressed key: f13
2026-04-08 19:09:04,699 - INFO - Received command: Action: MUTE
2026-04-08 19:09:04,802 - INFO - Pressed key: f13
2026-04-08 19:09:14,773 - INFO - Received command: slider_3:45
2026-04-08 19:09:14,774 - INFO - Applying system volume: 45% (from slider_3)
2026-04-08 19:09:14,774 - INFO - Setting system volume to 45%
2026-04-08 19:09:17,339 - INFO - Received command: slider_2:68
2026-04-08 19:09:17,340 - INFO - Applying Discord volume: 68%
2026-04-08 19:09:17,390 - INFO - Setting Discord.exe volume to 68%
2026-04-08 19:09:17,393 - INFO - Setting Discord.exe volume to 68%
2026-04-08 19:09:21,370 - INFO - Received command: slider_1:40
2026-04-08 19:09:21,371 - INFO - Applying Brave Browser volume: 40%
2026-04-08 19:09:22,661 - INFO - Received command: slider_3:0
2026-04-08 19:09:22,661 - INFO - Applying system volume: 0% (from slider_3)
2026-04-08 19:09:22,662 - INFO - Setting system volume to 0%
2026-04-08 19:09:23,791 - INFO - Received command: slider_3:54
2026-04-08 19:09:23,792 - INFO - Applying system volume: 54% (from slider_3)
2026-04-08 19:09:23,792 - INFO - Setting system volume to 54%
2026-04-08 19:09:24,641 - INFO - Received command: slider_2:100
2026-04-08 19:09:24,642 - INFO - Applying Discord volume: 100%
2026-04-08 19:09:24,657 - INFO - Setting Discord.exe volume to 100%
2026-04-08 19:09:24,660 - INFO - Setting Discord.exe volume to 100%
2026-04-08 19:09:25,064 - INFO - Received command: slider_2:100
2026-04-08 19:09:25,064 - INFO - Applying Discord volume: 100%
2026-04-08 19:09:25,079 - INFO - Setting Discord.exe volume to 100%
2026-04-08 19:09:25,081 - INFO - Setting Discord.exe volume to 100%
2026-04-08 19:09:25,264 - INFO - Received command: slider_2:100
2026-04-08 19:09:25,265 - INFO - Applying Discord volume: 100%
2026-04-08 19:09:25,275 - INFO - Setting Discord.exe volume to 100%
2026-04-08 19:09:25,278 - INFO - Setting Discord.exe volume to 100%
2026-04-08 19:09:28,038 - INFO - Received command: slider_3:95
2026-04-08 19:09:28,040 - INFO - Applying system volume: 95% (from slider_3)
2026-04-08 19:09:28,040 - INFO - Setting system volume to 95%
2026-04-08 19:09:28,550 - INFO - Received command: slider_3:100
2026-04-08 19:09:28,550 - INFO - Applying system volume: 100% (from slider_3)
2026-04-08 19:09:28,550 - INFO - Setting system volume to 100%
2026-04-08 19:09:32,852 - INFO - Received command: slider_3:48
2026-04-08 19:09:32,853 - INFO - Applying system volume: 48% (from slider_3)
2026-04-08 19:09:32,853 - INFO - Setting system volume to 48%
2026-04-08 19:09:34,170 - INFO - Received command: slider_3:100
2026-04-08 19:09:34,171 - INFO - Applying system volume: 100% (from slider_3)
2026-04-08 19:09:34,171 - INFO - Setting system volume to 100%
2026-04-08 19:09:35,953 - INFO - Received command: slider_3:75
2026-04-08 19:09:35,953 - INFO - Applying system volume: 75% (from slider_3)
2026-04-08 19:09:35,954 - INFO - Setting system volume to 75%
2026-04-08 19:09:37,084 - INFO - Received command: slider_3:100
2026-04-08 19:09:37,085 - INFO - Applying system volume: 100% (from slider_3)
2026-04-08 19:09:37,085 - INFO - Setting system volume to 100%
2026-04-08 19:09:47,739 - INFO - Received command: Action: ytube
2026-04-08 19:10:25,353 - INFO - Received command: slider_1:15
2026-04-08 19:10:25,354 - INFO - Applying Brave Browser volume: 15%
2026-04-08 19:10:25,372 - INFO - Setting brave.exe volume to 15%
2026-04-08 19:10:26,451 - INFO - Received command: slider_1:80
2026-04-08 19:10:26,452 - INFO - Applying Brave Browser volume: 80%
2026-04-08 19:10:26,470 - INFO - Setting brave.exe volume to 80%
2026-04-08 19:10:27,066 - INFO - Received command: slider_1:27
2026-04-08 19:10:27,067 - INFO - Applying Brave Browser volume: 27%
2026-04-08 19:10:27,087 - INFO - Setting brave.exe volume to 27%
2026-04-08 19:10:29,379 - INFO - Received command: slider_1:100
2026-04-08 19:10:29,380 - INFO - Applying Brave Browser volume: 100%
2026-04-08 19:10:29,399 - INFO - Setting brave.exe volume to 100%
2026-04-08 19:10:29,583 - INFO - Received command: slider_1:100
2026-04-08 19:10:29,585 - INFO - Applying Brave Browser volume: 100%
2026-04-08 19:10:29,601 - INFO - Setting brave.exe volume to 100%
2026-04-08 19:10:32,534 - INFO - Received command: slider_4:50
2026-04-08 19:10:32,535 - INFO - Applying system volume: 50% (from slider_4)
2026-04-08 19:10:32,536 - INFO - Setting system volume to 50%
2026-04-08 19:10:32,923 - INFO - Received command: slider_4:41
2026-04-08 19:10:32,924 - INFO - Applying system volume: 41% (from slider_4)
2026-04-08 19:10:32,924 - INFO - Setting system volume to 41%
2026-04-08 19:10:35,879 - INFO - Received command: slider_4:15
2026-04-08 19:10:35,880 - INFO - Applying system volume: 15% (from slider_4)
2026-04-08 19:10:35,880 - INFO - Setting system volume to 15%
2026-04-08 19:10:43,265 - INFO - Received command: slider_4:82
2026-04-08 19:10:43,266 - INFO - Applying system volume: 82% (from slider_4)
2026-04-08 19:10:43,267 - INFO - Setting system volume to 82%
2026-04-08 19:10:43,716 - INFO - Received command: slider_4:86
2026-04-08 19:10:43,717 - INFO - Applying system volume: 86% (from slider_4)
2026-04-08 19:10:43,717 - INFO - Setting system volume to 86%
2026-04-08 19:11:00,333 - INFO - Received command: Action: PLAY
2026-04-08 19:11:00,437 - INFO - Pressed key: k
2026-04-08 19:11:01,270 - INFO - Received command: Action: system_mute
2026-04-08 19:11:01,271 - ERROR - Error handling command 'Action: system_mute': 'CheapDeck' object has no attribute '_toggle_mute'
2026-04-08 19:11:01,945 - INFO - Received command: Action: system_mute
2026-04-08 19:11:01,946 - ERROR - Error handling command 'Action: system_mute': 'CheapDeck' object has no attribute '_toggle_mute'
2026-04-08 19:11:04,333 - INFO - Received command: Action: system_mute
2026-04-08 19:11:04,334 - ERROR - Error handling command 'Action: system_mute': 'CheapDeck' object has no attribute '_toggle_mute'
2026-04-08 19:11:04,495 - INFO - Received command: Action: system_mute
2026-04-08 19:11:04,497 - ERROR - Error handling command 'Action: system_mute': 'CheapDeck' object has no attribute '_toggle_mute'
2026-04-08 19:11:05,533 - INFO - Received command: Action: PLAY
2026-04-08 19:11:05,637 - INFO - Pressed key: k
2026-04-08 19:11:06,725 - INFO - Received command: Action: PLAY
2026-04-08 19:11:06,831 - INFO - Pressed key: k
2026-04-08 19:11:06,893 - INFO - Received command: Action: PLAY
2026-04-08 19:11:07,006 - INFO - Pressed key: k
2026-04-08 19:11:07,401 - INFO - Received command: Action: media_stop
2026-04-08 19:11:07,401 - WARNING - No configuration found for button: media_stop
2026-04-08 19:11:08,327 - INFO - Received command: Action: NEXT
2026-04-08 19:11:08,431 - INFO - Pressed key: l
2026-04-08 19:11:08,486 - INFO - Received command: Action: NEXT
2026-04-08 19:11:08,589 - INFO - Pressed key: l
2026-04-08 19:11:09,649 - INFO - Received command: Action: BACK
2026-04-08 19:11:09,752 - INFO - Pressed key: j
2026-04-08 19:11:19,920 - INFO - Received command: Action: F8
2026-04-08 19:11:20,023 - INFO - Pressed hotkey: F8
2026-04-08 19:11:20,597 - INFO - Received command: Action: F8
2026-04-08 19:11:20,700 - INFO - Pressed hotkey: F8
2026-04-08 19:11:20,945 - INFO - Received command: Action: F8
2026-04-08 19:11:21,049 - INFO - Pressed hotkey: F8
2026-04-08 19:11:21,337 - INFO - Received command: Action: F8
2026-04-08 19:11:21,439 - INFO - Pressed hotkey: F8
2026-04-08 19:11:21,654 - INFO - Received command: Action: F8
2026-04-08 19:11:21,757 - INFO - Pressed hotkey: F8
2026-04-08 19:11:21,990 - INFO - Received command: Action: F8
2026-04-08 19:11:22,093 - INFO - Pressed hotkey: F8
2026-04-08 19:11:22,273 - INFO - Received command: Action: F8
2026-04-08 19:11:22,376 - INFO - Pressed hotkey: F8
2026-04-08 19:11:22,598 - INFO - Received command: Action: F8
2026-04-08 19:11:22,701 - INFO - Pressed hotkey: F8
2026-04-08 19:11:22,808 - INFO - Received command: Action: F8
2026-04-08 19:11:22,911 - INFO - Pressed hotkey: F8
2026-04-08 19:11:23,292 - INFO - Received command: Action: F8
2026-04-08 19:11:23,396 - INFO - Pressed hotkey: F8
2026-04-08 19:11:23,491 - INFO - Received command: Action: F8
2026-04-08 19:11:23,594 - INFO - Pressed hotkey: F8
2026-04-08 19:11:23,732 - INFO - Received command: Action: F8
2026-04-08 19:11:23,835 - INFO - Pressed hotkey: F8
2026-04-08 19:11:23,953 - INFO - Received command: Action: F8
2026-04-08 19:11:24,057 - INFO - Pressed hotkey: F8
2026-04-08 19:11:24,183 - INFO - Received command: Action: F8
2026-04-08 19:11:24,286 - INFO - Pressed hotkey: F8
2026-04-08 19:11:24,392 - INFO - Received command: Action: F8
2026-04-08 19:11:24,495 - INFO - Pressed hotkey: F8
2026-04-08 19:11:24,613 - INFO - Received command: Action: F8
2026-04-08 19:11:24,717 - INFO - Pressed hotkey: F8
2026-04-08 19:11:24,814 - INFO - Received command: Action: F8
2026-04-08 19:11:24,917 - INFO - Pressed hotkey: F8
2026-04-08 19:11:25,045 - INFO - Received command: Action: F8
2026-04-08 19:11:25,148 - INFO - Pressed hotkey: F8
2026-04-08 19:11:25,256 - INFO - Received command: Action: F8
2026-04-08 19:11:25,359 - INFO - Pressed hotkey: F8
2026-04-08 19:11:25,710 - INFO - Received command: Action: F8
2026-04-08 19:11:25,813 - INFO - Pressed hotkey: F8
2026-04-08 19:11:25,930 - INFO - Received command: Action: F8
2026-04-08 19:11:26,033 - INFO - Pressed hotkey: F8
2026-04-08 19:11:26,170 - INFO - Received command: Action: F8
2026-04-08 19:11:26,273 - INFO - Pressed hotkey: F8
2026-04-08 19:11:26,411 - INFO - Received command: Action: F8
2026-04-08 19:11:26,515 - INFO - Pressed hotkey: F8
2026-04-08 19:11:26,633 - INFO - Received command: Action: F8
2026-04-08 19:11:26,735 - INFO - Pressed hotkey: F8
2026-04-08 19:11:26,863 - INFO - Received command: Action: F8
2026-04-08 19:11:26,967 - INFO - Pressed hotkey: F8
2026-04-08 19:11:27,084 - INFO - Received command: Action: F8
2026-04-08 19:11:27,187 - INFO - Pressed hotkey: F8
2026-04-08 19:11:27,303 - INFO - Received command: Action: F8
2026-04-08 19:11:27,406 - INFO - Pressed hotkey: F8
2026-04-08 19:11:27,492 - INFO - Received command: Action: F8
2026-04-08 19:11:27,595 - INFO - Pressed hotkey: F8
2026-04-08 19:11:27,713 - INFO - Received command: Action: F8
2026-04-08 19:11:27,817 - INFO - Pressed hotkey: F8
2026-04-08 19:11:27,901 - INFO - Received command: Action: F8
2026-04-08 19:11:28,005 - INFO - Pressed hotkey: F8
2026-04-08 19:11:28,110 - INFO - Received command: Action: F8
2026-04-08 19:11:28,215 - INFO - Pressed hotkey: F8
2026-04-08 19:11:28,310 - INFO - Received command: Action: F8
2026-04-08 19:11:28,414 - INFO - Pressed hotkey: F8
2026-04-08 19:11:28,499 - INFO - Received command: Action: F8
2026-04-08 19:11:28,602 - INFO - Pressed hotkey: F8
2026-04-08 19:11:28,709 - INFO - Received command: Action: F8
2026-04-08 19:11:28,812 - INFO - Pressed hotkey: F8
2026-04-08 19:11:28,993 - INFO - Received command: Action: F8
2026-04-08 19:11:29,097 - INFO - Pressed hotkey: F8
2026-04-08 19:11:29,460 - INFO - Received command: Action: F8
2026-04-08 19:11:29,564 - INFO - Pressed hotkey: F8
2026-04-08 19:11:47,839 - INFO - Closing serial connection...
2026-04-08 19:11:47,844 - INFO - Cleanup complete
2026-04-14 12:33:12,052 - INFO - ==================================================
2026-04-14 12:33:12,053 - INFO - Cheap Deck Controller Starting
2026-04-14 12:33:12,053 - INFO - ==================================================
2026-04-14 12:33:12,054 - INFO - Connecting to COM5 at 115200 baud...
2026-04-14 12:33:12,155 - INFO - Serial connection established
2026-04-14 12:33:12,155 - INFO - Initializing audio control...
2026-04-14 12:33:12,167 - INFO - Audio control initialized
2026-04-14 12:33:12,167 - INFO - Starting main loop...
2026-04-14 12:33:12,168 - INFO - Received command: ets Jul 29 2019 12:21:46
2026-04-14 12:33:12,191 - INFO - Received command: rst:0x1 (POWERON_RESET),boot:0x13 (SPI_FAST_FLASH_BOOT)
2026-04-14 12:33:12,202 - INFO - Received command: configsip: 0, SPIWP:0xee
2026-04-14 12:33:12,215 - INFO - Received command: clk_drv:0x00,q_drv:0x00,d_drv:0x00,cs0_drv:0x00,hd_drv:0x00,wp_drv:0x00
2026-04-14 12:33:12,226 - INFO - Received command: mode:DIO, clock div:1
2026-04-14 12:33:12,238 - INFO - Received command: load:0x3fff0030,len:1344
2026-04-14 12:33:12,251 - INFO - Received command: load:0x40078000,len:13964
2026-04-14 12:33:12,262 - INFO - Received command: load:0x40080400,len:3600
2026-04-14 12:33:12,273 - INFO - Received command: entry 0x400805f0
2026-04-14 12:33:14,653 - INFO - Received command: Action: PLAY
2026-04-14 12:33:14,757 - INFO - Pressed key: k
2026-04-14 12:33:34,481 - INFO - Received command: Action: system_mute
2026-04-14 12:33:34,481 - ERROR - Error handling command 'Action: system_mute': 'CheapDeck' object has no attribute '_toggle_mute'
2026-04-14 12:33:35,316 - INFO - Received command: Action: PLAY
2026-04-14 12:33:35,419 - INFO - Pressed key: k
2026-04-14 12:33:37,325 - INFO - Received command: Action: PLAY
2026-04-14 12:33:37,429 - INFO - Pressed key: k
2026-04-14 12:33:48,035 - INFO - Received command: slider_1:54
2026-04-14 12:33:48,036 - INFO - Applying Brave Browser volume: 54%
2026-04-14 12:33:48,059 - INFO - Setting brave.exe volume to 54%
2026-04-14 12:33:50,946 - INFO - Received command: slider_1:65
2026-04-14 12:33:50,947 - INFO - Applying Brave Browser volume: 65%
2026-04-14 12:33:50,961 - INFO - Setting brave.exe volume to 65%
2026-04-14 12:33:52,330 - INFO - Received command: slider_1:20
2026-04-14 12:33:52,330 - INFO - Applying Brave Browser volume: 20%
2026-04-14 12:33:52,346 - INFO - Setting brave.exe volume to 20%
2026-04-14 12:34:28,896 - INFO - Received command: slider_1:94
2026-04-14 12:34:28,896 - INFO - Applying Brave Browser volume: 94%
2026-04-14 12:34:28,909 - INFO - Setting brave.exe volume to 94%
2026-04-14 12:34:29,107 - INFO - Received command: slider_1:94
2026-04-14 12:34:29,108 - INFO - Applying Brave Browser volume: 94%
2026-04-14 12:34:29,123 - INFO - Setting brave.exe volume to 94%
2026-04-14 12:34:29,896 - INFO - Received command: slider_1:100
2026-04-14 12:34:29,900 - INFO - Applying Brave Browser volume: 100%
2026-04-14 12:34:29,911 - INFO - Setting brave.exe volume to 100%
2026-04-14 12:34:30,293 - INFO - Received command: slider_1:99
2026-04-14 12:34:30,294 - INFO - Applying Brave Browser volume: 99%
2026-04-14 12:34:30,308 - INFO - Setting brave.exe volume to 99%
2026-04-14 12:58:39,723 - INFO - Received command: slider_4:47
2026-04-14 12:58:39,726 - INFO - Applying system volume: 47% (from slider_4)
2026-04-14 12:58:39,726 - INFO - Setting system volume to 47%
2026-04-14 12:58:43,015 - INFO - Received command: slider_4:100
2026-04-14 12:58:43,016 - INFO - Applying system volume: 100% (from slider_4)
2026-04-14 12:58:43,017 - INFO - Setting system volume to 100%
2026-04-14 12:59:10,045 - INFO - Received command: Action: DEF
2026-04-14 12:59:10,162 - INFO - Pressed hotkey: ctrl+shift+alt+d
2026-04-14 12:59:10,806 - INFO - Received command: Action: DEF
2026-04-14 12:59:10,915 - INFO - Pressed hotkey: ctrl+shift+alt+d
2026-04-14 13:03:06,424 - INFO - Received command: Action: obs_start
2026-04-14 13:03:06,534 - INFO - Pressed hotkey: ctrl+shift+alt+s+t+a
2026-04-14 13:03:08,387 - INFO - Received command: Action: obs_start
2026-04-14 13:03:08,500 - INFO - Pressed hotkey: ctrl+shift+alt+s+t+a
2026-04-14 13:39:04,432 - INFO - Received command: Action: NEXT
2026-04-14 13:39:04,535 - INFO - Pressed key: l
2026-04-14 13:39:05,185 - INFO - Received command: Action: media_stop
2026-04-14 13:39:05,185 - WARNING - No configuration found for button: media_stop
2026-04-14 13:39:05,344 - INFO - Received command: Action: media_stop
2026-04-14 13:39:05,344 - WARNING - No configuration found for button: media_stop
2026-04-14 13:39:05,519 - INFO - Received command: Action: media_stop
2026-04-14 13:39:05,521 - WARNING - No configuration found for button: media_stop
2026-04-14 14:37:59,837 - INFO - Received command: Action: DEF
2026-04-14 14:37:59,947 - INFO - Pressed hotkey: ctrl+shift+alt+d
2026-04-14 14:37:59,999 - INFO - Received command: Action: DEF
2026-04-14 14:38:00,102 - INFO - Pressed hotkey: ctrl+shift+alt+d
2026-04-14 14:38:00,925 - INFO - Received command: Action: DEF
2026-04-14 14:38:01,029 - INFO - Pressed hotkey: ctrl+shift+alt+d
2026-04-14 14:38:01,092 - INFO - Received command: Action: DEF
2026-04-14 14:38:01,195 - INFO - Pressed hotkey: ctrl+shift+alt+d
2026-04-14 14:38:01,936 - INFO - Received command: Action: DEF
2026-04-14 14:38:02,040 - INFO - Pressed hotkey: ctrl+shift+alt+d
2026-04-14 14:38:03,046 - INFO - Received command: Action: DEF
2026-04-14 14:38:03,157 - INFO - Pressed hotkey: ctrl+shift+alt+d
2026-04-14 14:38:04,663 - INFO - Received command: Action: DEF
2026-04-14 14:38:04,770 - INFO - Pressed hotkey: ctrl+shift+alt+d
2026-04-14 14:38:04,833 - INFO - Received command: Action: DEF
2026-04-14 14:38:04,935 - INFO - Pressed hotkey: ctrl+shift+alt+d
2026-04-14 14:38:05,830 - INFO - Received command: Action: DEF
2026-04-14 14:38:05,936 - INFO - Pressed hotkey: ctrl+shift+alt+d
2026-04-14 14:38:06,668 - INFO - Received command: Action: DEF
2026-04-14 14:38:06,774 - INFO - Pressed hotkey: ctrl+shift+alt+d
2026-04-14 14:38:07,745 - INFO - Received command: Action: DEF
2026-04-14 14:38:07,855 - INFO - Pressed hotkey: ctrl+shift+alt+d
2026-04-14 14:38:10,338 - INFO - Received command: Action: DEF
2026-04-14 14:38:10,442 - INFO - Pressed hotkey: ctrl+shift+alt+d
2026-04-14 14:38:24,662 - INFO - Received command: slider_1:49
2026-04-14 14:38:24,663 - INFO - Applying Brave Browser volume: 49%
2026-04-14 14:38:28,086 - INFO - Received command: slider_2:41
2026-04-14 14:38:28,086 - INFO - Applying Discord volume: 41%
2026-04-14 14:38:28,102 - INFO - Setting Discord.exe volume to 41%
2026-04-14 14:38:28,103 - INFO - Setting Discord.exe volume to 41%
2026-04-14 14:38:28,284 - INFO - Received command: slider_2:40
2026-04-14 14:38:28,285 - INFO - Applying Discord volume: 40%
2026-04-14 14:38:28,301 - INFO - Setting Discord.exe volume to 40%
2026-04-14 14:38:28,302 - INFO - Setting Discord.exe volume to 40%
2026-04-14 14:38:34,057 - INFO - Received command: slider_3:26
2026-04-14 14:38:34,057 - INFO - Applying system volume: 26% (from slider_3)
2026-04-14 14:38:34,058 - INFO - Setting system volume to 26%
2026-04-14 14:38:42,430 - INFO - Received command: slider_1:91
2026-04-14 14:38:42,430 - INFO - Applying Brave Browser volume: 91%
2026-04-14 14:38:42,814 - INFO - Received command: slider_1:97
2026-04-14 14:38:42,814 - INFO - Applying Brave Browser volume: 97%
2026-04-14 14:38:43,104 - INFO - Received command: slider_1:100
2026-04-14 14:38:43,105 - INFO - Applying Brave Browser volume: 100%
2026-04-14 14:38:45,572 - INFO - Received command: slider_3:100
2026-04-14 14:38:45,572 - INFO - Applying system volume: 100% (from slider_3)
2026-04-14 14:38:45,573 - INFO - Setting system volume to 100%
2026-04-14 14:38:45,799 - INFO - Received command: slider_3:100
2026-04-14 14:38:45,801 - INFO - Applying system volume: 100% (from slider_3)
2026-04-14 14:38:45,801 - INFO - Setting system volume to 100%
2026-04-14 14:38:46,012 - INFO - Received command: slider_3:100
2026-04-14 14:38:46,013 - INFO - Applying system volume: 100% (from slider_3)
2026-04-14 14:38:46,013 - INFO - Setting system volume to 100%
2026-04-14 14:39:24,425 - INFO - Received command: slider_2:82
2026-04-14 14:39:24,426 - INFO - Applying Discord volume: 82%
2026-04-14 14:39:24,438 - INFO - Setting Discord.exe volume to 82%
2026-04-14 14:39:24,439 - INFO - Setting Discord.exe volume to 82%
2026-04-14 14:39:24,744 - INFO - Received command: slider_2:100
2026-04-14 14:39:24,747 - INFO - Applying Discord volume: 100%
2026-04-14 14:39:24,771 - INFO - Setting Discord.exe volume to 100%
2026-04-14 14:39:24,774 - INFO - Setting Discord.exe volume to 100%
2026-04-14 14:39:25,144 - INFO - Received command: slider_2:90
2026-04-14 14:39:25,144 - INFO - Applying Discord volume: 90%
2026-04-14 14:39:25,166 - INFO - Setting Discord.exe volume to 90%
2026-04-14 14:39:25,169 - INFO - Setting Discord.exe volume to 90%
2026-04-14 14:39:25,848 - INFO - Received command: slider_2:100
2026-04-14 14:39:25,849 - INFO - Applying Discord volume: 100%
2026-04-14 14:39:25,863 - INFO - Setting Discord.exe volume to 100%
2026-04-14 14:39:25,864 - INFO - Setting Discord.exe volume to 100%
2026-04-14 14:49:54,449 - INFO - Received command: Action: PLAY
2026-04-14 14:49:54,552 - INFO - Pressed key: k
2026-04-14 14:49:55,430 - INFO - Received command: Action: PLAY
2026-04-14 14:49:55,533 - INFO - Pressed key: k
2026-04-15 22:45:55,310 - INFO - ==================================================
2026-04-15 22:45:55,314 - INFO - Cheap Deck Controller Starting
2026-04-15 22:45:55,314 - INFO - ==================================================
2026-04-15 22:45:55,314 - INFO - Connecting to COM5 at 115200 baud...
2026-04-15 22:45:55,350 - INFO - Serial connection established
2026-04-15 22:45:55,350 - INFO - Initializing audio control...
2026-04-15 22:45:55,360 - INFO - Audio control initialized
2026-04-15 22:45:55,360 - INFO - Starting main loop...
2026-04-15 22:45:55,361 - INFO - Received command: ets Jul 29 2019 12:21:46
2026-04-15 22:45:55,383 - INFO - Received command: rst:0x1 (POWERON_RESET),boot:0x13 (SPI_FAST_FLASH_BOOT)
2026-04-15 22:45:55,393 - INFO - Received command: configsip: 0, SPIWP:0xee
2026-04-15 22:45:55,406 - INFO - Received command: clk_drv:0x00,q_drv:0x00,d_drv:0x00,cs0_drv:0x00,hd_drv:0x00,wp_drv:0x00
2026-04-15 22:45:55,417 - INFO - Received command: mode:DIO, clock div:1
2026-04-15 22:45:55,429 - INFO - Received command: load:0x3fff0030,len:1344
2026-04-15 22:45:55,439 - INFO - Received command: load:0x40078000,len:13964
2026-04-15 22:45:55,451 - INFO - Received command: load:0x40080400,len:3600
2026-04-15 22:45:55,462 - INFO - Received command: entry 0x400805f0
2026-04-15 22:45:58,757 - INFO - Received command: Action: PLAY
2026-04-15 22:45:58,859 - INFO - Pressed key: k
2026-04-15 22:45:58,924 - INFO - Received command: Action: PLAY
2026-04-15 22:45:59,026 - INFO - Pressed key: k
2026-04-15 22:45:59,213 - INFO - Received command: Action: PLAY
2026-04-15 22:45:59,315 - INFO - Pressed key: k
2026-04-15 22:46:02,272 - INFO - Received command: Action: PLAY
2026-04-15 22:46:02,373 - INFO - Pressed key: k
2026-04-15 22:46:03,529 - INFO - Received command: Action: PLAY
2026-04-15 22:46:03,630 - INFO - Pressed key: k
2026-04-15 22:46:07,055 - INFO - Received command: slider_1:53
2026-04-15 22:46:07,055 - INFO - Applying Brave Browser volume: 53%
2026-04-15 22:46:07,066 - INFO - Setting brave.exe volume to 53%
2026-04-15 22:46:07,707 - INFO - Received command: slider_1:13
2026-04-15 22:46:07,707 - INFO - Applying Brave Browser volume: 13%
2026-04-15 22:46:07,715 - INFO - Setting brave.exe volume to 13%
2026-04-15 22:46:09,202 - INFO - Received command: slider_1:87
2026-04-15 22:46:09,202 - INFO - Applying Brave Browser volume: 87%
2026-04-15 22:46:09,215 - INFO - Setting brave.exe volume to 87%
2026-04-15 22:46:10,270 - INFO - Received command: slider_1:100
2026-04-15 22:46:10,270 - INFO - Applying Brave Browser volume: 100%
2026-04-15 22:46:10,275 - INFO - Setting brave.exe volume to 100%
2026-04-15 22:46:15,121 - INFO - Received command: Action: DEF
2026-04-15 22:46:15,230 - INFO - Pressed hotkey: ctrl+shift+alt+d
2026-04-15 22:46:15,937 - INFO - Received command: Action: DEF
2026-04-15 22:46:16,039 - INFO - Pressed hotkey: ctrl+shift+alt+d
2026-04-15 22:46:18,766 - INFO - Received command: Action: brave
2026-04-15 22:46:35,406 - INFO - ==================================================
2026-04-15 22:46:35,406 - INFO - Cheap Deck Controller Starting
2026-04-15 22:46:35,406 - INFO - ==================================================
2026-04-15 22:46:35,406 - INFO - Connecting to COM5 at 115200 baud...
2026-04-15 22:46:35,408 - INFO - Serial connection established
2026-04-15 22:46:35,408 - INFO - Initializing audio control...
2026-04-15 22:46:35,415 - INFO - Audio control initialized
2026-04-15 22:46:35,416 - INFO - Starting main loop...
2026-04-15 22:46:35,416 - INFO - Received command: ets Jul 29 2019 12:21:46
2026-04-15 22:46:35,437 - INFO - Received command: rst:0x1 (POWERON_RESET),boot:0x13 (SPI_FAST_FLASH_BOOT)
2026-04-15 22:46:35,448 - INFO - Received command: configsip: 0, SPIWP:0xee
2026-04-15 22:46:35,459 - INFO - Received command: clk_drv:0x00,q_drv:0x00,d_drv:0x00,cs0_drv:0x00,hd_drv:0x00,wp_drv:0x00
2026-04-15 22:46:35,470 - INFO - Received command: mode:DIO, clock div:1
2026-04-15 22:46:35,481 - INFO - Received command: load:0x3fff0030,len:1344
2026-04-15 22:46:35,492 - INFO - Received command: load:0x40078000,len:13964
2026-04-15 22:46:35,503 - INFO - Received command: load:0x40080400,len:3600
2026-04-15 22:46:35,514 - INFO - Received command: entry 0x400805f0
2026-04-15 22:46:40,730 - INFO - ==================================================
2026-04-15 22:46:40,730 - INFO - Cheap Deck Controller Starting
2026-04-15 22:46:40,730 - INFO - ==================================================
2026-04-15 22:46:40,730 - INFO - Connecting to COM5 at 115200 baud...
2026-04-15 22:46:40,730 - ERROR - Failed to connect to serial port: could not open port 'COM5': PermissionError(13, 'Access is denied.', None, 5)
2026-04-15 22:46:43,254 - INFO - Received command: Action: DEF
2026-04-15 22:46:43,357 - INFO - Pressed hotkey: ctrl+shift+alt+d
2026-04-15 22:46:44,138 - INFO - Received command: Action: DEF
2026-04-15 22:46:44,243 - INFO - Pressed hotkey: ctrl+shift+alt+d
2026-04-15 22:46:45,004 - INFO - Received command: Action: DEF
2026-04-15 22:46:45,108 - INFO - Pressed hotkey: ctrl+shift+alt+d
2026-04-15 22:46:45,694 - INFO - Received command: Action: DEF
2026-04-15 22:46:45,798 - INFO - Pressed hotkey: ctrl+shift+alt+d
2026-04-15 22:46:47,273 - INFO - Received command: Action: DEF
2026-04-15 22:46:47,376 - INFO - Pressed hotkey: ctrl+shift+alt+d
2026-04-15 22:46:48,112 - INFO - Received command: Action: DEF
2026-04-15 22:46:48,217 - INFO - Pressed hotkey: ctrl+shift+alt+d
2026-04-15 22:46:48,509 - INFO - Received command: Action: DEF
2026-04-15 22:46:48,613 - INFO - Pressed hotkey: ctrl+shift+alt+d
2026-04-15 22:46:49,156 - INFO - Received command: Action: DEF
2026-04-15 22:46:49,260 - INFO - Pressed hotkey: ctrl+shift+alt+d
2026-04-15 22:46:49,344 - INFO - Received command: Action: DEF
2026-04-15 22:46:49,451 - INFO - Pressed hotkey: ctrl+shift+alt+d
2026-04-15 22:46:49,628 - INFO - Received command: Action: DEF
2026-04-15 22:46:49,732 - INFO - Pressed hotkey: ctrl+shift+alt+d
2026-04-15 22:46:49,836 - INFO - Received command: Action: DEF
2026-04-15 22:46:49,939 - INFO - Pressed hotkey: ctrl+shift+alt+d
2026-04-15 22:46:50,773 - INFO - Received command: Action: DEF
2026-04-15 22:46:50,875 - INFO - Pressed hotkey: ctrl+shift+alt+d
2026-04-15 22:50:49,468 - INFO - Shutting down...
2026-04-15 22:50:49,468 - INFO - Closing serial connection...
2026-04-15 22:50:49,470 - INFO - Cleanup complete
2026-04-15 22:51:07,224 - INFO - ==================================================
2026-04-15 22:51:07,224 - INFO - Cheap Deck Controller Starting
2026-04-15 22:51:07,224 - INFO - ==================================================
2026-04-15 22:51:07,224 - INFO - Connecting to COM5 at 115200 baud...
2026-04-15 22:51:07,258 - INFO - Serial connection established
2026-04-15 22:51:07,258 - INFO - Initializing audio control...
2026-04-15 22:51:07,264 - INFO - Audio control initialized
2026-04-15 22:51:07,264 - INFO - Starting main loop...
2026-04-15 22:51:07,276 - INFO - Received command: ets Jul 29 2019 12:21:46
2026-04-15 22:51:07,297 - INFO - Received command: rst:0x1 (POWERON_RESET),boot:0x13 (SPI_FAST_FLASH_BOOT)
2026-04-15 22:51:07,309 - INFO - Received command: configsip: 0, SPIWP:0xee
2026-04-15 22:51:07,320 - INFO - Received command: clk_drv:0x00,q_drv:0x00,d_drv:0x00,cs0_drv:0x00,hd_drv:0x00,wp_drv:0x00
2026-04-15 22:51:07,332 - INFO - Received command: mode:DIO, clock div:1
2026-04-15 22:51:07,344 - INFO - Received command: load:0x3fff0030,len:1344
2026-04-15 22:51:07,355 - INFO - Received command: load:0x40078000,len:13964
2026-04-15 22:51:07,366 - INFO - Received command: load:0x40080400,len:3600
2026-04-15 22:51:07,377 - INFO - Received command: entry 0x400805f0
2026-04-15 22:51:11,566 - INFO - Received command: Action: PLAY
2026-04-15 22:51:11,668 - INFO - Pressed key: k
2026-04-15 22:51:12,609 - INFO - Received command: Action: PLAY
2026-04-15 22:51:12,710 - INFO - Pressed key: k
2026-04-15 22:51:16,915 - INFO - Received command: Action: DEF
2026-04-15 22:51:17,018 - INFO - Pressed hotkey: ctrl+shift+alt+d
2026-04-15 22:51:17,782 - INFO - Received command: Action: DEF
2026-04-15 22:51:17,887 - INFO - Pressed hotkey: ctrl+shift+alt+d
2026-04-15 22:52:39,938 - INFO - Shutting down...
2026-04-15 22:52:39,938 - INFO - Closing serial connection...
2026-04-15 22:52:39,939 - INFO - Cleanup complete
2026-04-15 22:55:34,618 - INFO - ==================================================
2026-04-15 22:55:34,618 - INFO - Cheap Deck Controller Starting
2026-04-15 22:55:34,618 - INFO - ==================================================
2026-04-15 22:55:34,618 - INFO - Connecting to COM5 at 115200 baud...
2026-04-15 22:55:34,621 - INFO - Serial connection established
2026-04-15 22:55:34,621 - INFO - Initializing audio control...
2026-04-15 22:55:34,627 - INFO - Audio control initialized
2026-04-15 22:55:34,627 - INFO - Starting main loop...
2026-04-15 22:55:34,638 - INFO - Received command: ets Jul 29 2019 12:21:46
2026-04-15 22:55:34,659 - INFO - Received command: rst:0x1 (POWERON_RESET),boot:0x13 (SPI_FAST_FLASH_BOOT)
2026-04-15 22:55:34,670 - INFO - Received command: configsip: 0, SPIWP:0xee
2026-04-15 22:55:34,681 - INFO - Received command: clk_drv:0x00,q_drv:0x00,d_drv:0x00,cs0_drv:0x00,hd_drv:0x00,wp_drv:0x00
2026-04-15 22:55:34,692 - INFO - Received command: mode:DIO, clock div:1
2026-04-15 22:55:34,702 - INFO - Received command: load:0x3fff0030,len:1344
2026-04-15 22:55:34,713 - INFO - Received command: load:0x40078000,len:13964
2026-04-15 22:55:34,724 - INFO - Received command: load:0x40080400,len:3600
2026-04-15 22:55:34,735 - INFO - Received command: entry 0x400805f0
2026-04-15 22:55:40,076 - INFO - Received command: Action: DEF
2026-04-15 22:55:40,180 - INFO - Pressed hotkey: ctrl+shift+alt+d
2026-04-15 22:55:40,514 - INFO - Received command: Action: DEF
2026-04-15 22:55:40,616 - INFO - Pressed hotkey: ctrl+shift+alt+d
2026-04-15 22:56:53,729 - INFO - ==================================================
2026-04-15 22:56:53,729 - INFO - Cheap Deck Controller Starting
2026-04-15 22:56:53,729 - INFO - ==================================================
2026-04-15 22:56:53,729 - INFO - Connecting to COM5 at 115200 baud...
2026-04-15 22:56:53,731 - INFO - Serial connection established
2026-04-15 22:56:53,732 - INFO - Initializing audio control...
2026-04-15 22:56:53,738 - INFO - Audio control initialized
2026-04-15 22:56:53,738 - INFO - Starting main loop...
2026-04-15 22:56:53,738 - INFO - Received command: ets Jul 29 2019 12:21:46
2026-04-15 22:56:53,760 - INFO - Received command: rst:0x1 (POWERON_RESET),boot:0x13 (SPI_FAST_FLASH_BOOT)
2026-04-15 22:56:53,771 - INFO - Received command: configsip: 0, SPIWP:0xee
2026-04-15 22:56:53,782 - INFO - Received command: clk_drv:0x00,q_drv:0x00,d_drv:0x00,cs0_drv:0x00,hd_drv:0x00,wp_drv:0x00
2026-04-15 22:56:53,793 - INFO - Received command: mode:DIO, clock div:1
2026-04-15 22:56:53,804 - INFO - Received command: load:0x3fff0030,len:1344
2026-04-15 22:56:53,815 - INFO - Received command: load:0x40078000,len:13964
2026-04-15 22:56:53,825 - INFO - Received command: load:0x40080400,len:3600
2026-04-15 22:56:53,836 - INFO - Received command: entry 0x400805f0
2026-04-15 23:00:44,990 - INFO - Shutting down...
2026-04-15 23:00:44,990 - INFO - Closing serial connection...
2026-04-15 23:00:44,990 - INFO - Cleanup complete
2026-04-15 23:01:19,645 - INFO - ==================================================
2026-04-15 23:01:19,645 - INFO - Cheap Deck Controller Starting
2026-04-15 23:01:19,645 - INFO - ==================================================
2026-04-15 23:01:19,645 - INFO - Connecting to COM5 at 115200 baud...
2026-04-15 23:01:19,647 - INFO - Serial connection established
2026-04-15 23:01:19,647 - INFO - Initializing audio control...
2026-04-15 23:01:19,653 - INFO - Audio control initialized
2026-04-15 23:01:19,653 - INFO - Starting main loop...
2026-04-15 23:01:19,664 - INFO - Received command: ets Jul 29 2019 12:21:46
2026-04-15 23:01:19,686 - INFO - Received command: rst:0x1 (POWERON_RESET),boot:0x13 (SPI_FAST_FLASH_BOOT)
2026-04-15 23:01:19,696 - INFO - Received command: configsip: 0, SPIWP:0xee
2026-04-15 23:01:19,707 - INFO - Received command: clk_drv:0x00,q_drv:0x00,d_drv:0x00,cs0_drv:0x00,hd_drv:0x00,wp_drv:0x00
2026-04-15 23:01:19,718 - INFO - Received command: mode:DIO, clock div:1
2026-04-15 23:01:19,729 - INFO - Received command: load:0x3fff0030,len:1344
2026-04-15 23:01:19,740 - INFO - Received command: load:0x40078000,len:13964
2026-04-15 23:01:19,751 - INFO - Received command: load:0x40080400,len:3600
2026-04-15 23:01:19,762 - INFO - Received command: entry 0x400805f0
2026-04-15 23:01:21,427 - INFO - Received command: Action: PLAY
2026-04-15 23:01:21,528 - INFO - Pressed key: k
2026-04-15 23:01:21,955 - INFO - Received command: Action: PLAY
2026-04-15 23:01:22,057 - INFO - Pressed key: k
2026-04-15 23:01:25,227 - INFO - Received command: Action: PLAY
2026-04-15 23:01:25,329 - INFO - Pressed key: k
2026-04-15 23:01:31,007 - INFO - Received command: slider_1:36
2026-04-15 23:01:31,007 - INFO - Applying Brave Browser volume: 36%
2026-04-15 23:01:31,012 - INFO - Setting brave.exe volume to 36%
2026-04-15 23:01:31,212 - INFO - Received command: slider_1:25
2026-04-15 23:01:31,212 - INFO - Applying Brave Browser volume: 25%
2026-04-15 23:01:31,215 - INFO - Setting brave.exe volume to 25%
2026-04-15 23:01:31,414 - INFO - Received command: slider_1:28
2026-04-15 23:01:31,414 - INFO - Applying Brave Browser volume: 28%
2026-04-15 23:01:31,422 - INFO - Setting brave.exe volume to 28%
2026-04-15 23:01:32,733 - INFO - Received command: slider_1:81
2026-04-15 23:01:32,734 - INFO - Applying Brave Browser volume: 81%
2026-04-15 23:01:32,738 - INFO - Setting brave.exe volume to 81%
2026-04-15 23:01:32,937 - INFO - Received command: slider_1:77
2026-04-15 23:01:32,937 - INFO - Applying Brave Browser volume: 77%
2026-04-15 23:01:32,940 - INFO - Setting brave.exe volume to 77%
2026-04-15 23:01:33,338 - INFO - Received command: slider_1:100
2026-04-15 23:01:33,338 - INFO - Applying Brave Browser volume: 100%
2026-04-15 23:01:33,342 - INFO - Setting brave.exe volume to 100%
2026-04-15 23:01:33,645 - INFO - Received command: slider_1:100
2026-04-15 23:01:33,645 - INFO - Applying Brave Browser volume: 100%
2026-04-15 23:01:33,648 - INFO - Setting brave.exe volume to 100%
2026-04-15 23:01:34,816 - INFO - Received command: slider_2:39
2026-04-15 23:01:34,816 - INFO - Applying Discord volume: 39%
2026-04-15 23:01:35,455 - INFO - Received command: slider_2:91
2026-04-15 23:01:35,455 - INFO - Applying Discord volume: 91%
2026-04-15 23:01:35,657 - INFO - Received command: slider_2:92
2026-04-15 23:01:35,657 - INFO - Applying Discord volume: 92%
2026-04-15 23:01:36,613 - INFO - Received command: slider_2:94
2026-04-15 23:01:36,613 - INFO - Applying Discord volume: 94%
2026-04-15 23:01:37,742 - INFO - Received command: slider_2:100
2026-04-15 23:01:37,742 - INFO - Applying Discord volume: 100%
2026-04-15 23:01:38,997 - INFO - Received command: slider_3:35
2026-04-15 23:01:38,997 - INFO - Applying system volume: 35% (from slider_3)
2026-04-15 23:01:38,997 - INFO - Setting system volume to 35%
2026-04-15 23:01:39,624 - INFO - Received command: slider_3:81
2026-04-15 23:01:39,624 - INFO - Applying system volume: 81% (from slider_3)
2026-04-15 23:01:39,624 - INFO - Setting system volume to 81%
2026-04-15 23:01:40,251 - INFO - Received command: slider_3:100
2026-04-15 23:01:40,251 - INFO - Applying system volume: 100% (from slider_3)
2026-04-15 23:01:40,251 - INFO - Setting system volume to 100%
2026-04-15 23:02:01,654 - INFO - Received command: Action: F8
2026-04-15 23:02:01,755 - INFO - Pressed hotkey: F8
2026-04-15 23:02:01,821 - INFO - Received command: Action: F8
2026-04-15 23:02:01,923 - INFO - Pressed hotkey: F8
2026-04-15 23:02:02,204 - INFO - Received command: Action: F8
2026-04-15 23:02:02,305 - INFO - Pressed hotkey: F8
2026-04-15 23:02:02,378 - INFO - Received command: Action: F8
2026-04-15 23:02:02,479 - INFO - Pressed hotkey: F8
2026-04-15 23:02:03,487 - INFO - Received command: Action: ytube
2026-04-15 23:02:03,650 - INFO - Received command: Action: ytube
2026-04-16 15:18:37,368 - INFO - ==================================================
2026-04-16 15:18:37,368 - INFO - Cheap Deck Controller Starting
2026-04-16 15:18:37,368 - INFO - ==================================================
2026-04-16 15:18:37,368 - INFO - Connecting to COM5 at 115200 baud...
2026-04-16 15:18:37,413 - INFO - Serial connection established
2026-04-16 15:18:37,413 - INFO - Initializing audio control...
2026-04-16 15:18:37,421 - INFO - Audio control initialized
2026-04-16 15:18:37,421 - INFO - Starting main loop...
2026-04-16 15:18:37,427 - INFO - Received command: ets Jul 29 2019 12:21:46
2026-04-16 15:18:37,449 - INFO - Received command: rst:0x1 (POWERON_RESET),boot:0x13 (SPI_FAST_FLASH_BOOT)
2026-04-16 15:18:37,462 - INFO - Received command: configsip: 0, SPIWP:0xee
2026-04-16 15:18:37,473 - INFO - Received command: clk_drv:0x00,q_drv:0x00,d_drv:0x00,cs0_drv:0x00,hd_drv:0x00,wp_drv:0x00
2026-04-16 15:18:37,485 - INFO - Received command: mode:DIO, clock div:1
2026-04-16 15:18:37,497 - INFO - Received command: load:0x3fff0030,len:1344
2026-04-16 15:18:37,509 - INFO - Received command: load:0x40078000,len:13964
2026-04-16 15:18:37,521 - INFO - Received command: load:0x40080400,len:3600
2026-04-16 15:18:37,533 - INFO - Received command: entry 0x400805f0
2026-04-16 15:18:39,751 - INFO - Received command: Action: PLAY
2026-04-16 15:18:39,854 - INFO - Pressed key: k
2026-04-16 15:18:41,943 - INFO - Received command: Action: PLAY
2026-04-16 15:18:42,046 - INFO - Pressed key: k
2026-04-16 15:18:45,117 - INFO - Received command: Action: DEF
2026-04-16 15:18:45,228 - INFO - Pressed hotkey: ctrl+shift+alt+d
2026-04-16 15:18:45,281 - INFO - Received command: Action: DEF
2026-04-16 15:18:45,386 - INFO - Pressed hotkey: ctrl+shift+alt+d
2026-04-16 15:18:46,445 - INFO - Received command: Action: DEF
2026-04-16 15:18:46,551 - INFO - Pressed hotkey: ctrl+shift+alt+d
2026-04-16 15:18:47,246 - INFO - Received command: Action: NEXT
2026-04-16 15:18:47,350 - INFO - Pressed key: l
2026-04-16 15:18:48,712 - INFO - Received command: Action: DEF
2026-04-16 15:18:48,820 - INFO - Pressed hotkey: ctrl+shift+alt+d
2026-04-16 15:18:59,764 - INFO - Received command: Action: DEF
2026-04-16 15:18:59,871 - INFO - Pressed hotkey: ctrl+shift+alt+d
2026-04-16 15:19:01,142 - INFO - Received command: Action: DEF
2026-04-16 15:19:01,247 - INFO - Pressed hotkey: ctrl+shift+alt+d
2026-04-16 15:19:01,727 - INFO - Received command: Action: DEF
2026-04-16 15:19:01,832 - INFO - Pressed hotkey: ctrl+shift+alt+d
2026-05-02 00:35:08,044 - INFO - ==================================================
2026-05-02 00:35:08,045 - INFO - Cheap Deck Controller Starting
2026-05-02 00:35:08,045 - INFO - ==================================================
2026-05-02 00:35:08,045 - INFO - Connecting to COM5 at 115200 baud...
2026-05-02 00:35:08,045 - ERROR - Failed to connect to serial port: could not open port 'COM5': FileNotFoundError(2, 'The system cannot find the file specified.', None, 2)
2026-05-02 00:36:03,786 - INFO - ==================================================
2026-05-02 00:36:03,786 - INFO - Cheap Deck Controller Starting
2026-05-02 00:36:03,786 - INFO - ==================================================
2026-05-02 00:36:03,786 - INFO - Connecting to COM5 at 115200 baud...
2026-05-02 00:36:03,787 - INFO - Serial connection established
2026-05-02 00:36:03,787 - INFO - Initializing audio control...
2026-05-02 00:36:03,792 - INFO - Audio control initialized
2026-05-02 00:36:03,792 - INFO - Starting main loop...
2026-05-02 00:36:03,793 - INFO - Received command: ets Jul 29 2019 12:21:46
2026-05-02 00:36:03,815 - INFO - Received command: rst:0x1 (POWERON_RESET),boot:0x13 (SPI_FAST_FLASH_BOOT)
2026-05-02 00:36:03,827 - INFO - Received command: configsip: 0, SPIWP:0xee
2026-05-02 00:36:03,837 - INFO - Received command: clk_drv:0x00,q_drv:0x00,d_drv:0x00,cs0_drv:0x00,hd_drv:0x00,wp_drv:0x00
2026-05-02 00:36:03,849 - INFO - Received command: mode:DIO, clock div:1
2026-05-02 00:36:03,860 - INFO - Received command: load:0x3fff0030,len:1344
2026-05-02 00:36:03,871 - INFO - Received command: load:0x40078000,len:13964
2026-05-02 00:36:03,883 - INFO - Received command: load:0x40080400,len:3600
2026-05-02 00:36:03,894 - INFO - Received command: entry 0x400805f0
2026-05-02 00:36:06,009 - INFO - Received command: Action: PLAY
2026-05-02 00:36:06,112 - INFO - Pressed key: k
2026-05-02 00:36:08,400 - INFO - Received command: Action: system_mute
2026-05-02 00:36:08,401 - ERROR - Error handling command 'Action: system_mute': 'CheapDeck' object has no attribute '_toggle_mute'
2026-05-02 00:36:08,927 - INFO - Received command: Action: media_stop
2026-05-02 00:36:08,927 - WARNING - No configuration found for button: media_stop
2026-05-02 00:36:09,713 - INFO - Received command: Action: NEXT
2026-05-02 00:36:09,815 - INFO - Pressed key: l
2026-05-02 00:36:11,179 - INFO - Received command: Action: NEXT
2026-05-02 00:36:11,282 - INFO - Pressed key: l
2026-05-02 00:36:11,585 - INFO - Received command: Action: NEXT
2026-05-02 00:36:11,688 - INFO - Pressed key: l
2026-05-02 00:36:11,994 - INFO - Received command: Action: NEXT
2026-05-02 00:36:12,097 - INFO - Pressed key: l
2026-05-02 00:38:56,319 - INFO - ==================================================
2026-05-02 00:38:56,320 - INFO - Cheap Deck Controller Starting
2026-05-02 00:38:56,320 - INFO - ==================================================
2026-05-02 00:38:56,320 - INFO - Connecting to COM5 at 115200 baud...
2026-05-02 00:38:56,384 - INFO - Serial connection established
2026-05-02 00:38:56,385 - INFO - Initializing audio control...
2026-05-02 00:38:56,396 - INFO - Audio control initialized
2026-05-02 00:38:56,396 - INFO - Starting main loop...
2026-05-02 00:38:56,397 - INFO - Received command: ets Jul 29 2019 12:21:46
2026-05-02 00:38:56,420 - INFO - Received command: rst:0x1 (POWERON_RESET),boot:0x13 (SPI_FAST_FLASH_BOOT)
2026-05-02 00:38:56,431 - INFO - Received command: configsip: 0, SPIWP:0xee
2026-05-02 00:38:56,444 - INFO - Received command: clk_drv:0x00,q_drv:0x00,d_drv:0x00,cs0_drv:0x00,hd_drv:0x00,wp_drv:0x00
2026-05-02 00:38:56,455 - INFO - Received command: mode:DIO, clock div:1
2026-05-02 00:38:56,466 - INFO - Received command: load:0x3fff0030,len:1344
2026-05-02 00:38:56,478 - INFO - Received command: load:0x40078000,len:13964
2026-05-02 00:38:56,489 - INFO - Received command: load:0x40080400,len:3600
2026-05-02 00:38:56,500 - INFO - Received command: entry 0x400805f0
2026-05-29 15:55:01,349 - INFO - ==================================================
2026-05-29 15:55:01,349 - INFO - Cheap Deck Controller Starting
2026-05-29 15:55:01,349 - INFO - ==================================================
2026-05-29 15:55:01,349 - INFO - Connecting to COM5 at 115200 baud...
2026-05-29 15:55:01,349 - ERROR - Failed to connect to serial port: could not open port 'COM5': FileNotFoundError(2, 'The system cannot find the file specified.', None, 2)
2026-05-29 15:58:22,961 - INFO - ==================================================
2026-05-29 15:58:22,961 - INFO - Cheap Deck Controller Starting
2026-05-29 15:58:22,961 - INFO - ==================================================
2026-05-29 15:58:22,961 - INFO - Connecting to COM5 at 115200 baud...
2026-05-29 15:58:22,997 - INFO - Serial connection established
2026-05-29 15:58:22,997 - INFO - Initializing audio control...
2026-05-29 15:58:23,011 - INFO - Audio control initialized
2026-05-29 15:58:23,011 - INFO - Starting main loop...
2026-05-29 15:58:23,020 - INFO - Received command: ets Jul 29 2019 12:21:46
2026-05-29 15:58:23,043 - INFO - Received command: rst:0x1 (POWERON_RESET),boot:0x13 (SPI_FAST_FLASH_BOOT)
2026-05-29 15:58:23,055 - INFO - Received command: configsip: 0, SPIWP:0xee
2026-05-29 15:58:23,067 - INFO - Received command: clk_drv:0x00,q_drv:0x00,d_drv:0x00,cs0_drv:0x00,hd_drv:0x00,wp_drv:0x00
2026-05-29 15:58:23,080 - INFO - Received command: mode:DIO, clock div:1
2026-05-29 15:58:23,093 - INFO - Received command: load:0x3fff0030,len:1344
2026-05-29 15:58:23,105 - INFO - Received command: load:0x40078000,len:13964
2026-05-29 15:58:23,117 - INFO - Received command: load:0x40080400,len:3600
2026-05-29 15:58:23,129 - INFO - Received command: entry 0x400805f0
2026-05-29 15:58:26,498 - INFO - Received command: Action: system_mute
2026-05-29 15:58:26,498 - ERROR - Error handling command 'Action: system_mute': 'CheapDeck' object has no attribute '_toggle_mute'
2026-05-29 15:58:26,859 - INFO - Received command: Action: PLAY
2026-05-29 15:58:26,963 - INFO - Pressed key: k
2026-05-29 15:58:27,258 - INFO - Received command: Action: PLAY
2026-05-29 15:58:27,361 - INFO - Pressed key: k
2026-05-29 15:58:27,426 - INFO - Received command: Action: PLAY
2026-05-29 15:58:27,530 - INFO - Pressed key: k
2026-05-29 15:58:27,708 - INFO - Received command: Action: PLAY
2026-05-29 15:58:27,811 - INFO - Pressed key: k
2026-05-29 15:58:27,864 - INFO - Received command: Action: PLAY
2026-05-29 15:58:27,968 - INFO - Pressed key: k
2026-05-29 15:58:28,157 - INFO - Received command: Action: PLAY
2026-05-29 15:58:28,260 - INFO - Pressed key: k
2026-05-29 15:58:28,523 - INFO - Received command: Action: PLAY
2026-05-29 15:58:28,626 - INFO - Pressed key: k
2026-05-29 15:58:28,848 - INFO - Received command: Action: PLAY
2026-05-29 15:58:28,950 - INFO - Pressed key: k
2026-05-29 15:58:29,215 - INFO - Received command: Action: PLAY
2026-05-29 15:58:29,318 - INFO - Pressed key: k
2026-05-29 15:58:29,592 - INFO - Received command: Action: PLAY
2026-05-29 15:58:29,695 - INFO - Pressed key: k
2026-05-29 15:58:29,917 - INFO - Received command: Action: PLAY
2026-05-29 15:58:30,020 - INFO - Pressed key: k
2026-05-29 15:58:30,244 - INFO - Received command: Action: PLAY
2026-05-29 15:58:30,348 - INFO - Pressed key: k
2026-05-29 15:58:30,759 - INFO - Received command: Action: system_mute
2026-05-29 15:58:30,759 - ERROR - Error handling command 'Action: system_mute': 'CheapDeck' object has no attribute '_toggle_mute'
2026-05-29 15:58:31,025 - INFO - Received command: Action: system_mute
2026-05-29 15:58:31,025 - ERROR - Error handling command 'Action: system_mute': 'CheapDeck' object has no attribute '_toggle_mute'
2026-05-29 15:58:31,269 - INFO - Received command: Action: system_mute
2026-05-29 15:58:31,269 - ERROR - Error handling command 'Action: system_mute': 'CheapDeck' object has no attribute '_toggle_mute'
2026-05-29 15:58:31,556 - INFO - Received command: Action: system_mute
2026-05-29 15:58:31,556 - ERROR - Error handling command 'Action: system_mute': 'CheapDeck' object has no attribute '_toggle_mute'
2026-05-29 15:58:31,757 - INFO - Received command: Action: system_mute
2026-05-29 15:58:31,757 - ERROR - Error handling command 'Action: system_mute': 'CheapDeck' object has no attribute '_toggle_mute'
2026-05-29 15:58:31,971 - INFO - Received command: Action: system_mute
2026-05-29 15:58:31,971 - ERROR - Error handling command 'Action: system_mute': 'CheapDeck' object has no attribute '_toggle_mute'
2026-05-29 15:58:32,259 - INFO - Received command: Action: system_mute
2026-05-29 15:58:32,259 - ERROR - Error handling command 'Action: system_mute': 'CheapDeck' object has no attribute '_toggle_mute'
2026-05-29 15:58:32,494 - INFO - Received command: Action: system_mute
2026-05-29 15:58:32,494 - ERROR - Error handling command 'Action: system_mute': 'CheapDeck' object has no attribute '_toggle_mute'
2026-05-29 15:58:32,718 - INFO - Received command: Action: system_mute
2026-05-29 15:58:32,718 - ERROR - Error handling command 'Action: system_mute': 'CheapDeck' object has no attribute '_toggle_mute'
2026-05-29 15:58:33,185 - INFO - Received command: Action: system_mute
2026-05-29 15:58:33,185 - ERROR - Error handling command 'Action: system_mute': 'CheapDeck' object has no attribute '_toggle_mute'
2026-05-29 15:58:33,388 - INFO - Received command: Action: system_mute
2026-05-29 15:58:33,388 - ERROR - Error handling command 'Action: system_mute': 'CheapDeck' object has no attribute '_toggle_mute'
2026-05-29 15:58:33,847 - INFO - Received command: Action: PLAY
2026-05-29 15:58:33,950 - INFO - Pressed key: k
2026-05-29 15:58:34,120 - INFO - Received command: Action: PLAY
2026-05-29 15:58:34,223 - INFO - Pressed key: k
2026-05-29 15:58:34,425 - INFO - Received command: Action: PLAY
2026-05-29 15:58:34,528 - INFO - Pressed key: k
2026-05-29 15:58:34,668 - INFO - Received command: Action: PLAY
2026-05-29 15:58:34,771 - INFO - Pressed key: k
2026-05-29 15:58:35,112 - INFO - Received command: Action: PLAY
2026-05-29 15:58:35,215 - INFO - Pressed key: k
2026-05-29 15:58:37,782 - INFO - Received command: Action: BACK
2026-05-29 15:58:37,885 - INFO - Pressed key: j
2026-05-29 15:58:38,036 - INFO - Received command: Action: BACK
2026-05-29 15:58:38,139 - INFO - Pressed key: j
2026-05-29 15:58:38,235 - INFO - Received command: Action: BACK
2026-05-29 15:58:38,337 - INFO - Pressed key: j
2026-05-29 15:58:38,433 - INFO - Received command: Action: BACK
2026-05-29 15:58:38,536 - INFO - Pressed key: j
2026-05-29 15:58:38,642 - INFO - Received command: Action: BACK
2026-05-29 15:58:38,745 - INFO - Pressed key: j
2026-05-29 15:58:38,872 - INFO - Received command: Action: BACK
2026-05-29 15:58:38,973 - INFO - Pressed key: j
2026-05-29 15:58:39,121 - INFO - Received command: Action: BACK
2026-05-29 15:58:39,223 - INFO - Pressed key: j
2026-05-29 15:58:39,338 - INFO - Received command: Action: BACK
2026-05-29 15:58:39,440 - INFO - Pressed key: j
2026-05-29 15:58:39,546 - INFO - Received command: Action: BACK
2026-05-29 15:58:39,647 - INFO - Pressed key: j
2026-05-29 15:58:39,764 - INFO - Received command: Action: BACK
2026-05-29 15:58:39,867 - INFO - Pressed key: j
2026-05-29 15:58:39,963 - INFO - Received command: Action: BACK
2026-05-29 15:58:40,067 - INFO - Pressed key: j
2026-05-29 15:58:40,173 - INFO - Received command: Action: BACK
2026-05-29 15:58:40,276 - INFO - Pressed key: j
2026-05-29 15:58:40,362 - INFO - Received command: Action: BACK
2026-05-29 15:58:40,465 - INFO - Pressed key: j
2026-05-29 15:58:40,584 - INFO - Received command: Action: BACK
2026-05-29 15:58:40,687 - INFO - Pressed key: j
2026-05-29 15:58:41,258 - INFO - Received command: Action: MUTE
2026-05-29 15:58:41,361 - INFO - Pressed key: f13
2026-05-29 15:58:41,487 - INFO - Received command: Action: MUTE
2026-05-29 15:58:41,590 - INFO - Pressed key: f13
2026-05-29 15:58:44,740 - INFO - Received command: Action: DEF
2026-05-29 15:58:44,851 - INFO - Pressed hotkey: ctrl+shift+alt+d
2026-05-29 15:58:46,439 - INFO - Received command: Action: DEF
2026-05-29 15:58:46,547 - INFO - Pressed hotkey: ctrl+shift+alt+d
2026-05-29 15:58:48,230 - INFO - Received command: Action: DEF
2026-05-29 15:58:48,340 - INFO - Pressed hotkey: ctrl+shift+alt+d
2026-05-29 15:58:49,362 - INFO - Received command: Action: DEF
2026-05-29 15:58:49,478 - INFO - Pressed hotkey: ctrl+shift+alt+d
2026-05-29 15:59:06,881 - INFO - ==================================================
2026-05-29 15:59:06,881 - INFO - Cheap Deck Controller Starting
2026-05-29 15:59:06,881 - INFO - ==================================================
2026-05-29 15:59:06,881 - INFO - Connecting to COM5 at 115200 baud...
2026-05-29 15:59:06,921 - INFO - Serial connection established
2026-05-29 15:59:06,922 - INFO - Initializing audio control...
2026-05-29 15:59:06,922 - INFO - Audio control initialized
2026-05-29 15:59:06,922 - INFO - Starting main loop...
2026-05-29 15:59:06,922 - INFO - Received command: ets Jul 29 2019 12:21:46
2026-05-29 15:59:06,956 - INFO - Received command: rst:0x1 (POWERON_RESET),boot:0x13 (SPI_FAST_FLASH_BOOT)
2026-05-29 15:59:06,968 - INFO - Received command: configsip: 0, SPIWP:0xee
2026-05-29 15:59:06,980 - INFO - Received command: clk_drv:0x00,q_drv:0x00,d_drv:0x00,cs0_drv:0x00,hd_drv:0x00,wp_drv:0x00
2026-05-29 15:59:06,993 - INFO - Received command: mode:DIO, clock div:1
2026-05-29 15:59:07,004 - INFO - Received command: load:0x3fff0030,len:1344
2026-05-29 15:59:07,016 - INFO - Received command: load:0x40078000,len:13964
2026-05-29 15:59:07,028 - INFO - Received command: load:0x40080400,len:3600
2026-05-29 15:59:07,039 - INFO - Received command: entry 0x400805f0
2026-05-29 15:59:08,394 - INFO - Received command: Action: PLAY
2026-05-29 15:59:08,498 - INFO - Pressed key: k
2026-05-29 15:59:12,902 - INFO - Received command: Action: BACK
2026-05-29 15:59:13,006 - INFO - Pressed key: j
2026-05-29 15:59:13,710 - INFO - Received command: Action: DEF
2026-05-29 15:59:13,820 - INFO - Pressed hotkey: ctrl+shift+alt+d
2026-05-29 15:59:15,971 - INFO - Received command: Action: DEF
2026-05-29 15:59:16,081 - INFO - Pressed hotkey: ctrl+shift+alt+d
2026-05-29 15:59:23,944 - INFO - Received command: Action: PLAY
2026-05-29 15:59:24,048 - INFO - Pressed key: k
2026-05-29 15:59:24,507 - INFO - Received command: Action: PLAY
2026-05-29 15:59:24,610 - INFO - Pressed key: k
2026-05-29 15:59:24,980 - INFO - Received command: Action: system_mute
2026-05-29 15:59:24,980 - ERROR - Error handling command 'Action: system_mute': 'CheapDeck' object has no attribute '_toggle_mute'
2026-05-29 15:59:26,578 - INFO - Received command: Action: NEXT
2026-05-29 15:59:26,681 - INFO - Pressed key: l
2026-05-29 15:59:40,679 - INFO - Received command: Action: MUTE
2026-05-29 15:59:40,783 - INFO - Pressed key: f13
2026-05-29 15:59:42,158 - INFO - Received command: Action: MUTE
2026-05-29 15:59:42,261 - INFO - Pressed key: f13
2026-05-29 16:00:16,416 - INFO - Received command: slider_3:28
2026-05-29 16:00:16,417 - INFO - Applying system volume: 28% (from slider_3)
2026-05-29 16:00:16,417 - INFO - Setting system volume to 28%
2026-05-29 16:00:17,931 - INFO - Received command: slider_3:97
2026-05-29 16:00:17,932 - INFO - Applying system volume: 97% (from slider_3)
2026-05-29 16:00:17,932 - INFO - Setting system volume to 97%
2026-05-29 16:00:19,233 - INFO - Received command: slider_3:100
2026-05-29 16:00:19,234 - INFO - Applying system volume: 100% (from slider_3)
2026-05-29 16:00:19,234 - INFO - Setting system volume to 100%
2026-05-29 16:00:20,411 - INFO - Received command: slider_2:25
2026-05-29 16:00:20,412 - INFO - Applying Discord volume: 25%
2026-05-29 16:00:20,438 - INFO - Setting Discord.exe volume to 25%
2026-05-29 16:00:21,488 - INFO - Received command: slider_2:96
2026-05-29 16:00:21,488 - INFO - Applying Discord volume: 96%
2026-05-29 16:00:21,506 - INFO - Setting Discord.exe volume to 96%
2026-05-29 16:00:22,154 - INFO - Received command: slider_2:100
2026-05-29 16:00:22,154 - INFO - Applying Discord volume: 100%
2026-05-29 16:00:22,174 - INFO - Setting Discord.exe volume to 100%
2026-05-29 16:00:23,274 - INFO - Received command: slider_1:11
2026-05-29 16:00:23,274 - INFO - Applying Brave Browser volume: 11%
2026-05-29 16:00:23,291 - INFO - Setting brave.exe volume to 11%
2026-05-29 16:00:23,809 - INFO - Received command: slider_1:85
2026-05-29 16:00:23,809 - INFO - Applying Brave Browser volume: 85%
2026-05-29 16:00:23,830 - INFO - Setting brave.exe volume to 85%
2026-05-29 16:00:24,012 - INFO - Received command: slider_3:64
2026-05-29 16:00:24,012 - INFO - Applying system volume: 64% (from slider_3)
2026-05-29 16:00:24,013 - INFO - Setting system volume to 64%
2026-05-29 16:00:25,545 - INFO - Received command: slider_3:100
2026-05-29 16:00:25,547 - INFO - Applying system volume: 100% (from slider_3)
2026-05-29 16:00:25,547 - INFO - Setting system volume to 100%
2026-05-29 16:00:26,233 - INFO - Received command: slider_1:100
2026-05-29 16:00:26,233 - INFO - Applying Brave Browser volume: 100%
2026-05-29 16:00:26,267 - INFO - Setting brave.exe volume to 100%
2026-05-29 16:00:32,936 - INFO - Received command: slider_3:18
2026-05-29 16:00:32,937 - INFO - Applying system volume: 18% (from slider_3)
2026-05-29 16:00:32,937 - INFO - Setting system volume to 18%
2026-05-29 16:00:37,487 - INFO - Received command: slider_3:93
2026-05-29 16:00:37,487 - INFO - Applying system volume: 93% (from slider_3)
2026-05-29 16:00:37,487 - INFO - Setting system volume to 93%
2026-05-29 16:00:38,216 - INFO - Received command: slider_3:99
2026-05-29 16:00:38,216 - INFO - Applying system volume: 99% (from slider_3)
2026-05-29 16:00:38,217 - INFO - Setting system volume to 99%
2026-05-29 16:00:42,969 - INFO - Received command: slider_2:17
2026-05-29 16:00:42,969 - INFO - Applying Discord volume: 17%
2026-05-29 16:00:42,996 - INFO - Setting Discord.exe volume to 17%
2026-05-29 16:00:44,225 - INFO - Received command: slider_2:94
2026-05-29 16:00:44,225 - INFO - Applying Discord volume: 94%
2026-05-29 16:00:44,244 - INFO - Setting Discord.exe volume to 94%
2026-05-29 16:00:45,509 - INFO - Received command: slider_2:100
2026-05-29 16:00:45,510 - INFO - Applying Discord volume: 100%
2026-05-29 16:00:45,531 - INFO - Setting Discord.exe volume to 100%
2026-05-29 16:09:29,373 - INFO - Received command: Action: ytube
2026-05-29 16:09:29,537 - INFO - Received command: Action: ytube
2026-05-29 16:09:30,659 - INFO - Received command: Action: ytube
2026-05-29 16:09:30,818 - INFO - Received command: Action: ytube
2026-05-29 16:09:36,759 - INFO - Received command: Action: vscode
2026-05-29 16:09:36,760 - WARNING - No configuration found for button: vscode
2026-05-29 16:09:37,949 - INFO - Received command: Action: vscode
2026-05-29 16:09:37,949 - WARNING - No configuration found for button: vscode
2026-05-29 16:09:38,315 - INFO - Received command: Action: vscode
2026-05-29 16:09:38,316 - WARNING - No configuration found for button: vscode
2026-05-29 16:09:38,600 - INFO - Received command: Action: vscode
2026-05-29 16:09:38,601 - WARNING - No configuration found for button: vscode
2026-05-29 16:09:39,198 - INFO - Received command: Action: chrome
2026-05-29 16:09:39,198 - WARNING - No configuration found for button: chrome
2026-05-29 16:09:39,698 - INFO - Received command: Action: chrome
2026-05-29 16:09:39,699 - WARNING - No configuration found for button: chrome
2026-05-29 16:09:40,347 - INFO - Received command: Action: brave
2026-05-29 16:09:43,882 - INFO - Received command: Action: valo
2026-05-29 16:09:43,882 - WARNING - No configuration found for button: valo
2026-05-29 16:09:45,766 - INFO - Received command: Action: Bitvise
2026-05-29 16:09:45,766 - WARNING - No configuration found for button: Bitvise
2026-05-29 16:09:46,234 - INFO - Received command: Action: uno
2026-05-29 16:09:46,234 - WARNING - No configuration found for button: uno
2026-05-29 16:09:46,721 - INFO - Received command: Action: esp
2026-05-29 16:09:46,722 - WARNING - No configuration found for button: esp
2026-05-29 16:09:47,437 - INFO - Received command: Action: chimera hive
2026-05-29 16:09:47,438 - WARNING - No configuration found for button: chimera hive
2026-05-29 16:09:48,502 - INFO - Received command: Action: esp
2026-05-29 16:09:48,503 - WARNING - No configuration found for button: esp
2026-05-29 16:09:51,701 - INFO - Received command: Action: obs_start
2026-05-29 16:09:51,812 - INFO - Pressed hotkey: ctrl+shift+alt+s+t+a
2026-05-29 16:09:51,864 - INFO - Received command: Action: obs_start
2026-05-29 16:09:51,976 - INFO - Pressed hotkey: ctrl+shift+alt+s+t+a
2026-05-29 16:09:55,598 - INFO - Received command: Action: obs_record
2026-05-29 16:09:55,703 - INFO - Pressed hotkey: ctrl+shift+alt+r+e+c
2026-05-29 16:09:55,767 - INFO - Received command: Action: obs_record
2026-05-29 16:09:55,874 - INFO - Pressed hotkey: ctrl+shift+alt+r+e+c
2026-05-29 16:09:56,714 - INFO - Received command: Action: obs_stop
2026-05-29 16:09:56,820 - INFO - Pressed hotkey: ctrl+shift+alt+o+s
2026-05-29 16:10:21,994 - INFO - Received command: Action: obs_record
2026-05-29 16:10:22,107 - INFO - Pressed hotkey: ctrl+shift+alt+r+e+c
2026-05-29 16:10:22,809 - INFO - Received command: Action: obs_start
2026-05-29 16:10:22,921 - INFO - Pressed hotkey: ctrl+shift+alt+s+t+a
2026-05-29 16:10:22,975 - INFO - Received command: Action: obs_start
2026-05-29 16:10:23,080 - INFO - Pressed hotkey: ctrl+shift+alt+s+t+a
2026-05-29 16:10:23,935 - INFO - Received command: Action: obs_start
2026-05-29 16:10:24,047 - INFO - Pressed hotkey: ctrl+shift+alt+s+t+a
2026-05-29 16:10:25,952 - INFO - Received command: Action: obs_stop
2026-05-29 16:10:26,058 - INFO - Pressed hotkey: ctrl+shift+alt+o+s
2026-05-29 16:10:26,787 - INFO - Received command: Action: obs_stop
2026-05-29 16:10:26,893 - INFO - Pressed hotkey: ctrl+shift+alt+o+s
2026-05-29 16:10:27,217 - INFO - Received command: Action: obs_stop
2026-05-29 16:10:27,326 - INFO - Pressed hotkey: ctrl+shift+alt+o+s
2026-05-29 16:10:27,582 - INFO - Received command: Action: obs_stop
2026-05-29 16:10:27,688 - INFO - Pressed hotkey: ctrl+shift+alt+o+s
2026-05-29 16:10:27,867 - INFO - Received command: Action: obs_stop
2026-05-29 16:10:27,974 - INFO - Pressed hotkey: ctrl+shift+alt+o+s
2026-05-29 16:10:28,122 - INFO - Received command: Action: obs_stop
2026-05-29 16:10:28,228 - INFO - Pressed hotkey: ctrl+shift+alt+o+s
2026-05-29 16:26:33,062 - INFO - ==================================================
2026-05-29 16:26:33,062 - INFO - Cheap Deck Controller Starting
2026-05-29 16:26:33,062 - INFO - ==================================================
2026-05-29 16:26:33,062 - INFO - Connecting to COM5 at 115200 baud...
2026-05-29 16:26:33,102 - INFO - Serial connection established
2026-05-29 16:26:33,102 - INFO - Initializing audio control...
2026-05-29 16:26:33,120 - INFO - Audio control initialized
2026-05-29 16:26:33,120 - INFO - Starting main loop...
2026-05-29 16:26:33,120 - INFO - Received command: ets Jul 29 2019 12:21:46
2026-05-29 16:26:33,145 - INFO - Received command: rst:0x1 (POWERON_RESET),boot:0x13 (SPI_FAST_FLASH_BOOT)
2026-05-29 16:26:33,158 - INFO - Received command: configsip: 0, SPIWP:0xee
2026-05-29 16:26:33,170 - INFO - Received command: clk_drv:0x00,q_drv:0x00,d_drv:0x00,cs0_drv:0x00,hd_drv:0x00,wp_drv:0x00
2026-05-29 16:26:33,182 - INFO - Received command: mode:DIO, clock div:1
2026-05-29 16:26:33,194 - INFO - Received command: load:0x3fff0030,len:1344
2026-05-29 16:26:33,205 - INFO - Received command: load:0x40078000,len:13964
2026-05-29 16:26:33,217 - INFO - Received command: load:0x40080400,len:3600
2026-05-29 16:26:33,228 - INFO - Received command: entry 0x400805f0
2026-05-29 16:26:34,799 - INFO - Received command: Action: PLAY
2026-05-29 16:26:34,902 - INFO - Pressed key: k
2026-05-29 16:26:37,935 - INFO - Received command: Action: DEF
2026-05-29 16:26:38,041 - INFO - Pressed hotkey: ctrl+shift+alt+d
2026-05-29 16:26:38,667 - INFO - Received command: Action: DEF
2026-05-29 16:26:38,774 - INFO - Pressed hotkey: ctrl+shift+alt+d
2026-05-29 16:26:39,551 - INFO - Received command: Action: DEF
2026-05-29 16:26:39,653 - INFO - Pressed hotkey: ctrl+shift+alt+d
2026-05-29 16:26:40,124 - INFO - Received command: Action: DEF
2026-05-29 16:26:40,228 - INFO - Pressed hotkey: ctrl+shift+alt+d
2026-05-29 16:27:12,656 - INFO - Shutting down...
2026-05-29 16:27:12,656 - INFO - Closing serial connection...
2026-05-29 16:27:12,656 - INFO - Cleanup complete
2026-05-29 16:28:02,132 - INFO - ==================================================
2026-05-29 16:28:02,132 - INFO - Cheap Deck Controller Starting
2026-05-29 16:28:02,132 - INFO - ==================================================
2026-05-29 16:28:02,132 - INFO - Connecting to COM5 at 115200 baud...
2026-05-29 16:28:02,170 - INFO - Serial connection established
2026-05-29 16:28:02,170 - INFO - Initializing audio control...
2026-05-29 16:28:02,178 - INFO - Audio control initialized
2026-05-29 16:28:02,185 - INFO - Starting main loop...
2026-05-29 16:28:02,185 - INFO - Received command: ets Jul 29 2019 12:21:46
2026-05-29 16:28:02,208 - INFO - Received command: rst:0x1 (POWERON_RESET),boot:0x13 (SPI_FAST_FLASH_BOOT)
2026-05-29 16:28:02,220 - INFO - Received command: configsip: 0, SPIWP:0xee
2026-05-29 16:28:02,232 - INFO - Received command: clk_drv:0x00,q_drv:0x00,d_drv:0x00,cs0_drv:0x00,hd_drv:0x00,wp_drv:0x00
2026-05-29 16:28:02,244 - INFO - Received command: mode:DIO, clock div:1
2026-05-29 16:28:02,256 - INFO - Received command: load:0x3fff0030,len:1344
2026-05-29 16:28:02,267 - INFO - Received command: load:0x40078000,len:13964
2026-05-29 16:28:02,281 - INFO - Received command: load:0x40080400,len:3600
2026-05-29 16:28:02,292 - INFO - Received command: entry 0x400805f0
2026-05-29 16:28:04,573 - INFO - Received command: Action: DEF
2026-05-29 16:28:04,679 - INFO - Pressed hotkey: ctrl+shift+alt+d
2026-05-29 16:28:05,691 - INFO - Received command: Action: DEF
2026-05-29 16:28:05,797 - INFO - Pressed hotkey: ctrl+shift+alt+d
2026-05-29 16:28:07,080 - INFO - Received command: Action: DEF
2026-05-29 16:28:07,189 - INFO - Pressed hotkey: ctrl+shift+alt+d
2026-05-29 16:28:07,768 - INFO - Received command: Action: DEF
2026-05-29 16:28:07,874 - INFO - Pressed hotkey: ctrl+shift+alt+d
2026-05-29 16:28:08,495 - INFO - Received command: Action: DEF
2026-05-29 16:28:08,601 - INFO - Pressed hotkey: ctrl+shift+alt+d
2026-05-29 16:28:10,118 - INFO - Received command: Action: DEF
2026-05-29 16:28:10,224 - INFO - Pressed hotkey: ctrl+shift+alt+d
2026-05-29 16:34:48,941 - INFO - ==================================================
2026-05-29 16:34:48,941 - INFO - Cheap Deck Controller Starting
2026-05-29 16:34:48,941 - INFO - ==================================================
2026-05-29 16:34:48,941 - INFO - Connecting to COM5 at 115200 baud...
2026-05-29 16:34:48,981 - INFO - Serial connection established
2026-05-29 16:34:48,981 - INFO - Initializing audio control...
2026-05-29 16:34:48,991 - INFO - Audio control initialized
2026-05-29 16:34:48,991 - INFO - Starting main loop...
2026-05-29 16:34:48,991 - INFO - Received command: ets Jul 29 2019 12:21:46
2026-05-29 16:34:49,018 - INFO - Received command: rst:0x1 (POWERON_RESET),boot:0x13 (SPI_FAST_FLASH_BOOT)
2026-05-29 16:34:49,031 - INFO - Received command: configsip: 0, SPIWP:0xee
2026-05-29 16:34:49,042 - INFO - Received command: clk_drv:0x00,q_drv:0x00,d_drv:0x00,cs0_drv:0x00,hd_drv:0x00,wp_drv:0x00
2026-05-29 16:34:49,056 - INFO - Received command: mode:DIO, clock div:1
2026-05-29 16:34:49,067 - INFO - Received command: load:0x3fff0030,len:1344
2026-05-29 16:34:49,079 - INFO - Received command: load:0x40078000,len:13964
2026-05-29 16:34:49,090 - INFO - Received command: load:0x40080400,len:3600
2026-05-29 16:34:49,102 - INFO - Received command: entry 0x400805f0
2026-05-29 16:43:19,818 - INFO - ==================================================
2026-05-29 16:43:19,818 - INFO - Cheap Deck Controller Starting
2026-05-29 16:43:19,818 - INFO - ==================================================
2026-05-29 16:43:19,818 - INFO - Connecting to COM5 at 115200 baud...
2026-05-29 16:43:19,857 - INFO - Serial connection established
2026-05-29 16:43:19,857 - INFO - Initializing audio control...
2026-05-29 16:43:19,867 - INFO - Audio control initialized
2026-05-29 16:43:19,867 - INFO - Starting main loop...
2026-05-29 16:43:19,869 - INFO - Received command: ets Jul 29 2019 12:21:46
2026-05-29 16:43:19,891 - INFO - Received command: rst:0x1 (POWERON_RESET),boot:0x13 (SPI_FAST_FLASH_BOOT)
2026-05-29 16:43:19,902 - INFO - Received command: configsip: 0, SPIWP:0xee
2026-05-29 16:43:19,916 - INFO - Received command: clk_drv:0x00,q_drv:0x00,d_drv:0x00,cs0_drv:0x00,hd_drv:0x00,wp_drv:0x00
2026-05-29 16:43:19,928 - INFO - Received command: mode:DIO, clock div:1
2026-05-29 16:43:19,940 - INFO - Received command: load:0x3fff0030,len:1344
2026-05-29 16:43:19,951 - INFO - Received command: load:0x40078000,len:13964
2026-05-29 16:43:19,963 - INFO - Received command: load:0x40080400,len:3600
2026-05-29 16:43:19,974 - INFO - Received command: entry 0x400805f0
2026-05-29 16:43:22,757 - INFO - Received command: Action: PLAY
2026-05-29 16:43:22,859 - INFO - Pressed key: k
2026-05-29 16:43:24,759 - INFO - Received command: Action: system_mute
2026-05-29 16:43:24,862 - INFO - Toggled system mute
2026-05-29 16:43:24,925 - INFO - Received command: Action: system_mute
2026-05-29 16:43:25,027 - INFO - Toggled system mute
2026-05-29 16:43:25,550 - INFO - Received command: Action: system_mute
2026-05-29 16:43:25,652 - INFO - Toggled system mute
2026-05-29 16:43:26,872 - INFO - Received command: Action: system_mute
2026-05-29 16:43:26,974 - INFO - Toggled system mute
2026-05-29 16:43:27,583 - INFO - Received command: Action: system_mute
2026-05-29 16:43:27,686 - INFO - Toggled system mute
2026-05-29 16:43:28,559 - INFO - Received command: Action: system_mute
2026-05-29 16:43:28,662 - INFO - Toggled system mute
2026-05-29 16:43:30,287 - INFO - Received command: Action: system_mute
2026-05-29 16:43:30,390 - INFO - Toggled system mute
2026-05-29 16:43:30,907 - INFO - Received command: Action: system_mute
2026-05-29 16:43:31,009 - INFO - Toggled system mute
2026-05-29 16:43:31,924 - INFO - Received command: Action: MUTE
2026-05-29 16:43:32,026 - INFO - Pressed key: f13
2026-05-29 16:43:32,089 - INFO - Received command: Action: MUTE
2026-05-29 16:43:32,190 - INFO - Pressed key: f13
2026-05-29 16:43:34,197 - INFO - Received command: Action: system_mute
2026-05-29 16:43:34,299 - INFO - Toggled system mute
2026-05-29 16:43:35,391 - INFO - Received command: Action: system_mute
2026-05-29 16:43:35,494 - INFO - Toggled system mute
2026-05-29 16:43:45,113 - INFO - Received command: Action: media_stop
2026-05-29 16:43:45,114 - WARNING - No configuration found for button: media_stop
2026-05-29 16:43:46,000 - INFO - Received command: Action: media_stop
2026-05-29 16:43:46,000 - WARNING - No configuration found for button: media_stop
2026-05-29 16:43:46,170 - INFO - Received command: Action: media_stop
2026-05-29 16:43:46,170 - WARNING - No configuration found for button: media_stop
2026-05-29 16:43:46,772 - INFO - Received command: Action: media_stop
2026-05-29 16:43:46,772 - WARNING - No configuration found for button: media_stop
2026-05-29 16:43:47,566 - INFO - Received command: Action: media_stop
2026-05-29 16:43:47,567 - WARNING - No configuration found for button: media_stop
2026-05-29 16:43:49,138 - INFO - Received command: Action: NEXT
2026-05-29 16:43:49,241 - INFO - Pressed key: l
2026-05-29 16:43:49,304 - INFO - Received command: Action: NEXT
2026-05-29 16:43:49,407 - INFO - Pressed key: l
2026-05-29 16:43:49,789 - INFO - Received command: Action: NEXT
2026-05-29 16:43:49,892 - INFO - Pressed key: l
2026-05-29 16:43:51,192 - INFO - Received command: Action: BACK
2026-05-29 16:43:51,294 - INFO - Pressed key: j
2026-05-29 16:43:51,677 - INFO - Received command: Action: BACK
2026-05-29 16:43:51,779 - INFO - Pressed key: j
2026-05-29 16:43:52,358 - INFO - Received command: Action: BACK
2026-05-29 16:43:52,460 - INFO - Pressed key: j
2026-05-29 16:49:08,958 - INFO - Shutting down...
2026-05-29 16:49:08,958 - INFO - Closing serial connection...
2026-05-29 16:49:08,959 - INFO - Cleanup complete
2026-05-29 16:51:41,200 - INFO - ==================================================
2026-05-29 16:51:41,201 - INFO - Cheap Deck Controller Starting
2026-05-29 16:51:41,201 - INFO - ==================================================
2026-05-29 16:51:41,201 - INFO - Connecting to COM5 at 115200 baud...
2026-05-29 16:51:41,236 - INFO - Serial connection established
2026-05-29 16:51:41,236 - INFO - Initializing audio control...
2026-05-29 16:51:41,243 - INFO - Audio control initialized
2026-05-29 16:51:41,243 - INFO - Starting main loop...
2026-05-29 16:51:41,244 - INFO - Received command: ets Jul 29 2019 12:21:46
2026-05-29 16:51:41,267 - INFO - Received command: rst:0x1 (POWERON_RESET),boot:0x13 (SPI_FAST_FLASH_BOOT)
2026-05-29 16:51:41,279 - INFO - Received command: configsip: 0, SPIWP:0xee
2026-05-29 16:51:41,291 - INFO - Received command: clk_drv:0x00,q_drv:0x00,d_drv:0x00,cs0_drv:0x00,hd_drv:0x00,wp_drv:0x00
2026-05-29 16:51:41,303 - INFO - Received command: mode:DIO, clock div:1
2026-05-29 16:51:41,314 - INFO - Received command: load:0x3fff0030,len:1344
2026-05-29 16:51:41,325 - INFO - Received command: load:0x40078000,len:13964
2026-05-29 16:51:41,337 - INFO - Received command: load:0x40080400,len:3600
2026-05-29 16:51:41,348 - INFO - Received command: entry 0x400805f0
2026-05-29 16:51:42,295 - INFO - Received command: Action: PLAY
2026-05-29 16:51:42,397 - INFO - Pressed key: k
2026-05-29 16:51:43,234 - INFO - Received command: Action: system_mute
2026-05-29 16:51:43,338 - INFO - Toggled system mute
2026-05-29 16:51:44,199 - INFO - Received command: Action: system_mute
2026-05-29 16:51:44,301 - INFO - Toggled system mute
2026-05-29 16:51:44,770 - INFO - Received command: Action: media_stop
2026-05-29 16:51:44,771 - WARNING - No configuration found for button: media_stop
2026-05-29 16:51:45,769 - INFO - Received command: Action: media_stop
2026-05-29 16:51:45,769 - WARNING - No configuration found for button: media_stop
2026-05-29 16:51:46,327 - INFO - Received command: Action: media_stop
2026-05-29 16:51:46,328 - WARNING - No configuration found for button: media_stop
2026-05-29 16:51:47,000 - INFO - Received command: Action: NEXT
2026-05-29 16:51:47,103 - INFO - Pressed key: l
2026-05-29 16:51:47,585 - INFO - Received command: Action: NEXT
2026-05-29 16:51:47,688 - INFO - Pressed key: l
2026-05-29 16:51:48,970 - INFO - Received command: Action: media_stop
2026-05-29 16:51:48,970 - WARNING - No configuration found for button: media_stop
2026-05-29 16:51:49,769 - INFO - Received command: Action: media_stop
2026-05-29 16:51:49,769 - WARNING - No configuration found for button: media_stop
2026-05-29 16:51:50,748 - INFO - Received command: Action: NEXT
2026-05-29 16:51:50,851 - INFO - Pressed key: l
2026-05-29 16:51:51,672 - INFO - Received command: Action: BACK
2026-05-29 16:51:51,774 - INFO - Pressed key: j
2026-05-29 16:51:52,255 - INFO - Received command: Action: MUTE
2026-05-29 16:51:52,358 - INFO - Pressed key: f13
2026-05-29 16:51:53,377 - INFO - Received command: Action: MUTE
2026-05-29 16:51:53,478 - INFO - Pressed key: f13
2026-05-29 16:52:16,622 - INFO - Received command: Action: brave
2026-05-29 16:52:16,791 - INFO - Received command: Action: brave
2026-05-29 16:52:28,480 - INFO - Received command: Action: discord
